,timestamp,underlying_future_price,vtexp,strike,adjtheor,implied_vol,IV_binary_search,recalculated_price_Newton_Raphson,recalculated_price_binary_search,moneyness,delta_binary_search,theta_binary_search,vega_binary_search,gamma_binary_search,speed_binary_search,volga_binary_search,vanna_binary_search,veta_binary_search,charm_binary_search,del_F,del_T,del_C,del_IV,pnl_explained,delta_pnl,theta_pnl,vega_pnl,gamma_pnl,speed_pnl,volga_pnl,vanna_pnl,veta_pnl,charm_pnl,pnl_explained,pnl_explained_2nd_order,error,error_2nd_order
0,2025-08-18 14:34:26,111.53125,0.0238839285714285,113.0,0.0142303148051752,5.479247956930241,5.479239970272429,0.014230424211517802,0.01423031480517515,-1.46875,0.04141457109157286,1.5713069537838082,0.013698609022993908,0.10467678742125511,0.21441336799159658,0.007521518049872601,0.028059371803225524,1.1495347424683986,3.2185666412703773,-0.015625,-1.653571428570158e-05,0.0,0.0491192652030259,1.242186116818029e-05,-0.0006471026733058259,-2.598268284290515e-05,0.0006728656095130012,1.277792815200868e-05,-1.363203480984984e-07,9.073591626104675e-06,-2.1535245703639712e-05,-9.336775631531745e-07,8.315827873365177e-07,1.242186116818029e-05,-1.418876851714043e-07,inf,-inf
1,2025-08-18 14:39:27,111.515625,0.0238673928571428,113.0,0.0142303148051752,5.528367232777898,5.528359235475455,0.01423042365989862,0.01423031480517515,-1.484375,0.041107130145612375,1.5763915138420503,0.013611400401080657,0.10315768134764453,0.20991704770929467,0.007436975020054466,0.027698034213806056,1.1464526155989685,3.207821737525559,0.015625,-2.755555555549946e-05,-0.0006739670642871998,-0.0939835940342233,-0.0006676618128805947,0.0006422989085251934,-4.3438343936892516e-05,-0.0012792483295324287,1.2592490398882388e-05,1.334616646507865e-07,3.2845087628232634e-05,-4.067438754838087e-05,2.9690487585021642e-06,-1.381145470320693e-06,-0.0006676618128805947,-0.0006739032095125615,-0.9355429576182184,-0.009474465151482203
3,2025-08-18 14:49:26,111.53125,0.0238398373015873,113.0,0.013556347740888,5.4343852871181,5.434375641441232,0.01355647613636067,0.013556347740888042,-1.46875,0.04002143459265966,1.517162824639759,0.013311157448746492,0.10274551618019095,0.2143424353701428,0.007505149154511223,0.027769055149384887,1.134591577011385,3.165027407288718,-0.015625,-1.6535714285798725e-05,-0.0006577952654253996,-0.0016019556130659751,-0.0006593402678772727,-0.0006253349155103072,-2.5087370993278408e-05,-2.132388339142441e-05,1.2542177268089716e-05,-1.3627525035231451e-07,9.630088737602723e-09,6.95074902595246e-07,3.005474124615862e-08,8.177498267757586e-07,-0.0006593402678772727,-0.0006577877583179179,0.23487588510899826,-0.0011412528907350783
5,2025-08-18 14:59:26,111.515625,0.0238233015873015,113.0,0.0128985524754626,5.43278542038126,5.432773685828166,0.012898703284989238,0.012898552475462552,-1.484375,0.038347353620790926,1.4653805487552658,0.012851705140682809,0.09929724297460034,0.209621413488285,0.007412781945396019,0.027130588087059947,1.1149519229679072,3.0934911456392715,0.015625,-2.4801587301500477e-05,0.0012365056957860995,0.049312220139674956,0.0012088342689682997,0.0005991774003248582,-3.63437636098744e-05,0.000633746113067543,1.2121245480297893e-05,1.332737054750347e-07,9.01281260059098e-06,2.090421144168661e-05,-1.3636099868639602e-06,-1.1988045424217362e-06,0.0012088342689682997,0.0012361888784812917,-2.2378729764126026,-0.025621985073542852
6,2025-08-18 15:04:26,111.53125,0.0237985,113.0,0.0141350581712487,5.482094054578778,5.482085905967841,0.014135169170079287,0.014135058171248632,-1.46875,0.04121920511834571,1.5689174882622627,0.013621779550649927,0.10440911776479408,0.2144100052397332,0.007494497373618628,0.02797309169309119,1.149384582534143,3.2218604474450343,0.015625,-1.9289682539700564e-05,0.0006504338278575002,0.0017607518186082416,0.0006506523046545919,0.0006440500799741517,-3.0263920279563436e-05,2.3984573116487417e-05,1.2745253633397715e-05,1.3631821011844203e-07,1.1617396374871909e-08,7.69588626104772e-07,-3.9038092903701144e-08,-9.710728940380051e-07,0.0006506523046545919,0.0006504233996901298,0.03358939645119463,-0.0016032633795792783
8,2025-08-18 15:14:26,111.546875,0.0237792103174603,113.0,0.0147854919991062,5.48385343389949,5.483846657786449,0.01478558723312385,0.014785491999106108,-1.453125,0.042863753514906,1.620572819629392,0.014054347000388946,0.10777745933405188,0.21900946461579893,0.0075676891752664375,0.028559172122805364,1.1681294973565357,3.293089183869943,-0.015625,-1.653571428569811e-05,-0.0006912680166807003,-0.0006322710047603763,-0.0006924124482204251,-0.0006697461486704062,-2.6797329124559804e-05,-8.8861560991869e-06,1.3156428141363754e-05,-1.3924246763598055e-07,1.512654774498161e-09,2.821427570814168e-07,1.221285543875672e-08,8.508372165905648e-07,-0.0006924124482204251,-0.0006912657427365397,0.16555540139409075,-0.0003289526067651316
9,2025-08-18 15:19:26,111.53125,0.0237626746031746,113.0,0.0140942239824255,5.483222606642835,5.483214386781689,0.01409433568282309,0.014094223982425505,-1.46875,0.041135303907092205,1.567830701726074,0.01358905494842433,0.10429385179434687,0.21440791454091274,0.00748314246132206,0.02793645916749485,1.1492967492679733,3.223155587092088,0.015625,-5.5079365080014375e-06,0.0,-0.04670186999720283,1.233683396300684e-05,0.0006427391235483157,-8.635511960402555e-06,-0.0006346342775861588,1.2731183080364609e-05,1.3631688088792974e-07,8.160608788690691e-06,-2.0385701315976713e-05,2.956346771187975e-07,-2.773896301423956e-07,1.233683396300684e-05,1.299864826972211e-07,inf,inf
10,2025-08-18 15:24:26,111.546875,0.0237571666666666,113.0,0.0140942239824255,5.43652070927187,5.436512516784486,0.014094335979487282,0.014094223982425415,-1.453125,0.04144623181048429,1.5641759942340692,0.013670672025968895,0.1058460919216881,0.21904955391162567,0.0075620577926559995,0.02829159352596783,1.1529551195440897,3.237077983283012,0.0,-2.2047619047598638e-05,0.0,0.00252440981070734,2.4022137046663305e-08,0.0,-3.44863564442716e-05,3.4510378581318265e-05,0.0,0.0,2.40951544841843e-08,0.0,-6.417028345628011e-08,-0.0,2.4022137046663305e-08,-1.6052991925432506e-08,inf,-inf
11,2025-08-18 15:29:26,111.546875,0.023735119047619,113.0,0.0140942239824255,5.439045105057451,5.439036926595193,0.01409433573586144,0.014094223982425436,-1.453125,0.041446231810484346,1.5656289617281494,0.013664327083096294,0.10584609192168817,0.21904955391162573,0.0075550398947825835,0.028278462602750857,1.1534904868785891,3.240084914154505,0.0,-1.653571428570158e-05,-5.6540912197500584e-05,-0.0022484194275467217,-5.661193166654283e-05,0.0,-2.5888793188556293e-05,-3.0723138477986535e-05,0.0,0.0,1.9096836272836303e-08,-0.0,4.288587801950676e-08,-0.0,-5.661193166654283e-05,-5.654994895225049e-05,0.1256072218894566,0.015982682978910034
12,2025-08-18 15:34:26,111.546875,0.0237185833333333,113.0,0.014037683070228,5.436796806686848,5.4367885071676465,0.014037796178659648,0.014037683070228069,-1.453125,0.04132913066795712,1.5619414328168149,0.013628279999198164,0.10568415096506527,0.2190479601300638,0.007549721539996371,0.0282468743576556,1.1525671354774534,3.237383104059279,0.0,-2.753968253998984e-06,0.0,0.00031566065168142643,3.7462526064706406e-10,0.0,-4.301537120583195e-06,4.301911745843842e-06,0.0,0.0,3.7613334439358876e-10,0.0,-1.0019489865406923e-09,-0.0,3.7462526064706406e-10,-2.511903815000395e-10,inf,-inf
13,2025-08-18 15:39:26,111.546875,0.0237158293650793,113.0,0.014037683070228,5.437112465561098,5.437104167819328,0.014037796147870797,0.014037683070228006,-1.453125,0.04132913066795697,1.5621228111297647,0.0136274887854172,0.10568415096506507,0.21904796013006386,0.00754884494070056,0.028245234435650655,1.1526340536760573,3.2377590407451615,0.0,-2.480158730160109e-05,0.0,0.002845244640472089,3.041415374440532e-08,0.0,-3.8743125276057375e-05,3.877353942980178e-05,0.0,0.0,3.055552407372879e-08,0.0,-8.13374470151102e-08,-0.0,3.041415374440532e-08,-2.0367769196976086e-08,inf,-inf
14,2025-08-18 15:44:27,111.546875,0.0236910277777777,113.0,0.014037683070228,5.439957694197428,5.4399494124598,0.01403779587074476,0.01403768307022802,-1.453125,0.04132913066795705,1.5637581612563831,0.013620361230271027,0.10568415096506514,0.21904796013006378,0.007540950494592816,0.02823046139351303,1.1532372287785426,3.2411485755624714,-0.015625,-1.9289682539700564e-05,-0.0006866421968396985,-0.0018586670417812812,-0.0006884861513100128,-0.0006457676666868289,-3.0164398499501512e-05,-2.5315716515860303e-05,1.2900897334602679e-05,-1.392669424248147e-07,1.3025646569036645e-08,8.198598151000239e-07,4.134712643841065e-08,9.768863607281682e-07,-0.0006884861513100128,-0.0006866350323611772,0.2685466286227678,-0.0010434078409837788
16,2025-08-18 15:54:26,111.53125,0.023671738095238,113.0,0.0133510408733883,5.4381008552699726,5.438090745418019,0.013351173801157898,0.013351040873388294,-1.46875,0.03959191129886431,1.510274832923636,0.013148302215044969,0.10213934778183983,0.2142978984240032,0.007450680472346476,0.027586366994882806,1.1335411561852096,3.1686977620953813,-0.015625,-2.4801587301500477e-05,0.0005931490594832996,0.09473726024911588,0.0006018852367857233,-0.0006186236140447548,-3.745721311801461e-05,0.001245634128780742,1.246818210227537e-05,-1.3624693452453816e-07,3.343548175634286e-05,-4.083526295815364e-05,-2.6634073292714774e-06,1.2279489715418404e-06,0.0006018852367857233,0.0005930499972261829,1.47284686079312,-0.01670107294834411
18,2025-08-18 16:04:26,111.515625,0.0236469365079365,113.0,0.0139441899328716,5.532836526164654,5.532828005667135,0.013944304038687093,0.013944189932871581,-1.484375,0.04052265955750597,1.566693696003209,0.013391887952716197,0.10235751927644833,0.209891164994944,0.007367373280627582,0.027460991471333077,1.1450594699613779,3.2126136640360197,0.03125,-1.6535714285798725e-05,0.0006314543546323999,-0.04678032630257878,0.0006649966427360697,0.0012663331111720615,-2.5906399330471067e-05,-0.0006264768882356374,4.9979257459203286e-05,1.0675616709134116e-06,8.061375898344957e-06,-4.014481692566545e-05,8.857562986338619e-07,-1.6600894268485186e-06,0.0006649966427360697,0.0006321388685805346,5.311910173332546,0.10840275993238002
19,2025-08-18 16:09:26,111.546875,0.0236304007936507,113.0,0.014575644287504,5.486054772442451,5.486047679364556,0.014575742861607684,0.01457564428750395,-1.453125,0.04243616457015104,1.6131909186447229,0.013897198927978622,0.1072004500641209,0.21903289331764533,0.007521135315879176,0.028394877898230197,1.1671089787157785,3.2960857363299856,0.0,-1.653571428570158e-05,0.0,0.0019204785242790123,1.400796981865628e-08,0.0,-2.66752641189976e-05,2.6689272088816255e-05,0.0,0.0,1.3869867643384328e-08,0.0,-3.706327780643966e-08,-0.0,1.400796981865628e-08,-9.18544034439905e-09,inf,-inf
20,2025-08-18 16:14:25,111.546875,0.023613865079365,113.0,0.014575644287504,5.487975241700089,5.487968157888835,0.01457574269837645,0.014575644287503943,-1.453125,0.04243616457015101,1.6143205627766473,0.013892335694205938,0.10720045006412086,0.21903289331764533,0.007515872292802526,0.028384941296625697,1.1675175438359007,3.29839383505986,0.015625,-1.1019841269797881e-05,0.0,-0.04649359882912929,1.25960822849071e-05,0.0006630650714086095,-1.778955636036944e-05,-0.0006459046825660042,1.3085992439467879e-05,1.39257363203459e-07,8.123360453737848e-06,-2.0620594897401566e-05,5.98180041038542e-07,-5.67934007931868e-07,1.25960822849071e-05,1.290938743500556e-07,inf,inf
21,2025-08-18 16:19:26,111.5625,0.0236028452380952,113.0,0.014575644287504,5.441481614384868,5.441474559059706,0.014575742882478461,0.014575644287503985,-1.4375,0.04275920208790375,1.6108650571951635,0.01397452041051273,0.10880677810833947,0.2238031727872987,0.007593437998446606,0.02874399978041353,1.1713422584666224,3.313366290227826,-0.015625,-1.653571428570158e-05,0.0006450769186443998,0.09559025477202532,0.0006542184165762756,-0.0006681125326234961,-2.6636804338599557e-05,0.0013358279663577798,1.3282077405803158e-05,-1.4229022521165128e-07,3.469250773392461e-05,-4.293197284651202e-05,-1.8514858205087782e-06,8.560762234231611e-07,0.0006542184165762756,0.0006449835418666025,1.4171175045428974,-0.014475293581039939
22,2025-08-18 16:24:26,111.546875,0.0235863095238095,113.0,0.0152207212061484,5.537070748799351,5.537064813831731,0.015220805653002198,0.015220721206148494,-1.453125,0.04374322296160182,1.6701445385658065,0.014228674346635602,0.10894939905055195,0.2189316780620477,0.007503632813601216,0.02859224170536222,1.1823972613951224,3.3561226552953975,0.0,-1.653571428569811e-05,-0.0006974260123514004,-0.047741540386809334,-0.0007069158638762047,0.0,-2.7617032905543287e-05,-0.0006792988309706615,0.0,0.0,8.551345098093404e-06,-0.0,9.334322514123911e-07,-0.0,-0.0007069158638762047,-0.000697431086526699,1.360696526475813,0.0007275575055532002
23,2025-08-18 16:29:26,111.546875,0.0235697738095238,113.0,0.014523295193797,5.4893304352052805,5.4893232734449215,0.014523394391788957,0.014523295193797005,-1.453125,0.04232913090343782,1.6129304878422859,0.013851035865508315,0.10705526512066323,0.21903724870555666,0.007501987998907584,0.0283395009510592,1.1674247201044325,3.300088566518296,0.015625,-1.9289682539700564e-05,0.0,-0.04555693070702116,1.2476601952040912e-05,0.0006613926703662159,-3.1112917069082054e-05,-0.0006310106811454272,1.306826966804971e-05,1.3926013228451833e-07,7.784940238114441e-06,-2.0172823142171316e-05,1.0259080138631051e-06,-9.946509500161476e-07,1.2476601952040912e-05,1.199761118309952e-07,inf,inf
24,2025-08-18 16:34:26,111.5625,0.0235504841269841,113.0,0.014523295193797,5.443773471248702,5.4437663427379,0.014523394498193835,0.014523295193797088,-1.4375,0.04265145172520338,1.6100466691019233,0.013930567969718633,0.1086599518164578,0.22380952722863567,0.007576807657794589,0.02869312731332241,1.1714608112747449,3.3162520119318044,0.0,-5.511904761900527e-06,0.0,0.0006371586567954779,1.5580736790595044e-09,0.0,-8.874423902304973e-06,8.875981975984033e-06,0.0,0.0,1.5379826739680586e-09,0.0,-4.1141209739392845e-09,-0.0,1.5580736790595044e-09,-1.0180646209117216e-09,inf,-inf
25,2025-08-18 16:39:26,111.5625,0.0235449722222222,113.0,0.014523295193797,5.444410626813578,5.444403501394696,0.014523394443504818,0.01452329519379697,-1.4375,0.04265145172520321,1.6104235828573692,0.01392893767505476,0.10865995181645757,0.22380952722863567,0.007575034333646182,0.028689769356026653,1.1715979234044733,3.31702835029753,0.0,-4.133333333340011e-05,0.0006067678000790007,0.0478806009679662,0.0006003617319687557,0.0,-6.656417475821214e-05,0.0006669259067269678,0.0,0.0,8.68307986287427e-06,0.0,-2.318668256841413e-06,-0.0,0.0006003617319687557,0.0006067261435747885,-1.055769292538422,-0.006865312267190227
28,2025-08-18 16:54:27,111.5625,0.0235036388888888,113.0,0.015130062993876,5.4922901240023565,5.492284102362662,0.015130148757291156,0.015130062993875981,-1.4375,0.04389138193514995,1.6640811428275037,0.014242512417011317,0.110331241895253,0.22369963000066728,0.007558023276975972,0.028877085975250145,1.186057269046761,3.3739703237910934,-0.015625,-4.13373015872992e-05,-0.0007226906405436006,0.0011895982088887536,-0.0007243226547599777,-0.000685802842736718,-6.878862406679804e-05,1.6942867261352493e-05,1.3468169176666625e-05,-1.4222439448081163e-07,5.347845262911901e-09,-5.367520274075643e-07,-5.832410518802599e-08,2.1792317003304682e-06,-0.0007243226547599777,-0.0007227331513469799,0.22582473396217662,0.005882296102144302
31,2025-08-18 17:09:26,111.546875,0.0234623015873015,113.0,0.0144073723533324,5.493481033210251,5.493473700571551,0.014407473225964966,0.014407372353332462,-1.453125,0.04209158769759017,1.6104922708711331,0.01375663466242326,0.10673197384365303,0.2190447271433239,0.007468035793579209,0.028232573403495487,1.1674492522725763,3.305193629756688,0.0,-4.409126984120104e-05,0.0,0.005169061306663281,1.0023865128719757e-07,0.0,-7.100864929214777e-05,7.110888794343496e-05,0.0,0.0,9.976995154129804e-08,0.0,-2.660739158394252e-07,-0.0,1.0023865128719757e-07,-6.606531301092957e-08,inf,-inf
34,2025-08-18 17:24:26,111.546875,0.0234182103174603,113.0,0.0144073723533324,5.498650068781887,5.498642761878214,0.01440747277744231,0.014407372353332441,-1.453125,0.04209158769759009,1.6135244688200583,0.013743702582449538,0.10673197384365295,0.21904472714332385,0.0074540015702046075,0.028206033053615076,1.1685477588071185,3.311416572596104,0.0,-4.4091269841298186e-05,-9.933444650299904e-05,-0.0020650023236257198,-9.95231205182616e-05,0.0,-7.11423427502825e-05,-2.8380777767979103e-05,0.0,0.0,1.5892805689312656e-08,-0.0,1.06394607877756e-07,-0.0,-9.95231205182616e-05,-9.940083310469453e-05,0.18993815529728675,0.066831400418077
37,2025-08-18 17:39:26,111.546875,0.023374119047619,113.0,0.0143080379068294,5.496585245224989,5.496577759554588,0.014308140287263113,0.01430803790682944,-1.453125,0.04188745615518551,1.6080979881890178,0.013676827822849767,0.10645296243302517,0.2190487212037157,0.007440103007155081,0.02814286776287231,1.1673580602031834,3.3089901852631987,0.0078125,-4.133730158730267e-05,0.0006219284347395992,0.025736735291892465,0.0006160343120281323,0.00032724575121238677,-6.647443151970413e-05,0.00035199689730947437,3.2486865976875357e-06,1.74084282878014e-08,2.464086016680168e-06,5.658637015373269e-06,-1.2419372847982617e-06,-1.0686306659191358e-06,0.0006160343120281323,0.0006218464671094683,-0.9477171941711937,-0.013179591983969452
40,2025-08-18 17:54:26,111.5546875,0.0233327817460317,113.0,0.014929966341569,5.522320773174731,5.522314494846481,0.014930054498087278,0.014929966341568901,-1.4453125,0.04331999556882351,1.6616299393946423,0.014041376583948025,0.10897378420949927,0.22134769329456633,0.007464543923917897,0.028520862518292778,1.1842337594791252,3.3751049104352675,-0.0078125,-2.753968253998984e-06,-4.711996965059938e-05,0.021052211039120472,-4.410349352036641e-05,-0.00033843746538143367,-4.576076102987101e-06,0.0002956020231250383,3.3256159731902853e-06,-1.7591134174232985e-08,1.6541264728610597e-06,-4.690837630881567e-06,-6.865846382139578e-08,7.261665450980321e-08,-4.410349352036641e-05,-4.71362464876985e-05,-6.401693703541255,0.03454339470041479
41,2025-08-18 17:59:26,111.546875,0.0233300277777777,113.0,0.0148828463719184,5.543373072705439,5.543366705885601,0.01488293533436015,0.01488284637191839,-1.453125,0.04306133345324334,1.6600140232139216,0.013972798599797538,0.10804247749627144,0.21899542132368716,0.0074242615848431415,0.028321998785517374,1.18148601472119,3.3647457818570246,0.03125,-3.858333333330022e-05,0.0006609400437297998,-0.04574558266750728,0.0006962929668529573,0.0013456666704138543,-6.40488743956155e-05,-0.0006391938134434682,5.275511596497629e-05,1.1138683132104855e-06,7.768221438136095e-06,-4.048769802349768e-05,2.085342977553167e-06,-4.05697212760017e-06,0.0006962929668529573,0.0006616018611175486,5.348885040109663,0.10013274184661469
43,2025-08-18 18:09:30,111.578125,0.0232914444444444,113.0,0.0155437864156482,5.497626409589112,5.497621123218094,0.015543862980704232,0.015543786415648284,-1.421875,0.04506781294476047,1.709309680994733,0.014483461330247228,0.11311003454804776,0.22846333797469215,0.007566139751667467,0.02925416771515581,1.2038590217965361,3.452519459594251,0.0,-5.5079365079008236e-06,0.0,0.0006501511693706163,1.6701251351367659e-09,0.0,-9.4147691952592e-06,9.416439320394338e-06,0.0,0.0,1.5990905585709066e-09,0.0,-4.311008757433965e-09,-0.0,1.6701251351367659e-09,-1.0417930637262923e-09,inf,-inf
44,2025-08-18 18:14:30,111.578125,0.0232859365079365,113.0,0.0155437864156482,5.498276558404269,5.498271274387465,0.015543862937557384,0.015543786415648228,-1.421875,0.045067812944760255,1.7097139923777802,0.014481748712071292,0.11311003454804752,0.22846333797469226,0.007564350518824418,0.02925070851309026,1.2040013907108782,3.453336100916325,0.0,-3.858333333339736e-05,0.0,0.004560813494073557,8.209007111159713e-08,0.0,-6.59664648726855e-05,6.60485549437971e-05,0.0,0.0,7.867310218474091e-08,0.0,-2.1186979505053187e-07,-0.0,8.209007111159713e-08,-5.110662175419383e-08,inf,-inf
46,2025-08-18 18:24:32,111.578125,0.0232473531746031,113.0,0.0155437864156482,5.502837355412705,5.502832087881538,0.01554386263559139,0.015543786415648228,-1.421875,0.04506781294476032,1.7125515827209594,0.01446974606436391,0.11311003454804759,0.22846333797469226,0.00755181686541439,0.029226465173666654,1.2050001093108893,3.459067558467351,0.0,-5.511904761900527e-06,0.0,0.0006524717203442165,1.6788837595370614e-09,0.0,-9.43942122379994e-06,9.441100107559478e-06,0.0,0.0,1.607477267957609e-09,0.0,-4.333616581878239e-09,-0.0,1.6788837595370614e-09,-1.0472555543835688e-09,inf,-inf
47,2025-08-18 18:29:32,111.578125,0.0232418412698412,113.0,0.0155437864156482,5.503489824778792,5.503484559601882,0.015543862592493393,0.0155437864156482,-1.421875,0.04506781294476019,1.7129577218522833,0.014468030587559076,0.11311003454804745,0.22846333797469223,0.007550026343498674,0.029223000197649167,1.205142986375241,3.4598878915350197,-0.015625,-3.582142857139897e-05,-0.0007670337814715007,-0.0012250262068569384,-0.0007696067623866821,-0.000704184577261878,-6.136059267915788e-05,-1.7723716631367657e-05,1.3807377264165949e-05,-1.4525307844460312e-07,5.665121524962851e-09,5.593584544547769e-07,5.2884312019365694e-08,1.936533233932342e-06,-0.0007696067623866821,-0.0007670523212647506,0.33544557975599965,0.0024170764962194724
49,2025-08-18 18:39:35,111.5625,0.0232060198412698,113.0,0.0147767526341767,5.502266002369779,5.5022595333950255,0.014776842970177895,0.014776752634176694,-1.4375,0.043171770798588624,1.6555224394943786,0.013964476355723284,0.10936615006508803,0.22377314993512035,0.007464770976173153,0.02857259636052815,1.1858471207135477,3.3873503899831516,0.015625,-1.1023809523801054e-05,0.0,-0.04704499613300328,1.284264979072859e-05,0.0006745589187279472,-1.8250164035364484e-05,-0.0006569587361544176,1.3350360115367191e-05,1.4227113719629945e-07,8.260633733866032e-06,-2.1003088832670476e-05,6.149981951291416e-07,-5.834610232741793e-07,1.284264979072859e-05,1.3173186377910939e-07,inf,inf
50,2025-08-18 18:44:37,111.578125,0.023194996031746,113.0,0.0147767526341767,5.455220979458522,5.455214537262022,0.01477684313216232,0.014776752634176757,-1.421875,0.04350331978228197,1.6519303418876339,0.014047666673082151,0.11101919049295063,0.22868701330779548,0.007542185739420947,0.028936609257789514,1.1897373874512158,3.4027902239369694,0.0,-4.4091269841301656e-05,0.0,0.005192300809802042,1.0400457927224821e-07,0.0,-7.283570646320136e-05,7.293971104247361e-05,0.0,0.0,1.0166861738095693e-07,0.0,-2.7237269072200915e-07,-0.0,1.0400457927224821e-07,-6.669949406880401e-08,inf,-inf
53,2025-08-18 18:59:38,111.578125,0.0231509047619047,113.0,0.0147767526341767,5.4604132574823465,5.460406838071824,0.014776842726321002,0.014776752634176653,-1.421875,0.0435033197822818,1.6550764697479532,0.014034308746977768,0.11101919049295036,0.22868701330779545,0.007527848830452526,0.02890909343632454,1.1908697855188106,3.409270892555314,0.0,-3.031349206349815e-05,0.0005762186628003995,0.04422055292454363,0.000570433745274929,0.0,-5.0171147430187116e-05,0.0006206048927051161,0.0,0.0,7.360193477987055e-06,0.0,-1.5963363918978613e-06,-0.0,0.000570433745274929,0.0005761976023610182,-1.0039448388144967,-0.003654938782948758
56,2025-08-18 19:14:38,111.578125,0.0231205912698412,113.0,0.0153529712969771,5.50463287413894,5.504627390996368,0.015353049873637295,0.015352971296977047,-1.421875,0.04468147036144773,1.7059346806164601,0.014330567968358346,0.11259952026772653,0.22852997314996043,0.007512829332684839,0.029085064529988873,1.2042489192214927,3.462334527091298,0.0,-1.3777777777800038e-05,-0.0007386087232958988,-0.0506315343997672,-0.0007490826339911134,0.0,-2.350398893297587e-05,-0.0007255786450581375,0.0,0.0,9.629765366280338e-06,-0.0,8.400720390959394e-07,-0.0,-0.0007490826339911134,-0.0007386127965857371,1.418059435918484,0.0005514814149565339
57,2025-08-18 19:19:36,111.578125,0.0231068134920634,113.0,0.0146143625736812,5.454002544707702,5.453995856596601,0.014614455763574202,0.014614362573681296,-1.421875,0.04316810274702735,1.6444069341974143,0.013933638870516594,0.11056296779800871,0.22871857673931228,0.007514548938040292,0.028824136279394556,1.1883498705185735,3.401739488912873,0.0,-2.7559523809499165e-05,0.0013693786018507004,0.09911736654362979,0.001335746519160042,0.0,-4.531907205551917e-05,0.0013810655912155612,0.0,0.0,3.691241253391111e-05,0.0,-3.2461290946576e-06,-0.0,0.001335746519160042,0.0013694128025992956,-2.4560105324564763,0.002497537828394236
59,2025-08-18 19:29:39,111.578125,0.0230792539682539,113.0,0.0159837411755319,5.553117856440616,5.5531132231402305,0.015983809026804865,0.01598374117553182,-1.421875,0.04595159021938224,1.761780485421567,0.014644246434566603,0.11426381865420346,0.22828392402437833,0.0074913228438744815,0.02925725815780702,1.2185058159822686,3.5198032694736487,0.0,-1.6531746031701877e-05,0.0,0.0019899258005802167,1.5656261601135218e-08,0.0,-2.9125307548597798e-05,2.9140963810198933e-05,0.0,0.0,1.4832087672536844e-08,0.0,-4.0085122413820604e-08,-0.0,1.5656261601135218e-08,-9.596773140148541e-09,inf,-inf
60,2025-08-18 19:34:38,111.578125,0.0230627222222222,113.0,0.0159837411755319,5.555107775914268,5.555103148940811,0.015983808909879466,0.015983741175531932,-1.421875,0.04595159021938247,1.7630433592171317,0.014639000633898563,0.11426381865420376,0.2282839240243783,0.00748595678451802,0.02924677774523842,1.2189424604488859,3.5223263234814124,-0.015625,-2.480158730160109e-05,-0.001455086986993601,-0.05072271029673292,-0.0014904465781144743,-0.0007179935971778511,-4.372627379013175e-05,-0.0007425297881869264,1.3948220050561983e-05,-1.451390101269902e-07,9.629909878792578e-06,2.3179309916947875e-05,1.5334341589724714e-06,1.3649888096336228e-06,-0.0014904465781144743,-0.0014547389353501278,2.4300671669073903,-0.023919645119796495
62,2025-08-18 19:44:27,111.5625,0.0230379206349206,113.0,0.0145286541885383,5.504387270551979,5.504380438644078,0.01452874833937716,0.014528654188538291,-1.4375,0.042662488996194584,1.6463287490796035,0.013781020946156481,0.10867500584228798,0.22380890487083085,0.0074118819449663755,0.028381090776634532,1.1845435142015088,3.3905039298879283,0.0,-1.9293650793700268e-05,0.0,0.0023063354286261273,1.9964874388185962e-08,0.0,-3.176369197637126e-05,3.178365685075944e-05,0.0,0.0,1.9712578625029033e-08,0.0,-5.2709379455734256e-08,-0.0,1.9964874388185962e-08,-1.303192644251926e-08,inf,-inf
63,2025-08-18 19:49:27,111.5625,0.0230186269841269,113.0,0.0145286541885383,5.506693595255813,5.506686774072704,0.014528748152207102,0.014528654188538222,-1.4375,0.042662488996194445,1.6477086616173124,0.01377524911671438,0.10867500584228777,0.22380890487083083,0.007405674689362171,0.028369204079996966,1.185039837939303,3.3933457674520406,-0.015625,-2.4801587301597622e-05,0.0,0.051351158428971644,1.3031517061248485e-05,-0.0006666013905655382,-4.0865790218700346e-05,0.0007073749997909518,1.3265991924107394e-05,-1.4229386957221403e-07,9.764165358250084e-06,-2.276236708149614e-05,-1.5092551702055892e-06,1.315005645249509e-06,1.3031517061248485e-05,-1.6093418695365125e-07,inf,-inf
65,2025-08-18 19:59:27,111.546875,0.0229938253968253,113.0,0.0145286541885383,5.558044758662358,5.5580379325016755,0.014528747595328809,0.014528654188538312,-1.453125,0.04234009474291213,1.6537940740459207,0.013683624560583118,0.10707015077047055,0.21903683059849088,0.007318656271215315,0.02799302824626649,1.1820780751523972,3.3832194111516003,0.0,-1.928968253959995e-05,-0.0007129501323106004,-0.050538769929169725,-0.0007234547161386639,0.0,-3.1901162674217465e-05,-0.0006915535534644464,0.0,0.0,9.346536139351912e-06,-0.0,1.1523805242058216e-06,-0.0,-0.0007234547161386639,-0.0007129557994751062,1.4733967148612859,0.0007948893266052082
66,2025-08-18 20:04:27,111.546875,0.0229745357142857,113.0,0.0138157040562277,5.507507496910315,5.507499162572506,0.013815814830200272,0.013815704056227632,-1.453125,0.04086765555751831,1.5931010956780582,0.013291244152283206,0.10504235561400949,0.21903413590319223,0.007312426636716727,0.027714879021481474,1.1657347159591736,3.3219316137626076,0.015625,-2.204365079369955e-05,0.0006105819541346001,-0.00034159490828145067,0.0006118609438556472,0.0006385571180862236,-3.511776423218725e-05,-4.540221327145549e-06,1.2822553175538267e-05,1.3925815321807368e-07,4.26632860962738e-10,-1.4792596183397603e-07,8.777981095130503e-09,-1.1441796945989645e-06,0.0006118609438556472,0.0006105780428131704,0.20947060626117509,-0.000640589097533617
68,2025-08-18 20:14:27,111.5625,0.022952492063492,113.0,0.0144262860103623,5.507164547758963,5.507157567664224,0.01442638164049019,0.01442628601036229,-1.4375,0.04245138331175519,1.643615632505123,0.013700379659376887,0.10838651538148827,0.22381967282021079,0.007384752692085194,0.02829147594681442,1.1843893940258015,3.3940893091236966,0.0,-2.2047619047602107e-05,0.0,0.0026469295033733076,2.6127801663697748e-08,0.0,-3.623781132615653e-05,3.626393912782023e-05,0.0,0.0,2.5869659327312476e-08,0.0,-6.911918055876015e-08,-0.0,2.6127801663697748e-08,-1.7121719567749925e-08,inf,-inf
70,2025-08-18 20:24:27,111.5625,0.0229304444444444,113.0,0.0144262860103623,5.509811464694497,5.509804497167598,0.014426381422446934,0.01442628601036229,-1.4375,0.04245138331175522,1.645195968700261,0.013693797948692518,0.10838651538148827,0.22381967282021076,0.00737765907394275,0.028277884622037633,1.1849586523395523,3.397352725508076,0.0,-1.9289682539700564e-05,0.0,0.002318958154505779,2.0036467451843858e-08,0.0,-3.173530795182318e-05,3.1755344419275025e-05,0.0,0.0,1.9836927700200687e-08,0.0,-5.3005530886403555e-08,-0.0,2.0036467451843858e-08,-1.3132135734359011e-08,inf,-inf
71,2025-08-18 20:29:27,111.5625,0.0229111547619047,113.0,0.0144262860103623,5.512130411856785,5.5121234553221035,0.01442638123184442,0.01442628601036229,-1.4375,0.04245138331175522,1.6465811152928975,0.013688036948476054,0.10838651538148827,0.22381967282021079,0.007371452796442667,0.02826598807587571,1.1854573759387306,3.400213072628571,0.0,-2.4801587301597622e-05,-8.417965962329889e-05,-0.0031775328490422083,-8.433201232278491e-05,0.0,-4.083782528009878e-05,-4.349418704268613e-05,0.0,0.0,3.721372903566756e-08,-0.0,9.342335697386563e-08,-0.0,-8.433201232278491e-05,-8.420137523677538e-05,0.18098516930076247,0.025796746593731434
73,2025-08-18 20:39:27,111.5625,0.0228863531746031,113.0,0.014342106350739,5.508953029963553,5.508945922473061,0.014342203263272499,0.014342106350738959,-1.4375,0.042277356759025136,1.641061075103773,0.013635241251037156,0.10814780807326317,0.22382673571105102,0.007363705477389888,0.028220003661884922,1.1841444572118185,3.396401185441635,0.0,-1.9289682539700564e-05,0.0,0.0023230664734397166,2.002464053514635e-08,0.0,-3.165554716701149e-05,3.1675571807546636e-05,0.0,0.0,1.986962581102108e-08,0.0,-5.3062951616015204e-08,-0.0,2.002464053514635e-08,-1.3168685269847772e-08,inf,-inf
74,2025-08-18 20:44:39,111.5625,0.0228670634920634,113.0,0.014342106350739,5.511276085209024,5.511268988946501,0.014342203069390588,0.014342106350739028,-1.4375,0.04227735675902531,1.6424454044549444,0.013629493832090491,0.1081478080732634,0.22382673571105105,0.00735749900404348,0.028208108589349284,1.1846437988875174,3.399266245079377,0.015625,-2.4801587301500477e-05,-4.5949280817600066e-05,-0.048893165534933836,-3.319670988271886e-05,0.0006605836993597705,-4.073525308653756e-05,-0.0006663890980897601,1.3201636727693285e-05,1.4230520611511933e-07,8.79420385309451e-06,-2.154974566697568e-05,1.4365323749686877e-06,-1.3172999771621857e-06,-3.319670988271886e-05,-4.583301929879352e-05,-27.75358113983051,-0.25302141129924793
76,2025-08-18 20:54:41,111.578125,0.0228422619047619,113.0,0.0142961570699214,5.46238297536417,5.462375823411567,0.014296254922678497,0.014296157069921461,-1.421875,0.04250706032646838,1.63591249814097,0.013681937290236078,0.10965461427547685,0.22876315032598152,0.007429962019457943,0.028543468943439648,1.1878679620356754,3.4128659263914707,0.0,-1.6535714285798725e-05,0.0,0.001978205044346204,1.4695698147124863e-08,0.0,-2.705098166582632e-05,2.7065677363973443e-05,0.0,0.0,1.4537817344089776e-08,0.0,-3.8856388595234456e-08,-0.0,1.4695698147124863e-08,-9.622873104019817e-09,inf,-inf
77,2025-08-18 20:59:39,111.578125,0.0228257261904761,113.0,0.0142961570699214,5.464361170784134,5.464354028455913,0.0142962547556207,0.014296157069921392,-1.421875,0.04250706032646827,1.637097607496965,0.013676984156302356,0.10965461427547667,0.22876315032598152,0.007424583404607087,0.02853313563890754,1.1882981496445983,3.415338319838386,0.015625,-2.755555555550293e-05,0.0013367281703864,0.04941333803443726,0.0013084181416605928,0.0006641728176010667,-4.511113407316355e-05,0.000675825441407011,1.3385573031674398e-05,1.454436940040471e-07,9.064220888909077e-06,2.2029960570434174e-05,-1.6180009980205812e-06,-1.4704928877053858e-06,0.0013084181416605928,0.00133642382923421,-2.117859812711498,-0.022767617151520092
79,2025-08-18 21:09:40,111.59375,0.0227981706349206,113.0,0.0156328852403078,5.513772308601122,5.513767366490351,0.01563295672520966,0.015632885240307703,-1.40625,0.04559687932121634,1.7491205338994944,0.014464429034577364,0.11506754743105434,0.23346324347985775,0.007484814649456609,0.02934721902819752,1.2223339469968448,3.5488316401813726,-0.015625,-1.3777777777796568e-05,-0.0007223939816754007,-3.610777037721391e-05,-0.0007231746121581084,-0.0007124512393940053,-2.4098994022648124e-05,-5.222782822180254e-07,1.4046331473517375e-05,-1.4843193275442615e-07,4.879242445599705e-12,1.6557228841874358e-08,6.080926035366092e-10,7.639845892067541e-07,-0.0007231746121581084,-0.0007223934573682138,0.10806159831193707,-7.257911889269053e-05
80,2025-08-18 21:14:37,111.578125,0.0227843928571428,113.0,0.0149104912586324,5.513737266070879,5.513731258719973,0.014910575324158244,0.014910491258632433,-1.421875,0.043778327143814987,1.693216067902721,0.013993754237517324,0.11139127822141227,0.22865671312819755,0.007407690604711919,0.028725461269187777,1.2034064243772973,3.475722937059035,0.0,-3.307142857140316e-05,-2.34700448232001e-05,0.002326793426357554,-2.3436498875678483e-05,0.0,-5.599707424559696e-05,3.256057536991848e-05,0.0,0.0,2.005249864363625e-08,0.0,-9.260258477936477e-08,-0.0,-2.3436498875678483e-05,-2.3509048961814212e-05,-0.14293090522118357,0.16618689443470558
82,2025-08-18 21:24:39,111.578125,0.0227513214285714,113.0,0.0148870212138092,5.516064081466252,5.516058052146331,0.014887105450620997,0.0148870212138092,-1.421875,0.043730134710864954,1.6936556135381247,0.01397117393930138,0.1113262154210042,0.22866230720777153,0.007397119345927034,0.028696572997477427,1.2037567541308518,3.4787421699593075,-0.015625,-1.1019841269898495e-05,-0.0006985373993727995,-0.0007868986231986952,-0.0006994968220954251,-0.0006832833548572649,-1.8663816027062682e-05,-1.0993897537305746e-05,1.3589625905884301e-05,-1.4537957967616496e-07,2.2901830757081326e-09,3.5283271534743504e-07,1.0438374193425015e-08,5.98987289560216e-07,-0.0006994968220954251,-0.0006985322735332483,0.13734736658153057,-0.0007337960080344708
83,2025-08-18 21:29:39,111.5625,0.0227403015873015,113.0,0.0141884838144364,5.515278486039388,5.515271153523132,0.014188582867474181,0.014188483814436402,-1.4375,0.04195876092814104,1.638153354356641,0.013508710736922917,0.10770870717137822,0.22383536710550975,0.007316995396207729,0.028073192096811164,1.1843273970950179,3.404336260986884,0.015625,-4.13373015872992e-05,0.0006138727509182006,0.0010681674851085177,0.0006156087120590239,0.0006556056395022038,-6.771683925528628e-05,1.4429565574917383e-05,1.314803554338113e-05,1.4231069380792603e-07,4.174279201963677e-09,4.6854485939092337e-07,-5.229416746116826e-08,-2.198844917578021e-06,0.0006156087120590239,0.0006138302921125775,0.2827884342849085,-0.00691654834972244
86,2025-08-18 21:44:41,111.578125,0.0226989642857142,113.0,0.0148023565653546,5.516345464543281,5.516339321008241,0.014802442023542868,0.014802356565354592,-1.421875,0.04355604338348686,1.6902446469670651,0.0139102403398247,0.11109067857309818,0.2286815099206801,0.00738071627829433,0.028634398539365703,1.2032437928756934,3.4793891167874933,0.0,-4.13373015872992e-05,-5.686580783510059e-05,0.0009335715799165811,-5.688394767692613e-05,0.0,-6.987015272799564e-05,1.2986205051069507e-05,0.0,0.0,3.216353390199984e-09,0.0,-4.6434778223974676e-08,-0.0,-5.688394767692613e-05,-5.69271661017599e-05,0.031899382979205804,0.10790010552077511
89,2025-08-18 21:59:38,111.578125,0.0226576269841269,113.0,0.0147454907575195,5.517279111199413,5.517272892588157,0.014745576993567502,0.01474549075751947,-1.421875,0.04343889755057404,1.6883977581995273,0.013867389687217548,0.11093174171732106,0.22869353984743998,0.007367662744975001,0.02858859319179409,1.203056164486957,3.4807500000952536,0.0,-4.133333333330297e-05,0.0,0.005039357551198442,9.562759682862367e-08,0.0,-6.978710733886253e-05,6.988273493569115e-05,0.0,0.0,9.355135644749677e-08,0.0,-2.5058871357010745e-07,-0.0,9.562759682862367e-08,-6.140976029398701e-08,inf,-inf
92,2025-08-18 22:14:40,111.578125,0.0226162936507936,113.0,0.0147454907575195,5.522318447397795,5.522312250139356,0.014745576619034577,0.014745490757519499,-1.421875,0.043438897550574104,1.6914834586426006,0.013854735072308047,0.11093174171732116,0.22869353984744004,0.007354222235060228,0.028562504818581327,1.204155009928365,3.487111387253793,-0.015625,-4.4095238095197276e-05,-7.750443076300073e-05,0.04874958193492951,-6.451052453568206e-05,-0.0006787327742277204,-7.458636584293325e-05,0.0006754125425942226,1.354147237760268e-05,-1.4539943685368857e-07,8.738734506905283e-06,-2.1756408889378895e-05,-2.5884810177720395e-06,2.402578232584839e-06,-6.451052453568206e-05,-7.771410170334287e-05,-16.76537212053395,0.27052768245379166
95,2025-08-18 22:29:42,111.5625,0.0225721984126984,113.0,0.0146679863267565,5.571068157481823,5.571061832074285,0.014668073079786723,0.014667986326756498,-1.4375,0.04294890906779838,1.692503355560008,0.013714987450295065,0.10906454120693294,0.22379048308052718,0.007261449581265471,0.028141902335805123,1.199904658545381,3.4728623928975946,-0.015625,-4.133333333340011e-05,-0.0019842521263910996,-0.09771661210381488,-0.0020680443577662955,-0.0006710767041843497,-6.995680536326001e-05,-0.001340182108689172,1.3313542627799432e-05,-1.4228215731336414e-07,3.466810738985498e-05,4.296767741267674e-05,4.84635888067426e-06,2.2428902954166536e-06,-0.0020680443577662955,-0.0019833193237876728,4.2228621182125,-0.04701028619399361
98,2025-08-18 22:44:37,111.546875,0.022530865079365,113.0,0.0126837342003654,5.473356474806073,5.47334521997047,0.012683875231802567,0.012683734200365435,-1.453125,0.03846958801166591,1.5220199943106316,0.012530701339570807,0.10161192309754116,0.21875807649879606,0.007162175151801058,0.026977071574504324,1.1480198005945894,3.2767234021197185,0.0,-4.133730158730267e-05,-5.210788371809959e-05,0.0008606882347059752,-5.213117231114028e-05,0.0,-6.291619952672327e-05,1.0785027215582997e-05,0.0,0.0,2.6528132288374566e-09,0.0,-4.084485591805669e-08,-0.0,-5.213117231114028e-05,-5.216936435382949e-05,0.04469303180048012,0.11798720528071183
101,2025-08-18 22:59:41,111.546875,0.0224895277777777,113.0,0.0126316263166473,5.474217306550379,5.474205908205176,0.012631768675730702,0.012631626316647333,-1.453125,0.03835732073012351,1.5200320940078897,0.012489411094334296,0.10144730057439787,0.21873630691603457,0.007148323301357657,0.026929131114014845,1.1476631535899688,3.2774278344971717,-0.015625,-2.75396825389837e-06,0.0005950422183644988,0.09559697157870595,0.0006026752557646168,-0.0005993331364081799,-4.1861201318043915e-06,0.0011939498774198505,1.2383703683398177e-05,-1.3906879864758463e-07,3.266348049486945e-05,-4.022411533977692e-05,-3.0214645468167326e-07,1.4103019079137644e-07,0.0006026752557646168,0.0005949535046558189,1.2827724091742265,-0.014908809146974011
102,2025-08-18 23:04:37,111.53125,0.0224867738095238,113.0,0.0132266685350118,5.569812413669307,5.569802879783882,0.013226790055347937,0.013226668535011706,-1.46875,0.0393305110038154,1.5785580709180669,0.012746116533054084,0.10176792228232977,0.21426537010428875,0.007076638590600158,0.02683607285182265,1.1598284168286659,3.3235455899161996,0.0,-4.4091269841301656e-05,-0.0006641157478526998,-0.04746268636771678,-0.0006745655612797285,0.0,-6.960062986501308e-05,-0.0006049649314147155,0.0,0.0,7.970795219664952e-06,-0.0,2.427161459551159e-06,-0.0,-0.0006745655612797285,-0.0006641676046005125,1.5734927926067677,0.00780839002543221
105,2025-08-18 23:19:39,111.53125,0.0224426825396825,113.0,0.0125625527871591,5.522351817360669,5.5223401934161656,0.012562696459274054,0.012562552787159127,-1.46875,0.037918925616242154,1.520673267674811,0.012359972836767798,0.09972857029248774,0.21401607372876197,0.00705454548909196,0.02652432347281378,1.1433030086025764,3.2633429038194564,0.0,-4.4095238095197276e-05,-1.5409521395799014e-05,0.0041847380956419045,-1.5331200612001098e-05,0.0,-6.705444980312244e-05,5.172324919112134e-05,0.0,0.0,6.17697164524648e-08,0.0,-2.1097030021380834e-07,-0.0,-1.5331200612001098e-05,-1.548040119576244e-05,-0.5082622736048648,0.459974052034795
108,2025-08-18 23:34:38,111.53125,0.0223985873015873,113.0,0.0125471432657633,5.526536568535686,5.5265249315118075,0.012547286855885444,0.012547143265763325,-1.46875,0.03788584953648376,1.5222385200972335,0.012339035038754389,0.09968009335307645,0.21400869594014144,0.007040442049617598,0.026491355585413278,1.1440054871495926,3.268177924371951,-0.03125,-4.4091269841301656e-05,-0.0012153445081821007,-0.0014255968004697195,-0.0012210573001734204,-0.0011839327980151175,-6.711742935243082e-05,-1.759048887213202e-05,4.867192058255686e-05,-1.088504516297106e-06,7.154237550551507e-09,1.1801872425834626e-06,7.190803585960391e-08,4.503066086027152e-06,-0.0012210573001734204,-0.0012152949845713997,0.47005535902449047,-0.004074861931546714
111,2025-08-18 23:49:33,111.5,0.022354496031746,113.0,0.0113317987575812,5.525116551140988,5.525099334711338,0.011331996260204619,0.011331798757581196,-1.5,0.03470029926304858,1.4176621911347014,0.01147169377642791,0.09288007802195695,0.2041591110978446,0.006845811058322336,0.02521585741593084,1.1025853553199951,3.116154281337512,0.0,-3.582142857139897e-05,-3.934471820350033e-05,0.0009961164100094066,-3.935554249680204e-05,0.0,-5.078268491810466e-05,1.1427142421302622e-05,0.0,0.0,3.3963708310471078e-09,0.0,-3.934279557025001e-08,-0.0,-3.935554249680204e-05,-3.939148892154124e-05,0.027511426681803286,0.1188741975454155
114,2025-08-19 00:04:39,111.5,0.0223186746031746,113.0,0.0112924540393777,5.526112845395894,5.526095451121347,0.01129265301380561,0.011292454039377661,-1.5,0.03461376213232772,1.4161480993337716,0.011439016534729264,0.09274743446738155,0.20412114679126867,0.006833570182291744,0.025175307399520588,1.1022602934273633,3.1166983294179076,0.0,-1.1023809523901668e-05,-1.9698802830699774e-05,-0.0003581323859860319,-1.970802918960714e-05,0.0,-1.5611346904690876e-05,-4.0966822849162624e-06,0.0,0.0,4.3823277578012246e-10,-0.0,4.351705128690632e-09,-0.0,-1.970802918960714e-05,-1.9703239251702672e-05,0.04683715546909273,0.02252127218607125
115,2025-08-19 00:09:35,111.5,0.0223076507936507,113.0,0.011272755236547,5.525754812946313,5.525737318735361,0.011272955098817344,0.011272755236547097,-1.5,0.034570394937367806,1.414948356206263,0.011424420670262074,0.09268087243030199,0.2041019075076879,0.006829551118499242,0.0251588703238014,1.1019252231157635,3.116000647746867,0.015625,-3.0313492063397535e-05,-2.912026943099541e-06,-0.043840553947609884,7.860811974001461e-06,0.000540162420896372,-4.2892025765975943e-05,-0.0005008529307148139,1.1313583060339598e-05,1.2976449807973728e-07,6.563178718215858e-06,-1.723404393268026e-05,1.4644148576193752e-06,-1.4758884516408785e-06,7.860811974001461e-06,-2.8215268344844433e-06,-369.9429685095725,-3.107804645473855
117,2025-08-19 00:19:37,111.515625,0.0222773373015873,113.0,0.0112698432096039,5.481914208453787,5.481896764787751,0.011270043561554671,0.011269843209603912,-1.484375,0.03482476367689826,1.4131592779720037,0.011485596043496017,0.09405013094977067,0.20853456482311433,0.006895804840037543,0.025466671321741154,1.10622929525769,3.133356137643494,-0.015625,-1.3777777777800038e-05,0.0,0.049054330128408985,1.1159239261133015e-05,-0.0005441369324515353,-1.947019449653462e-05,0.0005634182200392017,1.1480728875704428e-05,-1.3258270570317227e-07,8.296781736015039e-06,-1.9519539098255878e-05,-7.476557548749529e-07,6.745419462993419e-07,1.1159239261133015e-05,-1.3663190968343374e-07,inf,-inf
118,2025-08-19 00:24:38,111.5,0.0222635595238095,113.0,0.0112698432096039,5.530968542576354,5.53095109491616,0.01127004231262023,0.011269843209603864,-1.5,0.034563981772952286,1.4174691113865654,0.011411385634388626,0.09267102414477346,0.20409905024110214,0.006815957030693644,0.025132483334544344,1.1029258502820474,3.121839885228175,0.0,-2.7559523809502634e-05,-4.356567046670014e-05,-0.00039797037337052643,-4.360616712608529e-05,0.0,-3.906477372449259e-05,-4.541393401592703e-06,0.0,0.0,5.397570620705918e-10,-0.0,1.2096751735598802e-08,-0.0,-4.360616712608529e-05,-4.3593530617287624e-05,0.09295543704785914,0.0639497803867961
120,2025-08-19 00:34:37,111.5,0.022236,113.0,0.0112262775391372,5.5305707905977455,5.53055312454279,0.011226478549662453,0.011226277539137242,-1.5,0.034467966233379554,1.415007800171042,0.011378288115514458,0.09252342327001957,0.20405589693497722,0.006806080386369231,0.025094259431149162,1.1022593376110406,3.1207306823401098,0.015625,-1.653174603179902e-05,0.0,-0.0453247342183456,1.0875636553146614e-05,0.0005385619723965555,-2.3392549585442286e-05,-0.0005157178846954531,1.129436319214106e-05,1.2973524534541906e-07,6.990972773398889e-06,-1.7771728736297628e-05,8.25919609444899e-07,-8.061113605326494e-07,1.0875636553146614e-05,1.1468883916012544e-07,inf,inf
121,2025-08-19 00:39:38,111.515625,0.0222194682539682,113.0,0.0112262775391372,5.485246008676665,5.485228390324444,0.011226479173771994,0.011226277539137137,-1.484375,0.03472809987327564,1.4126305830320558,0.011444519046693257,0.09390077349388373,0.20849215069726804,0.0068764929491226985,0.025410785246581007,1.1063193060055962,3.1365278201491376,-0.015625,-2.480158730160109e-05,0.0,0.05047213897620928,1.1297255615525134e-05,-0.0005426265605199318,-3.503548072998118e-05,0.0005776293558405763,1.1462496764390104e-05,-1.3255573952819063e-07,8.758715640893557e-06,-2.0039635694688203e-05,-1.3848785159922844e-06,1.2154823211770218e-06,1.1297255615525134e-05,-1.530606330847737e-07,inf,-inf
123,2025-08-19 00:49:39,111.5,0.0221946666666666,113.0,0.0112262775391372,5.535718134832058,5.535700529300653,0.011226477674729271,0.011226277539137242,-1.5,0.034467966233379554,1.4176429823052108,0.011367707945205002,0.09252342327001957,0.20405589693497722,0.00679342892075924,0.025070925381608863,1.1032852340866826,3.1265424479986885,0.015625,-1.9293650793599654e-05,0.0004795675090178992,-0.00359141134496177,0.00048180844690282683,0.0005385619723965555,-2.735150865059391e-05,-4.08261152806213e-05,1.129436319214106e-05,1.2973524534541906e-07,4.381162286204862e-08,-1.406875091315626e-06,7.644821856904953e-08,-9.425377841102016e-07,0.00048180844690282683,0.0004795792938688321,0.46728309211707675,0.00245739144359991
124,2025-08-19 00:54:39,111.515625,0.022175373015873,113.0,0.0117058450481551,5.532124080778602,5.532109117955692,0.011706020380035848,0.011705845048155111,-1.484375,0.03578489853151812,1.4616226243291752,0.011717782933000444,0.09551768252810137,0.2089175859231834,0.006876850199298712,0.025629295622976552,1.1219939476945313,3.1968810603808624,0.0,-2.4801587301597622e-05,0.0,0.003096233943150395,3.043613633410406e-08,0.0,-3.625056111929026e-05,3.6280997255624364e-05,0.0,0.0,3.296302828817683e-08,0.0,-8.615961668805958e-08,-0.0,3.043613633410406e-08,-2.2760452065778685e-08,inf,-inf
126,2025-08-19 01:04:38,111.515625,0.0221505714285714,113.0,0.0117058450481551,5.535220283749831,5.535205351898842,0.011706019919237476,0.011705845048155153,-1.484375,0.0357848985315182,1.4632591762906573,0.01171122834379392,0.09551768252810149,0.20891758592318335,0.0068691589284255745,0.025614959335521652,1.122621909954637,3.2004605492878473,0.0,-1.9289682539700564e-05,-0.0005936888704098989,-0.04908099255978371,-0.0006030245161916279,0.0,-2.8225804983950522e-05,-0.0005747987112076774,0.0,0.0,8.273709011204748e-06,-0.0,1.0628498880243574e-06,-0.0,-0.0006030245161916279,-0.0005936879572923989,1.572481184510588,-0.00015380404544407256
127,2025-08-19 01:09:37,111.515625,0.0221312817460317,113.0,0.0111121561777452,5.486142541755773,5.486124359339058,0.011112362606833702,0.011112156177745233,-1.484375,0.034474248625913334,1.40716813640953,0.011353163891702071,0.0935071224166386,0.2083773259584395,0.0068454288199333805,0.025300125506801278,1.104952669531438,3.135824585986433,0.0,-2.204365079369955e-05,0.0,0.002734243491803845,2.3191475236141498e-08,0.0,-3.1019123007032656e-05,3.10423144822688e-05,0.0,0.0,2.558851232220028e-08,0.0,-6.659849039814282e-08,-0.0,2.3191475236141498e-08,-1.7818502839801045e-08,inf,-inf
129,2025-08-19 01:19:37,111.515625,0.022109238095238,113.0,0.0111121561777452,5.488876752161189,5.488858602830862,0.011112362128549387,0.011112156177745136,-1.484375,0.034474248625913056,1.4085711301659485,0.011347508378100985,0.09350712241663821,0.20837732595843933,0.006838610496251478,0.025287522394111566,1.1055033697065562,3.1389511081137775,0.0,-2.2047619047602107e-05,0.0004813253843564992,0.04464746578920131,0.0004755818524245898,0.0,-3.105563967934919e-05,0.000506637492103939,0.0,0.0,6.816030093033757e-06,0.0,-1.088224702660772e-06,-0.0,0.0004755818524245898,0.00048130965781496273,-1.1932742628124937,-0.003267340981294442
131,2025-08-19 01:29:38,111.515625,0.0220871904761904,113.0,0.0115934815621017,5.533521481054931,5.5335060686200634,0.01159366078606825,0.011593481562101673,-1.484375,0.03553870803179346,1.4566418342377958,0.011628477587057508,0.0951441286463771,0.20882590238770748,0.006846497825436963,0.02552261878962493,1.1208672036917016,3.197092136089218,0.0,-1.9289682539700564e-05,0.0,0.002417906921889923,1.8417892293965966e-08,0.0,-2.8098158556494212e-05,2.8116576448788178e-05,0.0,0.0,2.0013250713171304e-08,0.0,-5.227798271573371e-08,-0.0,1.8417892293965966e-08,-1.384683970859644e-08,inf,-inf
132,2025-08-19 01:34:38,111.515625,0.0220679007936507,113.0,0.0115934815621017,5.535939363074533,5.535923975541953,0.011593660418337148,0.011593481562101778,-1.484375,0.03553870803179376,1.4579150934761576,0.011623398655957216,0.09514412864637752,0.20882590238770757,0.006840518487788576,0.025511471361136347,1.1213569750114984,3.199886733225226,0.015625,-2.4801587301497008e-05,0.0,-0.04471966142174555,1.1086293512921242e-05,0.0005552923129967775,-3.6158608469019095e-05,-0.000519794452464379,1.1614273516403505e-05,1.3276793313834355e-07,6.839999010864416e-06,-1.782600565063399e-05,1.243717863473324e-06,-1.24003547139043e-06,1.1086293512921242e-05,1.0396926523456034e-07,inf,inf
134,2025-08-19 01:44:38,111.53125,0.0220430992063492,113.0,0.0115934815621017,5.491219646476558,5.491204314120208,0.01159366078590824,0.011593481562101764,-1.46875,0.03580889132102009,1.4559611171046596,0.01168920095083625,0.09657051922627967,0.2133951697238785,0.00690883975405692,0.02583002598334812,1.1256822633993415,3.2172869337888717,0.03125,-1.9289682539700564e-05,0.0011112493117763998,-0.0020802354807170076,0.0011148654932851682,0.0011190278537818777,-2.808502773909668e-05,-2.431629055916055e-05,4.715357384095687e-05,1.0853839605910162e-06,1.4948586296488618e-08,-1.679141766200093e-06,4.517034452410106e-08,-1.9393888622473112e-06,0.0011148654932851682,0.0011113070815875414,0.32541586036960446,0.005198636393233258
135,2025-08-19 01:49:38,111.5625,0.0220238095238095,113.0,0.0127047308738781,5.489134775849025,5.489124078639491,0.012704864359300669,0.012704730873878141,-1.4375,0.03881130202178117,1.5550438141988774,0.012478489563887883,0.10322063582062131,0.22360208310581353,0.0070790689257085974,0.02703157404831698,1.1654745107299627,3.3686193987405497,-0.015625,-2.480158730160109e-05,0.0,0.051683881676511056,1.240064201079702e-05,-0.0006064265940903308,-3.8567554915668204e-05,0.0006449367781215594,1.2600175271071938e-05,-1.4216237583530015e-07,9.454888079214664e-06,-2.1829635541297842e-05,-1.4939545314878596e-06,1.3054235641207926e-06,1.240064201079702e-05,-1.6263641865322472e-07,inf,-inf
137,2025-08-19 01:59:39,111.546875,0.0219990079365079,113.0,0.0127047308738781,5.540818657753372,5.540807960316002,0.012704863455890066,0.012704730873878023,-1.453125,0.03851477745875312,1.5607866742633107,0.012393773139308051,0.10167808258903391,0.21876660631744826,0.00699337957346408,0.026665960058605494,1.162387560772604,3.358127879871198,-0.015625,-1.653571428570158e-05,-0.0006384504781919986,-0.002006508892223202,-0.0006401975490582287,-0.0006017933977930175,-2.5808722506548487e-05,-2.4868216012218678e-05,1.2411875316044178e-05,-1.3908806248820512e-07,1.4077945594400879e-08,8.360232183946979e-07,3.8566924010850326e-08,8.676412993187334e-07,-0.0006401975490582287,-0.00063844123967091,0.2736423459463122,-0.0014470223461682252
138,2025-08-19 02:04:38,111.53125,0.0219824722222222,113.0,0.0120662803956861,5.538814530461457,5.538801451423779,0.01206643667960712,0.0120662803956861,-1.46875,0.03684607102887102,1.5053799807019594,0.011949146002033974,0.09813965733452973,0.21373925394699372,0.0069009471561359195,0.026024153957177488,1.1411847043281862,3.2785807768330986,0.0,-2.7555555555600075e-05,-3.144023820310024e-05,0.0008399529430551667,-3.1444861339116696e-05,0.0,-4.148158169052101e-05,1.0036720351404315e-05,0.0,0.0,2.434381384834045e-09,0.0,-2.6413142204549346e-08,-0.0,-3.1444861339116696e-05,-3.146884009993641e-05,0.014704519687769313,0.09097226506811218
140,2025-08-19 02:14:38,111.53125,0.0219549166666666,113.0,0.012034840157483,5.5396545852721895,5.539641404366834,0.01203499732054418,0.012034840157483045,-1.46875,0.036777564487533096,1.504261869935303,0.011923495254851582,0.09803702810761918,0.21371889446318626,0.006891640135858573,0.025992997474449983,1.1409906732079789,3.2792628462052797,0.015625,-1.3777777777800038e-05,0.0,-0.046504311406382115,1.1533412441369228e-05,0.0005746494451177046,-2.0725385763586547e-05,-0.0005544939363841374,1.1967410657668356e-05,1.3587881372018577e-07,7.4521061446806e-06,-1.888728826464259e-05,7.31062467973574e-07,-7.059524182814438e-07,1.1533412441369228e-05,1.233403710993656e-07,inf,inf
141,2025-08-19 02:19:37,111.546875,0.0219411388888888,113.0,0.012034840157483,5.493150235489132,5.493137092960452,0.012034997793606304,0.01203484015748299,-1.453125,0.037059118617166126,1.501434639097472,0.011994306856547787,0.09951660483636449,0.21842305804665868,0.006964029855340514,0.026325588448932465,1.1450790641694808,3.2954093024786886,-0.03125,-4.409126984119757e-05,-0.0006298691362474004,0.04798235264896622,-0.0006013014201548037,-0.0011580974567864414,-6.620015982136772e-05,0.0005755150613707894,4.85920922052561e-05,-1.1109571230400526e-06,8.016664437138282e-06,-3.947386464525716e-05,-2.4225325410918657e-06,4.540586899774392e-06,-0.0006013014201548037,-0.00063064056600424,-4.535500225141353,0.12247460820760114
144,2025-08-19 02:34:39,111.515625,0.0218970476190476,113.0,0.0114049710212356,5.541135595100871,5.541119445609418,0.01140515621344923,0.01140497102123559,-1.484375,0.03512373842147701,1.4509209493918813,0.011467316462734576,0.09451020888458835,0.208661232114165,0.006782205764156819,0.02531773456430729,1.1199758424044912,3.203367726867157,0.015625,-4.13373015872992e-05,0.0011090455312512005,0.050901600633839195,0.0010842055728707805,0.0005488084128355782,-5.997715686434268e-05,0.0005837047629279649,1.1536890732981976e-05,1.3266323859797479e-07,8.786255828253437e-06,2.0136143964779945e-05,-2.3565801638407464e-06,-2.0690402784457623e-06,0.0010842055728707805,0.0011087023522215276,-2.2397600171019216,-0.030943637569658122
147,2025-08-19 02:49:38,111.53125,0.0218557103174603,113.0,0.0125140165524868,5.592032276200716,5.592021046243257,0.012514153220400379,0.012514016552486816,-1.46875,0.03781469338242622,1.5569008389436199,0.01216990188254827,0.09957569672127932,0.21399257916253187,0.006869284736010528,0.026153657747341914,1.1572052787171685,3.345848806445333,0.0,-4.133730158730267e-05,-0.0006323910610888002,-0.04750250592871552,-0.0006424589158485723,0.0,-6.435807952093696e-05,-0.0005781008363276353,0.0,0.0,7.750229526429393e-06,-0.0,2.272317694189164e-06,-0.0,-0.0006424589158485723,-0.0006324363686279537,1.5920298972028624,0.007164481274535284
150,2025-08-19 03:04:40,111.53125,0.021814373015873,113.0,0.011881625491398,5.544532225539292,5.544518540314542,0.011881786932376764,0.01188162549139802,-1.46875,0.03644278086856881,1.49917120800391,0.01179668882275897,0.09753344143953588,0.21361463964058716,0.006844183226444992,0.02583673245435511,1.1401746357526996,3.283437071743532,0.015625,-4.133333333340011e-05,-5.16648608907995e-05,-0.047450354782144544,-4.026261188133264e-05,0.0005694184510713876,-6.196574326426172e-05,-0.0005597570698944722,1.1905937675724595e-05,1.358125302890696e-07,7.704963040635654e-06,-1.9155658146414035e-05,2.2362032271797576e-06,-2.1205531088377908e-06,-4.026261188133264e-05,-5.159765686876905e-05,-22.069640395562118,-0.13007684695501842
153,2025-08-19 03:19:38,111.546875,0.0217730396825396,113.0,0.0118299606305072,5.497082030986888,5.497068185532397,0.011830124412046693,0.0118299606305073,-1.453125,0.03660803340358748,1.493268972045311,0.01182921640689045,0.09883386719800642,0.21828678847803243,0.006906364412760757,0.026126283761603645,1.143477741830919,3.2980687438712173,-0.03125,-4.13373015872992e-05,-0.0006031311185523015,0.04942508103852106,-0.0005739203139801344,-0.0011440010438621088,-6.172770984839328e-05,0.0005846599795327633,4.8258724217776574e-05,-1.110264020172284e-06,8.435566909734735e-06,-4.0352927879770525e-05,-2.3362387807166316e-06,4.2604144475327984e-06,-0.0005739203139801344,-0.000603913499283354,-4.8431930758740975,0.1297198415048717
156,2025-08-19 03:34:37,111.515625,0.0217317023809523,113.0,0.0112268295119549,5.546510176875131,5.546493266570918,0.011227020912767706,0.011226829511954965,-1.484375,0.034729325432807844,1.4443914896953451,0.011318533879712312,0.09390266899532437,0.20849269294798295,0.006725556397127179,0.025130612729673343,1.1186833479032428,3.2069916071578963,0.0,-2.7579365078980733e-06,0.0,0.0003519819141128977,3.79198804745843e-10,0.0,-3.983540021128076e-06,3.983919219932822e-06,0.0,0.0,4.1661885456068347e-10,0.0,-1.0859548917564519e-09,-0.0,3.79198804745843e-10,-2.901372324499254e-10,inf,-inf
157,2025-08-19 03:34:37,111.515625,0.0217289444444444,113.0,0.0112268295119549,5.546862154817267,5.546845248485031,0.011227020855667583,0.011226829511954986,-1.484375,0.034729325432807996,1.4445748184360228,0.011317815648169657,0.09390266899532457,0.20849269294798298,0.006724702867238064,0.02512901803561305,1.1187543398412405,3.207398653126313,-0.015625,-4.133333333330297e-05,-0.0010900265370423993,-0.04670123502101209,-0.0011195805988280345,-0.0005426457098876249,-5.9709092495311744e-05,-0.0005285559685096594,1.1462728148843331e-05,-1.3255608428191056e-07,7.333306473668157e-06,1.833681526763151e-05,2.1595513200341376e-06,2.071444963475889e-06,-0.0011195805988280345,-0.0010896794808032248,2.7113158057440634,-0.03183924678715755
160,2025-08-19 03:54:39,111.5,0.0216876111111111,113.0,0.0101368029749125,5.500168791940224,5.500144013464019,0.01013706503528218,0.010136802974912443,-1.5,0.03202198817717479,1.3410832788972513,0.010576047663166372,0.08866201990693924,0.20270713760040998,0.006594350354586267,0.02417991775030799,1.0800157760258815,3.0661060173721313,0.0,-4.4091269841298186e-05,0.0009900855896347004,0.09671908391803896,0.0009637755767254566,0.0,-5.913006472951166e-05,0.0010229056414549683,0.0,0.0,3.084369290664751e-05,0.0,-4.60569188240545e-06,-0.0,0.0009637755767254566,0.0009900135777496987,-2.657347322765402,-0.007273298970877917
163,2025-08-19 04:09:40,111.5,0.0216435198412698,113.0,0.0111268885645472,5.596880478029015,5.596863097382058,0.011127082653214507,0.01112688856454716,-1.5,0.034248421341768115,1.4438391037031195,0.011166883929398526,0.09218482328457155,0.20395456394367645,0.006621441977148737,0.024706202835573506,1.1141022471493114,3.1944257667181906,0.015625,-4.4091269841301656e-05,-2.92688800271005e-05,-0.044902300481033386,-1.856519269267642e-05,0.0005351315834651268,-6.366069952879737e-05,-0.0005014187776346754,1.1253030186104925e-05,1.2967081956461364e-07,6.6751305770223796e-06,-1.7333833491691886e-05,2.205699012812624e-06,-2.200723257318417e-06,-1.856519269267642e-05,-2.9218919851851715e-05,-36.57019785011717,-0.17069384001890953
166,2025-08-19 04:24:37,111.515625,0.0215994285714285,113.0,0.0110976196845201,5.55197827041969,5.5519607969010245,0.011097815515706558,0.01109761968452009,-1.484375,0.03444184699913358,1.4403676494980513,0.01120725426566233,0.09345672813643155,0.2083623084991604,0.006680439780367635,0.024986637316486197,1.1180109203492548,3.2113078910573436,0.015625,-4.4095238095197276e-05,0.000491718072225901,0.0006664291106392994,0.0004936501106021234,0.0005381538593614622,-6.351335444923622e-05,7.468840492973842e-06,1.1408292008841742e-05,1.324731880818433e-07,1.4834843760896852e-09,2.601847263233223e-07,-3.2854260552669994e-08,-2.2125529070806157e-06,0.0004936501106021234,0.0004916663716451895,0.3929158770749508,-0.010514273042150357
169,2025-08-19 04:39:38,111.53125,0.0215553333333333,113.0,0.011589337756746,5.552641957670545,5.552627226011664,0.011589508007239437,0.011589337756746074,-1.46875,0.03579973402179356,1.4884992987332333,0.011556727021155988,0.09655651748026528,0.21339178367951225,0.006755854947090709,0.025540591737328654,1.1382211162440277,3.289612432711313,0.03125,-3.582142857140244e-05,0.0005465334206888987,-0.04628869287530968,0.0005787078329360012,0.0011187416881810487,-5.332017130815514e-05,-0.0005349457877260821,4.714673705091078e-05,1.0853667382787692e-06,7.2376929533110774e-06,-3.694501896196494e-05,1.8873152848926943e-06,-3.6824567745614287e-06,0.0005787078329360012,0.0005472053654376786,5.88699812841218,0.12294668968879652
172,2025-08-19 04:54:38,111.5625,0.0215195119047619,113.0,0.0121358711774349,5.506350785023173,5.506338533136354,0.01213601834447936,0.012135871177434865,-1.4375,0.037568596010393654,1.536761805636956,0.012011743837461196,0.10137030113647387,0.22333683444771735,0.006908768272274894,0.026464011794182344,1.1629855038794417,3.385760061115417,-0.015625,-8.269841269899214e-06,0.0005783377546748,0.09770921594997795,0.0005861722942883188,-0.0005870093126624008,-1.2708776202261334e-05,0.0011736580725503127,1.237430433794847e-05,-1.419937352801751e-07,3.2979319287521346e-05,-4.0402778801570716e-05,-9.39738465233178e-07,4.374952856779494e-07,0.0005861722942883188,0.0005782465915947142,1.3546650811210093,-0.015762948095454643
173,2025-08-19 04:59:36,111.546875,0.021511242063492,113.0,0.0127142089321097,5.604057975126744,5.604047749086332,0.012714334312843682,0.0127142089321097,-1.453125,0.03853516726626245,1.5970863900627617,0.012260891937814008,0.10170791475708456,0.2187704114248879,0.006838440073650256,0.026372779149764467,1.1757535081078443,3.4352807986438627,0.0,-3.582142857139897e-05,-0.0006381823980774002,-0.04820033568886828,-0.0006481890232915606,0.0,-5.720991604398665e-05,-0.0005909791072475739,0.0,0.0,7.943779406090591e-06,-0.0,2.030061747123219e-06,-0.0,-0.0006481890232915606,-0.0006382151821383468,1.5679882811413304,0.005137098899199444
175,2025-08-19 05:09:38,111.546875,0.0214754206349206,113.0,0.0120760265340323,5.555859877144482,5.555847413397464,0.012076174728086253,0.012076026534032266,-1.453125,0.03714945970171874,1.5380102743057753,0.011889965697005449,0.09965259511909987,0.21844861173735783,0.006817010182003153,0.026064012653272354,1.1586323483431926,3.3714747604751016,0.0,-8.269841269899214e-06,0.0,0.0010700430754235768,3.6746211216320384e-09,0.0,-1.271910083998291e-05,1.2722775461104543e-05,0.0,0.0,3.902711685805354e-09,0.0,-1.025283773976437e-08,-0.0,3.6746211216320384e-09,-2.675504932326978e-09,inf,-inf
176,2025-08-19 05:14:37,111.546875,0.0214671507936507,113.0,0.0120760265340323,5.556929911260965,5.556917456472887,0.012076174593048092,0.012076026534032294,-1.453125,0.037149459701718845,1.5386027656411352,0.01188767615868487,0.09965259511910003,0.2184486117373578,0.0068143850603303874,0.026058993752690225,1.1588554981939823,3.3727735616706,0.015625,-3.306746031739999e-05,0.0005571999592035009,0.0013887161713901364,0.000558394739378695,0.000580460307839357,-5.0877685897080114e-05,1.6508608121814656e-05,1.2164623427624516e-05,1.3888588697901267e-07,6.570881884847352e-09,5.65446031789304e-07,-5.321617056179214e-08,-1.7426414985955997e-06,0.000558394739378695,0.0005571708986232118,0.21442574706969086,-0.005215467052543943
178,2025-08-19 05:24:39,111.5625,0.0214340833333333,113.0,0.0126332264932358,5.558316569829305,5.5583061726442775,0.012633354069237393,0.012633226493235727,-1.4375,0.03865624334859554,1.5909608833324318,0.012270208619039777,0.10299225478077535,0.2235746570517433,0.00688866938129844,0.02663605811713165,1.179419277608869,3.453643525242852,0.0,-1.3777777777800038e-05,0.0005904008016841995,0.049286071214662996,0.0005828304703130395,0.0,-2.1919905503726696e-05,0.0006047503758167662,0.0,0.0,8.366691316219513e-06,0.0,-8.008876523361784e-07,-0.0,0.0005828304703130395,0.0005903962739769228,-1.2822359572623565,-0.000766887047543019
179,2025-08-19 05:29:38,111.5625,0.0214203055555555,113.0,0.01322362729492,5.607600916460071,5.6075922438589405,0.013223736512720428,0.013223627294920014,-1.4375,0.039926976634751074,1.6484045016122393,0.012593400721086934,0.10484336098704096,0.22375372481949285,0.0068897551600641295,0.026876478328808847,1.1957891587000085,3.517978093916198,0.015625,-2.7559523809502634e-05,0.0006317599545155993,0.003223396975686299,0.0006319638172323477,0.0006238590099179855,-4.5429243109873834e-05,4.0593529797957284e-05,1.2798261839238398e-05,1.42258787040388e-07,3.5793270397833536e-08,1.3536493587840748e-06,-1.0622827154876891e-07,-1.5149031412592524e-06,0.0006319638172323477,0.0006317321284487216,0.03226901535799964,-0.00440453160711618
181,2025-08-19 05:39:38,111.578125,0.021392746031746,113.0,0.0138553872494356,5.610822808224311,5.610815640834627,0.013855480475800305,0.013855387249435629,-1.421875,0.04158203168750065,1.7057146017346585,0.013006992784429584,0.10836383466025558,0.22878484348888178,0.00695913407489073,0.027461217275823915,1.2166135899815405,3.60121667360755,0.015625,-1.653174603179902e-05,-3.259230931009979e-05,-0.05033115541441546,-1.9762706141895535e-05,0.0006497192451171977,-2.819844059860859e-05,-0.0006546569753073059,1.322800716067573e-05,1.4545748614558015e-07,8.814526922961776e-06,-2.1596168665289442e-05,1.0122977894513694e-06,-9.302249914618764e-07,-1.9762706141895535e-05,-3.24622750862337e-05,-39.3638973112856,-0.3989721091220644
182,2025-08-19 05:44:38,111.59375,0.0213762142857142,113.0,0.0138227949401255,5.560491693265512,5.560484485420211,0.013822889121736709,0.013822794940125498,-1.40625,0.041837060683592636,1.6994627896994845,0.013066516365063998,0.10993004075660517,0.23389603695891342,0.007030985353049618,0.027801375980692728,1.2200991401169974,3.615914346379108,0.0,-2.4801587301500477e-05,-3.164200228410012e-05,0.0008039678406808193,-3.164431579714222e-05,0.0,-4.214937474438331e-05,1.050505894724109e-05,0.0,0.0,2.2722889238157527e-09,0.0,-2.4328384699726008e-08,-0.0,-3.164431579714222e-05,-3.166637189291813e-05,0.007311525425368615,0.0770166457836785
184,2025-08-19 05:54:37,111.59375,0.0213514126984127,113.0,0.0137911529378414,5.56129571169032,5.561288453260892,0.013791247601783962,0.013791152937841368,-1.40625,0.04176970725749079,1.6984778663867948,0.01304190645355926,0.10983456746087467,0.23389671435560183,0.007022848045794195,0.02777321510832432,1.2200127208330669,3.616970517911853,0.0,-1.9293650793700268e-05,0.0,0.0025143612554172634,2.222544870985211e-08,0.0,-3.276983883489592e-05,3.279206428360577e-05,0.0,0.0,2.219926664541773e-08,0.0,-5.9184290901080434e-08,-0.0,2.222544870985211e-08,-1.4759575545810596e-08,inf,-inf
185,2025-08-19 05:59:37,111.59375,0.021332119047619,113.0,0.0137911529378414,5.563810060545591,5.563802814516309,0.01379124739735494,0.013791152937841486,-1.40625,0.041769707257491066,1.7000140400206465,0.013036012631406264,0.10983456746087505,0.23389671435560197,0.007016502031144646,0.02776066399924763,1.2205643111240878,3.620241855651353,0.03125,-2.4801587301597622e-05,0.0013200390279024012,0.0003533747154174094,0.0013225667225248098,0.0013053033517965958,-4.2163046627513736e-05,4.606597253800943e-06,5.36301598930054e-05,1.1896602089213153e-06,4.3808824799378043e-10,3.0655989814163917e-07,-1.0697335468559036e-08,-2.8058670136198377e-06,0.0013225667225248098,0.001320057156162111,0.19148635525005897,0.0013733124041515055
187,2025-08-19 06:09:38,111.625,0.0213073174603174,113.0,0.0151111919657438,5.564161151006232,5.564156189231727,0.015111260904818104,0.01511119196574378,-1.375,0.04523439741170598,1.8141300177936126,0.013894018387990998,0.11719248960065284,0.2442727812302962,0.007156596832809301,0.0289603073171724,1.260469344607561,3.781322390793751,0.0,-1.9289682539700564e-05,0.0,0.0025203486380487305,2.377819221700833e-08,0.0,-3.499399212898012e-05,3.501777032119713e-05,0.0,0.0,2.272991425460032e-08,0.0,-6.127989164560272e-08,-0.0,2.377819221700833e-08,-1.477178517399407e-08,inf,-inf
189,2025-08-19 06:19:39,111.625,0.0212880277777777,113.0,0.0151111919657438,5.566681491077762,5.566676537869776,0.015111260754635564,0.015111191965743724,-1.375,0.045234397411705825,1.8157738521823181,0.013887727781722916,0.11719248960065262,0.2442727812302962,0.007150117909255146,0.028947195351602267,1.2610402887162346,3.7847487536893625,-0.015625,-2.2043650793602404e-05,-6.294708876449992e-05,0.04919542409722233,-4.9450666930495506e-05,-0.0007067874595579035,-4.002628471766125e-05,0.0006832126579686355,1.4305723828204666e-05,-1.5530445177097079e-07,8.65232104516288e-06,-2.2251086746050255e-05,-1.367531042014153e-06,1.3035887479351598e-06,-4.9450666930495506e-05,-6.311337492546188e-05,-21.440899172474438,0.26416815173784247
190,2025-08-19 06:24:38,111.609375,0.0212659841269841,113.0,0.0150482448769793,5.615877006058569,5.615871961966998,0.015048314286775374,0.015048244876979339,-1.390625,0.04474930351270127,1.8169331974689324,0.013760595967587285,0.11522177478758296,0.2389047103216682,0.007065131190672616,0.028531683351958187,1.256407129099145,3.767290514448111,0.0,-2.2047619047598638e-05,-0.0007316115358122002,-0.05102813746543067,-0.0007422366336130253,0.0,-4.005905097273033e-05,-0.000702177582640295,0.0,0.0,9.19834444937851e-06,-0.0,1.4135195032057894e-06,-0.0,-0.0007422366336130253,-0.000731624769660441,1.4522868053234772,0.00180886270828573
192,2025-08-19 06:34:38,111.609375,0.0212439365079365,113.0,0.0143166333411671,5.564849991944508,5.564843824501567,0.014316715815877519,0.014316633341167118,-1.390625,0.04321772046789187,1.7514709629975633,0.01337257220753982,0.11311676500020762,0.2391090716086875,0.0070638436918698,0.028267280500455565,1.23992460469378,3.7023035083362976,0.0,-1.9289682539700564e-05,0.0006763784010387994,0.05247231956473897,0.0006679045634228496,0.0,-3.378531885372663e-05,0.0007016898822765763,0.0,0.0,9.72459695496917e-06,0.0,-1.2550199260938414e-06,-0.0,0.0006679045634228496,0.000676374140451725,-1.2528249871574082,-0.000629911757665802
193,2025-08-19 06:39:38,111.609375,0.0212246468253968,113.0,0.0149930117422059,5.61732124561614,5.617316144066306,0.014993081729715432,0.014993011742205957,-1.390625,0.04463469930189744,1.8154163198300102,0.013718854072386615,0.11506639245443491,0.23892430099228631,0.007051976057568454,0.028485881496268472,1.2563703289592405,3.76953744680171,0.0,-2.4801587301597622e-05,-0.0013910494530336003,-0.10096442843780729,-0.0014301414665852084,0.0,-4.502520634500907e-05,-0.0013851162602401994,0.0,0.0,3.5943272512891374e-05,-0.0,3.1460494089693057e-06,-0.0,-0.0014301414665852084,-0.0013910521446633478,2.8102533282591935,0.00019349633770815444
195,2025-08-19 06:49:27,111.609375,0.0211998452380952,113.0,0.0136019622891723,5.516359264446508,5.516351715628499,0.013602060242907742,0.013601962289172279,-1.390625,0.04169223928461241,1.6882253559028306,0.012976009550214294,0.11095746282595902,0.23918280940774317,0.007051356723938608,0.027971425626324344,1.2234469810800002,3.63918273952959,-0.015625,-1.9289682539700564e-05,0.0,0.05270021000183078,1.322440211568084e-05,-0.0006514412388220689,-3.25653311708386e-05,0.0006838384282820551,1.354461216137195e-05,-1.520683348387039e-07,9.791909296114407e-06,-2.303281257121694e-05,-1.2437198899292395e-06,1.0968543710856812e-06,1.322440211568084e-05,-1.6336667826525052e-07,inf,-inf
196,2025-08-19 06:54:27,111.59375,0.0211805555555555,113.0,0.0136019622891723,5.569059481107233,5.56905192563033,0.013602059662491457,0.013601962289172397,-1.40625,0.041365762443048563,1.694303190878391,0.01288775301131456,0.10925934431412276,0.23389516461375615,0.006966604024140179,0.027589247684083107,1.2201080474846138,3.627052003870478,0.015625,-2.480158730160109e-05,0.0006100266210609002,-0.00048019241441021876,0.0006116160572786423,0.0006463400381726338,-4.202140850395171e-05,-6.188601234825706e-06,1.3337322303970064e-05,1.4870654081583414e-07,8.031963405464779e-10,-2.0700230401845942e-07,1.4530918382026297e-08,-1.4055726081475132e-06,0.0006116160572786423,0.000610018816481199,0.2605519436148285,-0.0012793834616053879
198,2025-08-19 07:04:28,111.609375,0.0211557539682539,113.0,0.0142119889102332,5.568578036481962,5.5685717332159195,0.014212072677691971,0.014211988910233272,-1.390625,0.042996208508183906,1.7490180562218565,0.01328951029318761,0.11280715634221979,0.239128059433479,0.007035080639265318,0.028171039057048042,1.239966714507629,3.707559939102159,0.0,-1.653571428570158e-05,0.0,0.0021775240246642014,1.6965081220452047e-08,0.0,-2.8921262858217763e-05,2.8938227939438215e-05,0.0,0.0,1.667880744333787e-08,0.0,-4.464737624350321e-08,-0.0,1.6965081220452047e-08,-1.1003487579713292e-08,inf,-inf
199,2025-08-19 07:09:28,111.609375,0.0211392182539682,113.0,0.0142119889102332,5.570755551151644,5.570749257240584,0.014212072520673413,0.014211988910233134,-1.390625,0.04299620850818363,1.7503861892583064,0.013284315618898096,0.11280715634221941,0.23912805943347903,0.007029581894876331,0.028160027411843,1.240451588805739,3.710460100835356,-0.015625,-2.755555555549946e-05,-0.000717359818210599,-0.0009788482159152068,-0.0007194335791640799,-0.0006718157579403692,-4.8232863881686253e-05,-1.3003328643212916e-05,1.377040482693108e-05,-1.520335257425175e-07,3.3676752593261217e-09,4.3069363425321627e-07,3.3458336500893776e-08,1.5975592100786373e-06,-0.0007194335791640799,-0.0007173685003079879,0.2890823964260658,0.001210284876362877
202,2025-08-19 07:24:27,111.59375,0.0211116626984127,113.0,0.0134946290920226,5.569778159600397,5.5697704090246685,0.013494728367187792,0.013494629092022571,-1.40625,0.041135645997723375,1.6896260681941693,0.01280872029495626,0.10892962535869262,0.23388992780352005,0.006943788652983767,0.027502441646869515,1.2193267199351712,3.6279067131974085,0.0,-1.3777777777800038e-05,0.0,0.001818346600013676,1.14005037026073e-08,0.0,-2.3279292495157278e-05,2.3290692998859885e-05,0.0,0.0,1.147941709298239e-08,0.0,-3.054751842693751e-08,-0.0,1.14005037026073e-08,-7.66759763134782e-09,inf,-inf
203,2025-08-19 07:29:27,111.59375,0.0210978849206349,113.0,0.0134946290920226,5.571596496636569,5.571588755624682,0.013494728212327188,0.01349462909202264,-1.40625,0.041135645997723506,1.6907294628037646,0.012804540034348354,0.10892962535869283,0.23388992780352008,0.006939257035632569,0.027493465935729697,1.2197247899511112,3.6302758839783285,0.0,-3.031349206349815e-05,0.0,0.004006954516227346,5.52953666215812e-08,0.0,-5.1251914152224405e-05,5.130720951884599e-05,0.0,0.0,5.570726079731079e-08,0.0,-1.4815360806115332e-07,-0.0,5.52953666215812e-08,-3.715098064226132e-08,inf,-inf
205,2025-08-19 07:39:27,111.59375,0.0210675714285714,113.0,0.0134946290920226,5.575603430118659,5.5755957101409095,0.013494727871953188,0.013494629092022585,-1.40625,0.04113564599772335,1.6931622023497466,0.012795337930719174,0.10892962535869262,0.23388992780352005,0.006929286694346344,0.027473707496770815,1.2206019870972058,3.6354993782747753,0.03125,-1.3777777777800038e-05,0.0012643594364760997,-0.003708958569472287,0.0012690814659185813,0.0012854889374288546,-2.332801256574531e-05,-4.745737826743468e-05,5.318829363217413e-05,1.1896256907324222e-06,4.76609285172082e-08,-3.184338839228848e-06,6.237423475509259e-08,-1.5652844545375017e-06,0.0012690814659185813,0.0012644418777880873,0.373472076551451,0.006520401525800246
206,2025-08-19 07:44:26,111.625,0.0210537936507936,113.0,0.0147589885284987,5.571892092930573,5.571886751571437,0.014759061328840889,0.014758988528498669,-1.375,0.0444968996228606,1.8035283039612553,0.013629535002396467,0.11618455432363996,0.24440842413452754,0.00707537122633548,0.028671394326158846,1.259932131016804,3.7939424325312316,-0.015625,-3.0313492063501618e-05,-0.0007187285879980011,0.0011680792385808658,-0.0007199876265050635,-0.0006952640566071969,-5.4671240928430044e-05,1.5920376867810525e-05,1.4182684853959956e-05,-1.553906912069496e-07,4.826850470444486e-09,-5.232884445867403e-07,-4.4612383374597173e-08,1.796994434654961e-06,-0.0007199876265050635,-0.0007187537060478995,0.17517579348964585,0.003494789315183766
208,2025-08-19 07:54:27,111.609375,0.0210234801587301,113.0,0.0140402599405007,5.573061372902214,5.573054830810018,0.014040346014687698,0.014040259940500732,-1.390625,0.04263132961505238,1.7438704756021244,0.01315695877978211,0.11229426808103758,0.23915330130867465,0.006991832608769333,0.0280203983795178,1.239633611627683,3.713924035677486,0.03125,-1.1023809523797584e-05,0.0006661543558267001,-0.0506316200118162,0.0007028943992433184,0.0013322290504703869,-1.922409595721212e-05,-0.0006661581374490568,5.483118558644413e-05,1.216396592756524e-06,8.961994504982492e-06,-4.4334942604107994e-05,6.919056343736599e-07,-1.2794247235988197e-06,0.0007028943992433184,0.0006669339320549678,5.515244792030782,0.11702636505321884
209,2025-08-19 07:59:27,111.640625,0.0210124563492063,113.0,0.0147064142963274,5.522428592761066,5.522423210798202,0.014706487902360253,0.014706414296327422,-1.359375,0.044741523422857414,1.7971940415744645,0.013676409760047647,0.11785977136310334,0.25001650347198695,0.007141423364428266,0.02901183422223834,1.2638782211654462,3.81239641939269,-0.046875,-3.5825396825402145e-05,-0.0007190655092159989,0.10344235152696601,-0.0006217313197638647,-0.002097258910446441,-6.438518971165347e-05,0.0014147199860256776,0.0001294846120932532,-4.291817724700704e-06,3.82077579467526e-05,-0.00014067432909650816,-4.683759905383248e-06,6.402216308460252e-06,-0.0006217313197638647,-0.0007224794345105432,-13.536206118168304,0.4747724999724312
211,2025-08-19 08:09:27,111.59375,0.0209766309523809,113.0,0.0139873487871114,5.625872192730362,5.625865562325168,0.013987435189610785,0.01398734878711138,-1.40625,0.04218638935131224,1.747467431229064,0.013031231905601107,0.11042321462572932,0.23388829294579852,0.006899327444821456,0.027601556391129545,1.2358018954121515,3.7013247246409433,0.0,-5.511904761900527e-06,-0.0006624968757336005,-0.05080993437839876,-0.000671747912048746,0.0,-9.631874055457558e-06,-0.0006621160379932884,0.0,0.0,8.905822387956115e-06,-0.0,3.4609808472002215e-07,-0.0,-0.000671747912048746,-0.0006624959915760698,1.3963894252182918,-0.00013345836985534376
212,2025-08-19 08:14:27,111.59375,0.020971119047619,113.0,0.0133248519113778,5.575063677611577,5.575055627946769,0.013324953932676568,0.013324851911377729,-1.40625,0.04077023460857371,1.6846500696801596,0.012673953238329767,0.10840299710484486,0.233875004686185,0.006897122670285615,0.02734353248683738,1.2189572640795605,3.6345631897978246,0.046875,-3.857936507939766e-05,0.0019983349537682008,0.0025632438619602738,0.0020017082701792492,0.0019111047472768926,-6.499273006922359e-05,3.2486432844920314e-05,0.00011909508959272505,4.014730533934908e-06,2.2657803537458423e-08,3.285381647399871e-06,-1.2054063689632497e-07,-6.572772197032049e-06,0.0020017082701792492,0.0019983229967962582,0.1688063557456987,-0.0005983467346148963
214,2025-08-19 08:24:26,111.640625,0.0209325396825396,113.0,0.015323186865146,5.577623385781803,5.577618871808729,0.015323249916211312,0.015323186865146068,-1.359375,0.0460393690868922,1.8609293329711283,0.01396795944796707,0.11963608908415252,0.24973642656503287,0.007106292755540506,0.029157658910823267,1.280402493983569,3.884629172217076,0.0,-2.7539682539018395e-06,-7.64641551140137e-06,-0.0001805945723454272,-7.647477968801096e-06,0.0,-5.124940305757213e-06,-2.522537663043882e-06,0.0,0.0,1.1588373566199618e-10,-0.0,6.368103814794874e-10,-0.0,-7.647477968801096e-06,-7.646725274683955e-06,0.013894842598372037,0.0040510914182334545
215,2025-08-19 08:29:26,111.640625,0.0209297857142857,113.0,0.0153155404496346,5.57744279937716,5.577438277236384,0.015315603593037672,0.015315540449634638,-1.359375,0.046023405877493956,1.8604731285231624,0.013963150095663955,0.11961450618551626,0.2497403998279473,0.007105470868376725,0.029153342675179692,1.2803159102139288,3.884439419629421,0.046875,-4.409523809529789e-05,0.0030758169614415014,0.056252468356467134,0.0029964703032862553,0.002157347150507529,-8.20380055721326e-05,0.0007854616589129377,0.00013141242134639237,4.287078091528941e-06,1.1242063540849726e-05,7.687253842128697e-05,-3.175780066142247e-06,-8.028997550405628e-06,0.0029964703032862553,0.003073380127631844,-2.5796937577865386,-0.07922557942183772
218,2025-08-19 08:44:27,111.6875,0.0208856904761904,113.0,0.0183913574110761,5.633692798192688,5.633690745592851,0.01839138968327271,0.018391357411076115,-1.3125,0.05347416408832396,2.120499628153971,0.01572258786946961,0.13362329901115574,0.26457369207351317,0.007252618066037277,0.03113067221329808,1.3545540956361037,4.1985822817798395,0.0,-4.133333333330297e-05,-0.0008979412422292013,-0.05235985733777149,-0.0009108797757896384,0.0,-8.76473179636331e-05,-0.0008232324578260053,0.0,0.0,9.94172442963812e-06,-0.0,2.9315360470882657e-06,-0.0,-0.0009108797757896384,-0.000898006515312912,1.440910936256401,0.00726919319895547
221,2025-08-19 08:59:27,111.6875,0.0208443571428571,113.0,0.0174934161688469,5.581333424264861,5.58133088825508,0.01749345493631338,0.017493416168846976,-1.3125,0.05167786969857397,2.046611933471473,0.015286787659869343,0.13139836371663052,0.2655982583003324,0.007266295250199481,0.030899503331900596,1.3395084674541002,4.136859467435673,-0.015625,-4.4091269841298186e-05,-0.0008493087993740982,0.0020072479809050137,-0.0008511490828986046,-0.0008074667140402183,-9.023771901911173e-05,3.068437366479642e-05,1.603983932087775e-05,-1.6886282494884008e-07,1.4638113299815874e-08,-9.691088386550814e-07,-1.1854932889980041e-07,2.8499904230349273e-06,-0.0008511490828986046,-0.0008493721125298247,0.2166801434134058,0.00745466852258847
224,2025-08-19 09:14:27,111.671875,0.0208002658730158,113.0,0.0166441073694728,5.583341270276363,5.583338136235985,0.016644153643560408,0.016644107369472763,-1.328125,0.049538849293691664,1.9816547560241462,0.01476498280708333,0.12713646421275152,0.26040680800802596,0.007193830024146518,0.03024232321461963,1.3204294758020736,4.058917264889721,-0.015625,-4.409126984120104e-05,-5.8435971709600715e-05,0.054373014406871256,-4.324754618029138e-05,-0.0007740445202139323,-8.737367457996004e-05,0.0008028166228867483,1.5519587916595644e-05,-1.655621897430585e-07,1.0634008369990863e-05,-2.569322306009016e-05,-3.165564945045082e-06,2.796294006083787e-06,-4.324754618029138e-05,-5.8676031809351965e-05,-25.99156835243309,0.4108087753622591
227,2025-08-19 09:29:26,111.65625,0.0207561746031746,113.0,0.0165856713977632,5.637714330995271,5.637711150642856,0.016585717915086548,0.016585671397763166,-1.34375,0.0490225619293681,1.9863905697184583,0.014626456869992152,0.12499395170174897,0.25459772497484745,0.007101013057043915,0.029792342692135442,1.3167146260705738,4.046039932944486,0.046875,-3.858333333340083e-05,0.0015541381659574006,-0.050633486928126636,0.001622395424533216,0.00229793259043913,-7.664156948177126e-05,-0.0007405885127315557,0.00013732245670358163,4.370459603831533e-06,9.102611107175147e-06,-7.071047785596136e-05,2.5723451541496436e-06,-7.317642534986618e-06,0.001622395424533216,0.0015560422604035929,4.3919684923101165,0.12251770710611787
230,2025-08-19 09:44:27,111.703125,0.0207175912698412,113.0,0.0181398095637206,5.5870797975386814,5.587077663714729,0.01813984294532278,0.01813980956372066,-1.296875,0.0534088079116709,2.109423730436372,0.015644020467411143,0.13515260046331723,0.27102780463592796,0.0072820092527248565,0.031371682886063054,1.3594527224859656,4.230125656089556,0.03125,-5.511904761897057e-06,0.0017191634682944996,-0.00029322964132294516,0.0017201820134198737,0.0016690252472397157,-1.1626942704650893e-05,-4.5872905105077825e-06,6.599248069497912e-05,1.3785187003373615e-06,3.1306676749734553e-10,-2.874721037617952e-07,2.1972207052261935e-09,-7.286265546007168e-07,0.0017201820134198737,0.0017191684250489842,0.05924655474354168,0.0002883236280837309
231,2025-08-19 09:49:28,111.734375,0.0207120793650793,113.0,0.0198589730320151,5.586785853504693,5.586784434073406,0.019858996641883328,0.01985897303201506,-1.265625,0.05773260163569624,2.2432995581763815,0.016633324244701316,0.1437452285067278,0.28141740371142143,0.0073769985567379275,0.03256391166970109,1.3964562401493401,4.391822559727113,-0.015625,-3.582142857140244e-05,-4.0436153327001734e-05,0.056618896923377626,-2.3301519943905272e-05,-0.0009020719005577538,-8.035819488747391e-05,0.0009417604709038618,1.754702496420017e-05,-1.7892036673954102e-07,1.182422025118055e-05,-2.880832434763718e-05,-2.8322503340972208e-06,2.458146220649041e-06,-2.3301519943905272e-05,-4.065972815381008e-05,-42.37453855843059,0.5529082477265579
233,2025-08-19 09:59:26,111.71875,0.0206762579365079,113.0,0.0198185368786881,5.643404766870649,5.643403330996784,0.019818560561058393,0.019818536878688106,-1.28125,0.05717858358557431,2.2508569341591813,0.016493344820219493,0.14134996561399793,0.2750270837915898,0.007285867746375618,0.032091387558320535,1.3931542957682737,4.379531441304954,0.03125,-8.269841269899214e-06,0.0009079110796790003,-0.053719689852848695,0.0009526165370876459,0.0017868307370491972,-1.8614229566748415e-05,-0.0008860173683782797,6.901853789745993e-05,1.3988600860167938e-06,1.0512797069649223e-05,-5.387310583064208e-05,6.189134046602143e-07,-1.1318134330039032e-06,0.0009526165370876459,0.0009087433282983094,4.92399073094818,0.09166631379839973
234,2025-08-19 10:04:26,111.75,0.020667988095238,113.0,0.0207264479583671,5.58973860868369,5.589683641143935,0.020727388237036487,0.02072644795836716,-1.25,0.059911954355023715,2.313151876746467,0.017105868067084175,0.14806748049842203,0.28661376169786945,0.007404662268378682,0.03311177563980165,1.4151253461945308,4.4775608968362,-0.015625,-3.582142857139897e-05,-0.0009732788688552006,0.0015274433858696312,-0.0009749640269929338,-0.0009361242867972455,-8.286040472767104e-05,2.6128245038626256e-05,1.8074643615530033e-05,-1.8222412217322633e-07,8.637846929276771e-09,-7.902556671158471e-07,-7.742887220607789e-08,2.506134810001673e-06,-0.0009749640269929338,-0.0009733169388753247,0.17314237385173126,0.003911522313115867
236,2025-08-19 10:14:26,111.734375,0.0206321666666666,113.0,0.0197531690895119,5.5912125269131625,5.591211084529805,0.019753192967153443,0.019753169089511996,-1.265625,0.057525227499661914,2.2430638681614936,0.016554290965667483,0.14350262931184937,0.2815842043195918,0.007352891733937875,0.03248321561769167,1.3974746730059542,4.4013922085128385,0.0,-1.1023809523801054e-05,-2.4542495864997294e-05,1.0865976508789288e-05,-2.45472302955801e-05,0.0,-2.4727108832332705e-05,1.798785367526056e-07,0.0,0.0,4.3407592488540946e-13,0.0,-1.673957425336916e-10,-0.0,-2.45472302955801e-05,-2.4547397257246708e-05,0.019290746176947593,0.01997104237636549
237,2025-08-19 10:19:26,111.734375,0.0206211428571428,113.0,0.0197286265936469,5.591223399317428,5.591221950506314,0.019728650555491556,0.01972862659364684,-1.265625,0.057477056866622245,2.2421896625975455,0.01653896545496494,0.1434461434425501,0.28162274401830384,0.00734996890209347,0.03247036638887807,1.397455837320996,4.402011725348968,0.0,-3.031349206349815e-05,0.0153374096538244,0.7968135963030223,0.013110503944760057,0.0,-6.796859854200828e-05,0.013178472543302065,0.0,0.0,0.0023332913869405095,0.0,-3.375443145780043e-05,-0.0,0.013110503944760057,0.015410040900242766,-14.519438153684982,0.47355614838293647
238,2025-08-19 10:29:26,111.734375,0.0205908293650793,113.0,0.0350660362474713,6.388041922034753,6.388035546809336,0.03506617694461782,0.03506603624747129,-1.265625,0.08368488891993053,3.4233619561203983,0.022069339275542117,0.16778308189998214,0.25272297443209946,0.0065860285483828026,0.03324190378616923,1.5575167618962378,5.156432974715369,0.0,-1.3777777777800038e-05,-0.001570781434381302,-0.06983626166472057,-0.0015884064726986555,0.0,-4.716632028440169e-05,-0.0015412401524142539,0.0,0.0,1.6060371255505862e-05,-0.0,1.4986247075847287e-06,-0.0,-0.0015884064726986555,-0.0015708474767355649,1.1220554261449855,0.004204426715093135
239,2025-08-19 10:34:27,111.734375,0.0205770515873015,113.0,0.03349525481309,6.318207062416083,6.318199285144615,0.03349542268836972,0.03349525481309008,-1.265625,0.08129204836127246,3.31389808062902,0.021585343760995974,0.16602844601970723,0.25581014357246207,0.006662020315445157,0.03325785441553738,1.5472895979654584,5.105924702141659,0.0,-2.7559523809502634e-05,-0.0007719702532114001,-0.03175238585376672,-0.0007767156169407009,0.0,-9.132945305536055e-05,-0.0006853861638853403,0.0,0.0,3.3583710998291883e-06,-0.0,1.354003162284734e-06,-0.0,-0.0007767156169407009,-0.0007720032426785869,0.6147081068940352,0.004273411708499708
241,2025-08-19 10:44:27,111.734375,0.020549492063492,113.0,0.0327232845598786,6.286455481572523,6.286446899290849,0.032723467626551886,0.03272328455987869,-1.265625,0.08009583046769964,3.2627222507799116,0.021330740900823927,0.16511996862051517,0.2573315570181107,0.006692666498109472,0.033242937327429556,1.5427104781946048,5.084796247996101,-0.015625,-1.6531746031698408e-05,-0.0012682998675615023,0.0007611942338172639,-0.0012692063705312371,-0.0012514973510578068,-5.39384956218649e-05,1.6236836976757244e-05,2.015624616949648e-05,-1.6360699781933513e-07,1.938921239757171e-09,-3.953801907623135e-07,-1.9413267726133475e-08,1.3134462530438201e-06,-0.0012692063705312371,-0.0012683057788154422,0.07147386772796693,0.00046607699732970076
242,2025-08-19 10:49:27,111.71875,0.0205329603174603,113.0,0.0314549846923171,6.287218347905018,6.287208093524666,0.03145519792490077,0.03145498469231703,-1.28125,0.07748904845673574,3.1836088417395945,0.02079425813218421,0.16107718386939598,0.25427324711235827,0.006689383818835719,0.03282540338456732,1.5305100980791058,5.02558176321919,0.03125,-2.480158730160109e-05,0.0024532056634428007,0.0015871505711801959,0.002455522099622406,0.002421532764272992,-7.895855262255369e-05,3.3003618671764605e-05,7.865096868622851e-05,1.293300613974804e-06,8.425435904937219e-09,1.628089304094886e-06,-6.024677520745687e-08,-3.895075151306721e-06,0.002455522099622406,0.0024532032924358916,0.09442486678246098,-9.664933292574673e-05
244,2025-08-19 10:59:26,111.75,0.0205081587301587,113.0,0.0339081903557599,6.288802498912504,6.288795244095846,0.03390834854478304,0.03390819035575994,-1.25,0.08257350685872616,3.3431834552634796,0.021804665060117166,0.16906561743532392,0.2605575896858952,0.006679445509532376,0.03360453212283565,1.555730357202281,5.152388972964604,-0.015625,-1.9293650793700268e-05,-0.0013216923491085955,0.0005170439826116535,-0.0013229670532313466,-0.0012902110446675963,-6.450221412512983e-05,1.1273970862196149e-05,2.063789275333544e-05,-1.656580541521042e-07,8.928230458390313e-10,-2.7148470504050296e-07,-1.551944650028592e-08,1.5532561499639225e-06,-0.0013229670532313466,-0.0013216999084098777,0.09644484388600105,0.0005719410638427291
246,2025-08-19 11:09:26,111.734375,0.020488865079365,113.0,0.0325864980066513,6.289320981746068,6.289312288078458,0.03258668280238562,0.03258649800665134,-1.265625,0.0798824373572537,3.2624478532382652,0.021256331640636426,0.1649556726578488,0.25760131645937306,0.006679916374897423,0.03319472998714379,1.543970628327651,5.094767875109174,0.0,-2.4801587301597622e-05,0.0012142626059982939,0.060466872716762765,0.0012043900144906611,0.0,-8.091388524899858e-05,0.0012853038997396597,0.0,0.0,1.2211697728289677e-05,0.0,-2.3154532604550383e-06,-0.0,0.0012043900144906611,0.0012142862589584957,-0.8130524203630696,0.0019479279099066105
247,2025-08-19 11:14:26,111.734375,0.0204640634920634,113.0,0.0338007606126496,6.349786565035571,6.3497791607952205,0.03380092069040627,0.03380076061264957,-1.265625,0.08176170920087833,3.354182903929438,0.02161971626786762,0.16637937719584173,0.2552086687836395,0.006609861227168494,0.03316239729463532,1.5537206324773416,5.144967893232795,0.015625,-1.928968253959995e-05,0.0,-0.056181164260148186,1.8676991833983368e-05,0.001277526706263724,-6.470112339655234e-05,-0.0012146208309028687,2.0309982567851773e-05,1.6225730182879098e-07,1.043142922829808e-05,-2.9110970151096886e-05,1.6837931880981844e-06,-1.550699958388984e-06,1.8676991833983368e-05,1.305441408937632e-07,inf,inf
249,2025-08-19 11:24:27,111.75,0.0204447738095238,113.0,0.0338007606126496,6.29360531251174,6.293597996535072,0.03380091964786616,0.03380076061264964,-1.25,0.08240781028792055,3.345855638882632,0.02173804611414187,0.1689426089760692,0.26077676997347,0.006664402596107266,0.03355445666157106,1.5573935308455475,5.1646025333308705,-0.015625,-2.2043650793703018e-05,-0.0013620449070543966,-0.0010818645849344222,-0.0013644374516279428,-0.0012876220357487585,-7.375487330967085e-05,-2.351762223656142e-05,2.062287707227407e-05,-1.657974052260526e-07,3.900111631289131e-09,5.672090363886036e-07,3.7141102666251785e-08,1.7788546052034321e-06,-0.0013644374516279428,-0.0013620503467720532,0.1756582739052437,0.0003993787303535612
250,2025-08-19 11:29:27,111.734375,0.0204227301587301,113.0,0.0324387157055952,6.292524947555729,6.292516131950138,0.032438902381189974,0.03243871570559517,-1.265625,0.07965139907567553,3.262235671360221,0.021175554399326075,0.16477702316781292,0.2578928034525308,0.006665888842467903,0.033141896750629694,1.5453557625193313,5.1057306815958725,-0.015625,-2.2047619047598638e-05,-0.001304884386740899,-0.0004909153357273155,-0.0013069226253980023,-0.0012445531105574302,-7.192452932563734e-05,-1.0395404397157193e-05,2.0114382710914664e-05,-1.639638286924558e-07,8.032324958545322e-10,2.5421664640586565e-07,1.672618020463084e-08,1.7588938285540928e-06,-0.0013069226253980023,-0.001304891985510342,0.15620070849295953,0.0005823327737131123
252,2025-08-19 11:39:27,111.71875,0.0204006825396825,113.0,0.0311338313188543,6.292035809652491,6.292025216614411,0.031134049788014692,0.031133831318854374,-1.28125,0.0769808316156878,3.1804210857661315,0.020623808290501117,0.16066959938453937,0.25488365281973013,0.0066622443723415165,0.0327172757775768,1.5328609167577083,5.04536855105253,0.015625,-1.9289682539700564e-05,-5.920515891950223e-05,-0.05828432631154712,-4.07935524138698e-05,0.001202825493995122,-6.134931308699846e-05,-0.0012020447721903579,1.961298820612053e-05,1.620506622439894e-07,1.1316030906433655e-05,-2.9795380897580666e-05,1.7233743010243363e-06,-1.52068058821238e-06,-4.07935524138698e-05,-5.9070208692204856e-05,-31.097976665624028,-0.22793660174252883
254,2025-08-19 11:49:26,111.734375,0.0203813928571428,113.0,0.0310746261599348,6.233751449497102,6.2337408903028635,0.031074844930116613,0.031074626159934823,-1.265625,0.07749422421916578,3.168410878308885,0.020718418676693127,0.1630699726034204,0.2605839660999321,0.006721815609590045,0.03310779798327114,1.5362167820960502,5.063084636138466,0.0,-2.480158730160109e-05,-3.838487731399817e-05,0.0019419245088894144,-3.834801399201783e-05,0.0,-7.85816190057204e-05,4.0233605013702575e-05,0.0,0.0,1.267422127819032e-08,0.0,-7.398851736411724e-08,-0.0,-3.834801399201783e-05,-3.840932828810376e-05,-0.09603605523808012,0.06369949786622087
255,2025-08-19 11:54:26,111.734375,0.0203565912698412,113.0,0.0310362412826208,6.235693407443242,6.235682814811753,0.031036460480108358,0.03103624128262074,-1.265625,0.07743286738155601,3.16942095933258,0.02069335755114063,0.1630203753921501,0.26065967212855096,0.00671558648265922,0.03308742101436066,1.5368394428869658,5.067711481522995,-0.015625,-1.9289682539697095e-05,-5.587749485870194e-05,0.058677435791588906,-3.70582927459888e-05,-0.0012098885528368127,-6.11371241401877e-05,0.0012142331590194457,1.9899948167987074e-05,-1.6572295642124874e-07,1.156102138119668e-05,-3.033570346999089e-05,-1.7395010903789341e-06,1.527414776271197e-06,-3.70582927459888e-05,-5.604506114889076e-05,-33.679394826667654,0.2998815365873986
257,2025-08-19 12:04:26,111.71875,0.0203373015873015,113.0,0.0309803637877621,6.294371010354643,6.294360250603342,0.030980584816676773,0.030980363787762172,-1.28125,0.07673708470803195,3.1788817463045884,0.020542159714727826,0.16047270632864136,0.2551752418757916,0.006649144059914494,0.032665059958057456,1.533985900689686,5.054890249352224,0.0,-2.4801587301500477e-05,-0.0012012792933119992,-0.05523913326715402,-0.0012135724112291326,0.0,-7.884131315211954e-05,-0.001134731098077013,0.0,0.0,1.0144472240194907e-05,-0.0,2.101588581295541e-06,-0.0,-0.0012135724112291326,-0.001201326350407642,1.0233355378365339,0.003917248545359797
259,2025-08-19 12:14:27,111.71875,0.0203125,113.0,0.0297790844944501,6.239133812836938,6.239121117336188,0.029779340125433373,0.02977908449445002,-1.28125,0.07480884385250139,3.092379462903813,0.020135514813359585,0.15888245547354818,0.25745398010849524,0.00670034040028457,0.03262769583200489,1.5246707716459285,5.010908211088828,0.0,-1.6535714285802194e-05,0.001106736101476699,0.057035293847066626,0.0010973003008800668,0.0,-5.1134703261859895e-05,0.0011484350041419268,0.0,0.0,1.0898186558415464e-05,0.0,-1.4379464663518545e-06,-0.0,0.0010973003008800668,0.0011067605409721304,-0.8525790912614406,0.002208249590718303
260,2025-08-19 12:19:28,111.71875,0.0202959642857142,113.0,0.0308858205959268,6.296167273163867,6.296156411183254,0.03088604316555471,0.03088582059592683,-1.28125,0.076586637044983,3.1782783880985592,0.020490667779577226,0.16035071976434218,0.2553548349709716,0.006640299282530205,0.03263091738527072,1.5347640004300267,5.061335268575385,0.0,-3.031349206349815e-05,0.0,0.0047071562327767325,1.0805785918095376e-07,0.0,-9.634471669321336e-05,9.645277455239431e-05,0.0,0.0,7.356561738459866e-08,0.0,-2.1899600180491044e-07,-0.0,1.0805785918095376e-07,-3.737252523935802e-08,inf,-inf
262,2025-08-19 12:29:26,111.71875,0.0202656507936507,113.0,0.0308858205959268,6.300874401060168,6.300863567416031,0.030886042419078844,0.030885820595926844,-1.28125,0.07658663704498306,3.183032477551412,0.02047535991367595,0.16035071976434223,0.2553548349709715,0.006630381514802265,0.03260653996073078,1.5359114264878724,5.068906046738738,0.0,-1.101984126980135e-05,-0.00010157525822759861,-0.003252388406658646,-0.00010167033586464192,0.0,-3.507651265923909e-05,-6.659382320540283e-05,0.0,0.0,3.5068188440427725e-08,-0.0,5.504830038140215e-08,-0.0,-0.00010167033586464192,-0.00010158021937582008,0.09360314578799045,0.004884209312416843
263,2025-08-19 12:34:26,111.71875,0.0202546309523809,113.0,0.0307842453376992,6.297622155125572,6.2976111790093725,0.03078446965555766,0.03078424533769926,-1.28125,0.0764247532571593,3.177136644726321,0.020436869916233856,0.16021906858307022,0.25554774901146843,0.006631782475765534,0.032596595087718616,1.5354823674301923,5.067499923960065,-0.03125,-3.307142857139969e-05,-0.0012022909828460007,0.061725890848208564,-0.0011549298011496601,-0.0023882735392862283,-0.00010507244760764301,0.0012614840017284882,7.823196708157726e-05,-1.2997830658542299e-06,1.2633829459955636e-05,-6.287668345024284e-05,-3.1344774911581703e-06,5.237170680338083e-06,-0.0011549298011496601,-0.0012030699619507675,-3.939244523337404,0.0647912290685948
265,2025-08-19 12:44:26,111.6875,0.0202215595238095,113.0,0.0295819543548532,6.359350251446464,6.359337069857581,0.02958221519033824,0.02958195435485317,-1.3125,0.0733374983075997,3.11146676732358,0.019787820570170835,0.15387620702649404,0.24696331652316178,0.006554603219417559,0.03175842379539042,1.5199310352211748,4.993742482731769,0.03125,-1.1019841269898495e-05,0.0,-0.11432873798577958,7.15833860398289e-05,0.0022917968221124905,-3.428786989247004e-05,-0.002262316553276681,7.51348667121553e-05,1.2561203843341155e-06,4.283780705821214e-05,-0.00011346564102951685,1.914937621031476e-06,-1.719695296951654e-06,7.15833860398289e-05,1.1507943926040125e-06,inf,inf
266,2025-08-19 12:49:27,111.71875,0.0202105396825396,113.0,0.0295819543548532,6.245021274726845,6.2450083318718015,0.029582213462674548,0.029581954354853238,-1.28125,0.07448891054754474,3.092962210749465,0.020019328133774123,0.15861292179740177,0.25782705549615437,0.006676368168432253,0.032541638898343876,1.526760391895742,5.027644220418576,0.03125,-3.307142857139969e-05,0.003533090771256301,0.05823236629854467,0.003470021716660157,0.002327778454610773,-0.0001022886788268394,0.0011657728489366955,7.744771572138758e-05,1.3113762181404336e-06,1.1319810553160457e-05,5.9218019883854066e-05,-2.9402772136420665e-06,-5.195980522436982e-06,0.003470021716660157,0.003532423289361092,-1.7850957894783304,-0.018892293983474584
268,2025-08-19 12:59:27,111.75,0.0201774682539682,113.0,0.0331150451261095,6.303248513066182,6.303240698170346,0.033115212248164355,0.03311504512610948,-1.25,0.08134400288022015,3.3402369174803477,0.02138503909037011,0.1681432680568575,0.2621772726443835,0.006612591994617517,0.03334460718469485,1.5627777795867883,5.208262068005906,0.0,-8.26587301589951e-06,0.0,0.0012914851350194212,8.485894110073493e-09,0.0,-2.7609974202912167e-05,2.761846009702224e-05,0.0,0.0,5.514683025177058e-09,0.0,-1.6683046817113053e-08,-0.0,8.485894110073493e-09,-2.6824696818625013e-09,inf,-inf
269,2025-08-19 13:04:27,111.75,0.0201692023809523,113.0,0.0331150451261095,6.304539992588738,6.304532183305366,0.03311521209393087,0.03311504512610944,-1.25,0.08134400288022009,3.3416058349854323,0.02138065835928744,0.16814326805685748,0.2621772726443835,0.006609883089563351,0.03333777653283044,1.5630979806338878,5.210396551664433,0.03125,-4.133730158730267e-05,0.0025290120245103007,0.002165166401394636,0.0025335945126120623,0.002542000090006878,-0.00013813296818668318,4.6292683119226526e-05,8.210120510588744e-05,1.3335025667540664e-06,1.5493385993751325e-08,2.2556823014402195e-06,-1.3990060885862013e-07,-6.730741676424828e-06,0.0025335945126120623,0.0025289950460142133,0.18119677001728896,-0.0006713489664300631
272,2025-08-19 13:19:26,111.78125,0.020127865079365,113.0,0.0356440571506198,6.306702864611712,6.30669734970676,0.035644180592230804,0.035644057150619746,-1.21875,0.0865807943234268,3.506690840674833,0.022383252660579913,0.17632889833414875,0.2684333242672761,0.006584893737894675,0.0340750210337485,1.587654336251076,5.338391428931507,0.0,-4.409126984119757e-05,-0.00013748366939130008,0.0007644024158581786,-0.00013750463969733876,0.0,-0.00015461445210585004,1.7109812408511288e-05,0.0,0.0,1.9238130981587836e-09,0.0,-5.35094653486748e-08,-0.0,-0.00013750463969733876,-0.00013755622534958927,0.015252943227017646,0.052774237558850245
275,2025-08-19 13:34:27,111.78125,0.0200837738095238,113.0,0.0355065734812285,6.307467340485788,6.307461752122618,0.03550669820388673,0.035506573481228446,-1.21875,0.08637129265660926,3.5046099339088514,0.022318262391222258,0.17618155222293433,0.26873268278643264,0.006577796569876867,0.03404242074071113,1.5885326949536296,5.345640436108665,0.015625,-4.133730158730267e-05,0.0012911620565035017,0.002992240228540055,0.0012931393253087572,0.0013495514477595196,-0.00014487111778384708,6.67816025581278e-05,2.1506537136588663e-05,1.7085563836824584e-07,2.944715600806515e-08,1.591610950269409e-06,-1.9648741480148052e-07,-3.4527242325735012e-06,0.0012931393253087572,0.0012911111717676595,0.15313870131916651,-0.0039410030356679115
278,2025-08-19 13:49:26,111.796875,0.0200424365079365,113.0,0.036797735537732,6.310458687260818,6.3104539923511584,0.036797842612495066,0.03679773553773198,-1.203125,0.0890364239399068,3.5903739306706117,0.022806549776747596,0.1803218971942981,0.27182380858126814,0.006554638745505272,0.034379425446228226,1.6008357065601995,5.412260691857028,0.0,-4.133333333340011e-05,-0.0001246170467368024,0.0010430412580646475,-0.00012461395009670555,0.0,-0.0001484021224679584,2.378817237125282e-05,0.0,0.0,3.5655106681809214e-09,0.0,-6.901582449222635e-08,-0.0,-0.00012461395009670555,-0.0001246794004105296,-0.002484924958456869,0.05003623128614354
281,2025-08-19 14:04:26,111.796875,0.0200011031746031,113.0,0.0366731184909952,6.311501782846776,6.311497033609223,0.036673226522906624,0.036673118490995166,-1.203125,0.08884840877205807,3.5890235413908984,0.022747196034532208,0.18019450279517368,0.27210315286163195,0.006547843266532235,0.034349459410498766,1.6017588837086731,5.419613840368719,-0.015625,-4.409126984119757e-05,-0.00010428078353189735,0.06338247371782213,-8.29040369389412e-05,-0.0013882563870634074,-0.00015824460542987663,0.0014417735548128854,2.1996399266988975e-05,-1.729985255315348e-07,1.3152449703153041e-05,-3.401802669230213e-05,-4.476297403632417e-06,3.733713379231035e-06,-8.29040369389412e-05,-0.00010451219795249167,-20.49921938534097,0.2219147313210712
284,2025-08-19 14:19:26,111.78125,0.0199570119047619,113.0,0.0365688377074633,6.374884355567595,6.374879507327045,0.03656894706603074,0.036568837707463275,-1.21875,0.08797950249629588,3.6025898331130777,0.02255632537204077,0.17729678225747958,0.2664256322084669,0.006480166282343921,0.03389561373323975,1.6001043872251144,5.413647454024536,0.0,-4.133730158730267e-05,-0.00010850196460410189,0.001793882816786052,-0.00010845793793200651,0.0,-0.0001489213424267457,4.0463404494739185e-05,0.0,0.0,1.0426637965152319e-08,0.0,-1.1865458077462273e-07,-0.0,-0.00010845793793200651,-0.00010856616587481598,-0.04057684324521027,0.05917060667826046
287,2025-08-19 14:34:26,111.78125,0.0199156746031746,113.0,0.0364603357428592,6.37667828491377,6.376673390143831,0.03646044588396467,0.03646033574285924,-1.21875,0.08781633233906389,3.6023507523621965,0.022501778278761264,0.17718528276115417,0.26666063343177737,0.006472447805976385,0.03386476774848364,1.601112320896725,5.421472475020622,0.0,-5.511904761997671e-06,-0.0013863902860151017,-0.0612964797829223,-0.001399135611610221,0.0,-1.9855814266331084e-05,-0.0013792797973438899,0.0,0.0,1.2159329553096995e-05,-0.0,5.409523832319719e-07,-0.0,-0.001399135611610221,-0.001386435329673892,0.919317289199495,0.0032489883436515044
288,2025-08-19 14:39:26,111.78125,0.0199101626984126,113.0,0.0350739454568441,6.315382720115812,6.315376910360909,0.035074073817946236,0.03507394545684407,-1.21875,0.08570935966862497,3.5040453879391285,0.022094045934782813,0.17571189750778865,0.2696760873864501,0.006543828007927709,0.03390912025160178,1.5926737315531558,5.377878582194888,-0.015625,-3.582539682530153e-05,-8.873075675810277e-05,0.06225076892643866,-6.809346240288161e-05,-0.0013392087448222652,-0.00012553381651678693,0.0013753713481362863,2.1449206238743732e-05,-1.7145543885958997e-07,1.2679184486636937e-05,-3.298232514502006e-05,-3.5519148593055765e-06,3.0103849107097163e-06,-6.809346240288161e-05,-8.893813300986061e-05,-23.258332408324232,0.2337140573738017
290,2025-08-19 14:49:26,111.765625,0.0198743373015873,113.0,0.034985214700086,6.377633600747908,6.377627679287348,0.03498534447464126,0.03498521470008599,-1.234375,0.08489038046545783,3.516388394896879,0.021915951371867155,0.17290538131113087,0.26402475435584255,0.0064771569515453585,0.03346543429449246,1.590615220767178,5.369489226664207,0.0,-8.26587301589951e-06,-0.001348373898863997,-0.06078289124762826,-0.001361180908771311,0.0,-2.9066019946800304e-05,-0.0013321148888245106,0.0,0.0,1.1965122067321804e-05,-0.0,7.991627218113966e-07,-0.0,-0.001361180908771311,-0.0013484166239821778,0.9498114668419433,0.003168640257489308
291,2025-08-19 14:54:26,111.765625,0.0198660714285714,113.0,0.033636840801222,6.31685181808953,6.316844788039719,0.03363699199732366,0.03363684080122209,-1.234375,0.08281124602384743,3.419321557872765,0.021507093678973976,0.1713837053804896,0.2668727562471978,0.006544302278090281,0.033490099634803885,1.5817529812487043,5.324448824461286,-0.015625,-3.30674603175006e-05,-0.0013511329545963027,0.0015439263684795534,-0.001353037440665737,-0.001293925719122616,-0.00011306827992773199,3.320536904032785e-05,2.0920862473204298e-05,-1.6967312892099878e-07,7.799854913015729e-09,-8.07910123580956e-07,-8.075438001880117e-08,2.7510312533661924e-06,-0.001353037440665737,-0.0013511672740610574,0.1409547493424368,0.002540050898613977
293,2025-08-19 15:04:26,111.75,0.0198330039682539,113.0,0.0322857078466257,6.318397176016346,6.318388714408199,0.03228588507602312,0.032285707846625794,-1.25,0.08004282129096657,3.336338627072466,0.02094509224457066,0.16714270943271323,0.26387379969393987,0.00654176264556018,0.03306671941763566,1.570072078246507,5.267189658342152,0.015625,-1.1023809523797584e-05,0.0,-0.058029997029878544,1.9017209612891488e-05,0.0012506690826713527,-3.677916153173521e-05,-0.0012154436407429677,2.0403162772548e-05,1.6776644369375856e-07,1.1014629253115705e-05,-2.998221296239413e-05,1.0043933745533988e-06,-9.072577424887555e-07,1.9017209612891488e-05,1.4676153567770675e-07,inf,inf
294,2025-08-19 15:09:26,111.765625,0.0198219801587301,113.0,0.0322857078466257,6.260367083861521,6.26035871737832,0.03228588409761912,0.032285707846625794,-1.234375,0.08068603555278103,3.3266740236344505,0.021066290117847893,0.169762516661583,0.26973881623076823,0.006599903743841953,0.033472619695488634,1.5736080491179172,5.2858141524233675,0.0,-3.30674603175006e-05,0.0025178003722175005,0.12270043486372728,0.002474838297159585,0.0,-0.00011000466126579226,0.002584842958425377,0.0,0.0,4.968208457464481e-05,0.0,-6.384744333213886e-06,-0.0,0.002474838297159585,0.002518135637401016,-1.706333652658787,0.01331579688426121
296,2025-08-19 15:19:26,111.765625,0.0197889126984126,113.0,0.0348035082188432,6.383065164826888,6.383059152242048,0.03480363938415332,0.03480350821884323,-1.234375,0.08461255504613818,3.5183118187461093,0.021815108952109506,0.17270566555780356,0.26440765914430747,0.006458669790691696,0.03339833625825528,1.592840931476501,5.386439345402101,0.015625,-1.1023809523801054e-05,-5.6061997227699334e-05,-0.06145858352262934,-3.6189381900214186e-05,0.001322071172595909,-3.878519933519517e-05,-0.001340725695588481,2.1082234565161568e-05,1.6810586239134946e-07,1.2197706483178723e-05,-3.2072100600700656e-05,1.0791620251888235e-06,-9.277981461753186e-07,-3.6189381900214186e-05,-5.591241213872261e-05,-35.447569316468105,-0.26682083474331986
297,2025-08-19 15:24:26,111.78125,0.0197778888888888,113.0,0.0347474462216155,6.321606552259536,6.321600568719418,0.03474757740373813,0.03474744622161556,-1.21875,0.0852070837556016,3.50375058549896,0.0219238115477502,0.17535133481841333,0.27038940453305815,0.006517547886997424,0.033806223121311964,1.5958514665413255,5.402736371676227,0.0,-3.0313492063401004e-05,0.001307687592628802,0.0640245329824154,0.001297450879973533,0.0,-0.00010621091556565935,0.0014036617955391923,0.0,0.0,1.3358173306732963e-05,0.0,-3.0972399723890057e-06,-0.0,0.001297450879973533,0.0013077118133078768,-0.7828102608735898,0.001852176254590887
299,2025-08-19 15:34:26,111.78125,0.0197475753968254,113.0,0.0360551338142443,6.385630169000516,6.385625101701834,0.036055246764713667,0.036055133814244286,-1.21875,0.08720478079077093,3.603884465377914,0.022290059021013043,0.17676408118804926,0.26753957504875203,0.00643897060207764,0.033736904455997654,1.605435352254774,5.4546246721146225,0.0,-1.3777777777800038e-05,-0.0013938802190410007,-0.06090444450634269,-0.0014072171819892348,0.0,-4.965351930084259e-05,-0.0013575636626883922,0.0,0.0,1.1942202181924323e-05,-0.0,1.347165599076652e-06,-0.0,-0.0014072171819892348,-0.001393927814208234,0.956822743162955,0.003414580864480321
301,2025-08-19 15:44:26,111.78125,0.0197337976190476,113.0,0.0346612535952033,6.324726682767293,6.324720657195491,0.0346613853971213,0.03466125359520325,-1.21875,0.0850740931422947,3.5052884214957265,0.021873741483741677,0.17525525789062668,0.27057789715703157,0.006507551532646534,0.03377103229234356,1.5970617593948315,5.411840885305222,0.0,-2.755952380959978e-05,0.0,0.004421071862279469,1.0130328481959907e-07,0.0,-9.660407971172589e-05,9.670538299654549e-05,0.0,0.0,6.359789899909062e-08,0.0,-1.9459021342556878e-07,-0.0,1.0130328481959907e-07,-2.968902960687909e-08,inf,-inf
303,2025-08-19 15:54:26,111.78125,0.019706238095238,113.0,0.0346612535952033,6.329147739795514,6.3291417290577705,0.034661384980803844,0.03466125359520329,-1.21875,0.08507409314229475,3.5101906295805416,0.021858462100353495,0.1752552578906267,0.27057789715703146,0.006498463316335189,0.03374744233859954,1.5981781288266972,5.419409440856593,0.0,-1.6531746031698408e-05,-0.00015726123507420198,-0.004548801765674071,-0.0001574593910080808,0.0,-5.8029580011073055e-05,-9.942981099700774e-05,0.0,0.0,6.723179366610736e-08,-0.0,1.2018241281363327e-07,-0.0,-0.0001574593910080808,-0.00015727197680160106,0.12600430982583344,0.006830499197096884
304,2025-08-19 15:59:27,111.78125,0.0196897063492063,113.0,0.0345039923601291,6.324599050433094,6.324592927292096,0.03450412585989751,0.03450399236012906,-1.21875,0.08483101984479624,3.501621490701738,0.02180247794303712,0.17507899242588218,0.27092199941218187,0.0065012690583332,0.0337377479423648,1.5977982894176215,5.418504426493015,-0.046875,-2.7559523809499165e-05,-0.002624746714530994,0.06143416226352283,-0.0025458432668583383,-0.003976454055224824,-9.65030208448485e-05,0.00133941696769942,0.00019234752585851314,-4.650684346598886e-06,1.2268402764564998e-05,-9.715548194517528e-05,-2.7052263042417246e-06,6.999909457209883e-06,-0.0025458432668583383,-0.002626435662885981,-3.006135686763012,0.06434709854616916
306,2025-08-19 16:09:27,111.734375,0.0196621468253968,113.0,0.0318792456455981,6.38603597597718,6.386027089555619,0.03187942873812491,0.03187924564559806,-1.265625,0.07877206912967882,3.345899784145075,0.02060359967044921,0.1640897342262771,0.258996567676883,0.0064451048721230015,0.03252038661404792,1.570586735195107,5.281113800144274,-0.015625,-1.653571428570158e-05,0.0,0.0623931328246945,1.9248527446680583e-05,-0.0012308135801512316,-5.532684285921355e-05,0.0012855231309051693,2.003048513504359e-05,-1.6466558308721099e-07,1.2545084122311069e-05,-3.170388752376108e-05,-1.6203979214252454e-06,1.364484201710335e-06,1.9248527446680583e-05,-1.6618967448433833e-07,inf,-inf
307,2025-08-19 16:14:26,111.71875,0.0196456111111111,113.0,0.0318792456455981,6.448429175289968,6.448420222380314,0.031879428937250875,0.031879245645598034,-1.28125,0.07815661674587403,3.3599721104268214,0.020472829979823703,0.16160656736943577,0.25346656465371425,0.006379991497284466,0.0321099443431833,1.5681287749476025,5.2698389800911345,0.015625,-2.480158730160109e-05,0.0,-0.05566960201847948,1.803871174049646e-05,0.0012211971366542817,-8.333264162769567e-05,-0.001139714297168781,1.9727364180839327e-05,1.61149701851981e-07,9.88613046317554e-06,-2.7930434725320953e-05,2.165106766247702e-06,-2.04219330515798e-06,1.803871174049646e-05,1.1732093944077007e-07,inf,inf
309,2025-08-19 16:24:26,111.734375,0.0196208095238095,113.0,0.0318792456455981,6.392759473560927,6.392750620361834,0.031879427861774015,0.031879245645598187,-1.265625,0.07877206912967899,3.3529489565194583,0.020581929978429375,0.16408973422627723,0.2589965676768828,0.006431554813412388,0.032486183524608934,1.5722403279766322,5.292240099169226,0.0,-1.9289682539697095e-05,-0.0001545332005009059,-0.0043759764278732405,-0.00015474336136881353,0.0,-6.467732094306899e-05,-9.006604042574454e-05,0.0,0.0,6.157946726976745e-08,-0.0,1.3271468663310218e-07,-0.0,-0.00015474336136881353,-0.00015454906721491064,0.13599722727957175,0.01026751141715021
310,2025-08-19 16:29:26,111.734375,0.0196015198412698,113.0,0.0317247124450972,6.388383668525703,6.388374643933961,0.03172489766120064,0.0317247124450971,-1.265625,0.07852786940534964,3.344422989211159,0.02052345932556396,0.16389678752241038,0.25930147373594614,0.006432795961980584,0.032470210854808924,1.5717804139081955,5.291219083719097,0.0,-2.2043650793703018e-05,-0.001228870472743896,-0.056889710540762195,-0.0012412969528070434,0.0,-7.372329248060318e-05,-0.00116757366032644,0.0,0.0,1.0409676397228127e-05,-0.0,1.971102093646613e-06,-0.0,-0.0012412969528070434,-0.0012289161743161685,1.011211542531476,0.0037189901853862395
312,2025-08-19 16:39:26,111.734375,0.0195794761904761,113.0,0.0304958419723533,6.331495600312892,6.331484933393199,0.030496056606549388,0.03049584197235336,-1.265625,0.07656515746423705,3.2533714934109934,0.020121443978506372,0.16231269814820273,0.26172506576244786,0.006485618987144963,0.0324453127117726,1.5624790541920976,5.245978150675538,-0.015625,-2.4801587301497008e-05,-8.581926954320113e-05,0.059154517813921004,-6.70978847581518e-05,-0.0011963305853787038,-8.068877711803444e-05,0.0011902743162683688,1.981356178566928e-05,-1.6640031545158885e-07,1.1347423748051476e-05,-2.9988856699793596e-05,-2.2923535477368153e-06,2.032946641964456e-06,-6.70978847581518e-05,-8.59987246156663e-05,-21.81489645006247,0.2091081331971001
313,2025-08-19 16:44:26,111.71875,0.0195546746031746,113.0,0.0304100227028101,6.390650318876257,6.39063945120712,0.030410239630513883,0.030410022702810124,-1.28125,0.07582612799287126,3.2616817150454507,0.01996079581200304,0.1597286946326029,0.2562580960625373,0.006420399718756595,0.032023773451867306,1.5595057648595805,5.232825248976481,0.015625,-1.9289682539700564e-05,-4.3863581851100175e-05,-0.0584724736794211,-2.5629606499063077e-05,0.0011847832498886135,-6.291680482877282e-05,-0.0011671571077376468,1.9498131669018908e-05,1.6292450972400494e-07,1.0975770197237599e-05,-2.9257957035625863e-05,1.7589906537026878e-06,-1.5771802787263421e-06,-2.5629606499063077e-05,-4.3729982962475e-05,-41.569736402135064,-0.30457815569802094
315,2025-08-19 16:54:27,111.734375,0.0195353849206349,113.0,0.030366159120959,6.332177796866864,6.332166977527699,0.030366376124376815,0.030366159120959024,-1.265625,0.07635583396559821,3.250614513090989,0.02005695868956004,0.16214021649119456,0.2619805824970117,0.006477331456026764,0.03240734368265014,1.5631251517702185,5.252231075311692,0.015625,-2.480158730160109e-05,0.0011560649000869998,0.0012511526762217784,0.0011574928932880212,0.001193059905712472,-8.062039963027768e-05,2.50943175413127e-05,1.9792506895897774e-05,1.665627686163659e-07,5.069752335551946e-09,6.335396059029167e-07,-4.850466807807464e-08,-2.035369805351955e-06,0.0011574928932880212,0.0011560476281728296,0.12352188885882409,-0.0014940263447837943
317,2025-08-19 17:04:26,111.75,0.0195105833333333,113.0,0.031522224021046,6.333427244170038,6.3334181302039205,0.03152241118173359,0.03152222402104604,-1.25,0.07883046265513644,3.3330705729787704,0.020535562261350164,0.1661874343351407,0.26543709758094475,0.006473540765138931,0.03279971235883605,1.5769698337200406,5.323631010150719,0.0,-1.653571428570158e-05,0.0,0.002685573449600298,3.5058092839250314e-08,0.0,-5.511470268885661e-05,5.514976078169586e-05,0.0,0.0,2.3344574415216412e-08,0.0,-7.002987965808836e-08,-0.0,3.5058092839250314e-08,-1.1627212403621635e-08,inf,-inf
318,2025-08-19 17:09:26,111.75,0.0194940476190476,113.0,0.031522224021046,6.336112804017124,6.336103703653521,0.03152241082318724,0.03152222402104604,-1.25,0.07883046265513644,3.3358978310098326,0.020526858211769992,0.1661874343351407,0.26543709758094475,0.006468054275130899,0.032785810118471106,1.577638519764321,5.328146749676272,0.0,-2.7555555555600075e-05,0.0,0.004482911310600635,9.756683844198424e-08,0.0,-9.192251801019723e-05,9.202008484863921e-05,0.0,0.0,6.499260637962801e-08,0.0,-1.9488428488299242e-07,-0.0,9.756683844198424e-08,-3.232484006138017e-08,inf,-inf
320,2025-08-19 17:19:26,111.75,0.019466492063492,113.0,0.031522224021046,6.340595692664355,6.3405866149641215,0.03152241022623428,0.03152222402104604,-1.25,0.07883046265513638,3.340619920521923,0.020512345345621075,0.1661874343351407,0.2654370975809447,0.0064589114417697635,0.03276262994793919,1.5787547283832257,5.33568894286086,0.0,-1.3781746031699127e-05,0.0,0.002245673766802625,2.4460505189108285e-08,0.0,-4.603957533306806e-05,4.606403583825717e-05,0.0,0.0,1.6286308826950256e-08,0.0,-4.8861362436386126e-08,-0.0,2.4460505189108285e-08,-8.114548420327585e-09,inf,-inf
321,2025-08-19 17:24:26,111.75,0.0194527103174603,113.0,0.031522224021046,6.342841355098234,6.342832288730924,0.03152240992792507,0.031522224021045916,-1.25,0.07883046265513616,3.342986664002986,0.020505082969171272,0.16618743433514052,0.2654370975809451,0.006454338708436956,0.032751030369823825,1.5793138829682891,5.339469141543433,0.0,-3.031349206349815e-05,-0.00019569335434260066,-0.004617636432835859,-0.00019602261788440202,0.0,-0.00010133759970763468,-9.468501817676735e-05,0.0,0.0,6.881153227736699e-08,-0.0,2.2106712247917858e-07,-0.0,-0.00019602261788440202,-0.00019573273922964546,0.1682548407979878,0.02012581734167629
323,2025-08-19 17:34:27,111.75,0.0194223968253968,113.0,0.0313265306667034,6.3382239390356725,6.338214652298088,0.03132672037098484,0.03132653066670332,-1.25,0.07851742677540456,3.3330931115221385,0.02042741075186134,0.16593712280371403,0.26583787659382485,0.00645401091303266,0.032725525228060305,1.5789585044090884,5.3397478531953775,0.0,-1.3777777777800038e-05,0.0,0.0022492847237032265,2.4446745704650714e-08,0.0,-4.5922616203268104e-05,4.5947062948972755e-05,0.0,0.0,1.6326329872308317e-08,0.0,-4.893215313038498e-08,-0.0,2.4446745704650714e-08,-8.159077553425952e-09,inf,-inf
324,2025-08-19 17:39:27,111.75,0.019408619047619,113.0,0.0313265306667034,6.3404732121492735,6.3404639370217915,0.03132672006660617,0.031326530666703434,-1.25,0.07851742677540467,3.3354592054771355,0.02042016411133076,0.16593712280371414,0.2658378765938245,0.006449432594046865,0.03271391582144564,1.5795188399985491,5.343538429904126,-0.0078125,-3.0313492063501618e-05,0.0,0.03500604191825474,5.3451802354025715e-06,-0.000613417396682849,-0.00010110941615336456,0.0007148291208588857,5.063999109000065e-06,-2.1126896269625388e-08,3.951641424629545e-06,-8.946755535592054e-06,-1.6761149051832917e-06,1.265478982702458e-06,5.3451802354025715e-06,-6.056979804077005e-08,inf,-inf
326,2025-08-19 17:49:26,111.7421875,0.0193783055555555,113.0,0.0313265306667034,6.375479272243436,6.375469978940046,0.0313267197175523,0.03132653066670339,-1.2578125,0.07820524068994432,3.3463725608053094,0.020342666564259523,0.16465687776981489,0.26293934258649926,0.006408955833110228,0.03248505282810193,1.5791569572258204,5.343797435644995,0.0,-1.1019841269797881e-05,0.0,0.0018135395219243122,1.573534593134185e-08,0.0,-3.687649444968157e-05,3.689222979561291e-05,0.0,0.0,1.053928944664263e-08,0.0,-3.155932177518279e-08,-0.0,1.573534593134185e-08,-5.284686397198311e-09,inf,-inf
327,2025-08-19 17:54:26,111.7421875,0.0193672857142857,113.0,0.0313265306667034,6.37729280238713,6.3772835184619705,0.03132671947306638,0.031326530666703406,-1.2578125,0.07820524068994436,3.3482766218592817,0.020336881619982115,0.1646568777698149,0.2629393425864992,0.006405311258728655,0.03247581489364206,1.579606157608335,5.346838016570351,-0.0234375,-4.409523809530136e-05,-0.001457458871726599,0.02413808687671004,-0.001445024812615506,-0.001832935328670571,-0.00014764305484981635,0.0004908934153444959,4.522436218043012e-05,-5.64206620044349e-07,1.8660184569307815e-06,-1.83727509678442e-05,-1.6812928111571381e-06,5.52586161088309e-06,-0.001445024812615506,-0.0014576869763266935,-0.8531327608828354,0.015650843019976435
330,2025-08-19 18:09:30,111.71875,0.0193231904761904,113.0,0.0298690717949768,6.40143308911344,6.4014216053386805,0.029869297660854666,0.029869071794976873,-1.28125,0.07495455543370552,3.2578625175679155,0.01966822429558611,0.1590046723044037,0.2572835781491058,0.006369785095806581,0.031824920923832635,1.5640249549815357,5.2715087770066305,-0.015625,-4.409126984120104e-05,-0.002369111380289699,-0.05692320004045559,-0.0024151403164939843,-0.0011711649286516488,-0.00014364329536762152,-0.0011195782660181968,1.9409750037158656e-05,-1.63576493675935e-07,1.0319850316831745e-05,2.8305880312796967e-05,3.9254151273141875e-06,3.6316799368321726e-06,-0.0024151403164939843,-0.0023689574908002096,1.9428776792527414,-0.006495662921124357
333,2025-08-19 18:24:30,111.703125,0.0192790992063492,113.0,0.0274999604146871,6.344514724340631,6.344498405298225,0.027500266280235858,0.02749996041468708,-1.296875,0.07048772003979874,3.084006183809127,0.018742809083535667,0.153232416574347,0.2560751559557268,0.006402540029437489,0.03132214361956565,1.539587338982352,5.15385309546544,0.0,-3.30674603175006e-05,-0.00011069058798800213,-0.00046876730988376636,-0.00011076626829578881,0.0,-0.00010198025210203477,-8.786016193754036e-06,0.0,0.0,7.034560071887956e-10,-0.0,2.3865057767795424e-08,-0.0,-0.00011076626829578881,-0.00011074169978201383,0.06837104144290507,0.046175374926393786
336,2025-08-19 18:39:30,111.703125,0.0192460317460317,113.0,0.0273892698266991,6.344046183118199,6.344029637988341,0.027389579037787243,0.027389269826699134,-1.296875,0.07030256641763642,3.0801910807929977,0.018688896082643004,0.15306547661057823,0.2562735365735896,0.006396509929792797,0.031290331430779555,1.5397601292317236,5.157083615958218,-0.015625,-8.26587301589951e-06,0.0,0.06009932732756251,1.7773830683730455e-05,-0.001098477600275569,-2.546046833854119e-05,0.0011231900830615627,1.8684750562814726e-05,-1.6293432653655343e-07,1.1551870321571469e-05,-2.938324798197403e-05,-7.649118869480974e-07,6.660593484669767e-07,1.7773830683730455e-05,-1.5639951515322565e-07,inf,-inf
337,2025-08-19 18:44:30,111.6875,0.0192377658730158,113.0,0.0273892698266991,6.404145621843034,6.404128965315904,0.027389579186663363,0.027389269826699092,-1.3125,0.06975513957442928,3.0913904271226955,0.018572844357494952,0.15075221961392227,0.25077731843093737,0.006332018881436199,0.03089604992573925,1.5366625801377212,5.142548504574747,0.0,-3.5825396825398675e-05,0.0,0.005971363893972459,1.549234108061924e-07,0.0,-0.00011075028879390927,0.00011090521220471547,0.0,0.0,1.1289098989336565e-07,0.0,-3.287328183921901e-07,-0.0,1.549234108061924e-07,-6.091841769263203e-08,inf,-inf
339,2025-08-19 18:54:30,111.6875,0.0192019404761904,113.0,0.0273892698266991,6.410116930609299,6.410100329209876,0.027389577875546425,0.02738926982669916,-1.3125,0.06975513957442941,3.0971580884135648,0.01855554272311975,0.15075221961392246,0.2507773184309372,0.0063202271229424725,0.030867268542060743,1.5380954012907535,5.152143047433517,0.03125,-1.653571428570158e-05,0.0,-0.11497838322898435,7.003308984716818e-05,0.002179848111700919,-5.121372124765638e-05,-0.0021334863022406544,7.360948223336058e-05,1.2755194011990215e-06,4.1776791693344496e-05,-0.00011090839473940729,2.9243034112104867e-06,-2.662323918482015e-06,7.003308984716818e-05,1.1634662938338628e-06,inf,inf
340,2025-08-19 18:59:29,111.71875,0.0191854047619047,113.0,0.0273892698266991,6.295138268909962,6.295121945980892,0.027389576259506082,0.027389269826699106,-1.28125,0.0708602319655478,3.079917872444841,0.01877309813005424,0.15543930175514867,0.2619482214580867,0.0064390277771472545,0.03163665566493678,1.5456427408432356,5.190315446699292,0.0,-4.4091269841298186e-05,0.0009758746744381007,0.05883373886687515,0.000968694063102831,0.0,-0.00013579749000300248,0.0011044915531058335,0.0,0.0,1.114405379917606e-05,0.0,-4.009481130374629e-06,-0.0,0.000968694063102831,0.0009758286357716325,-0.7358128582857448,-0.004717682267418866
343,2025-08-19 19:14:31,111.71875,0.0191413134920634,113.0,0.0283651445011372,6.353969729995304,6.353955684847767,0.028365412508099153,0.028365144501137224,-1.28125,0.07249139715210307,3.1670957991608364,0.019081774112998735,0.15689273462819328,0.26012171698775266,0.006379435142787846,0.031636798588592745,1.5572709346553482,5.250914894782991,-0.015625,-3.0313492063401004e-05,-0.0012707962745395,-0.003432392260617867,-0.0012751933834465289,-0.0011326780805016104,-9.600573337189267e-05,-6.549613378431522e-05,1.9151945145043125e-05,-1.6538093375381002e-07,3.7579072671256907e-08,1.6967172285345623e-06,1.6203060782609636e-07,2.4870869841968484e-06,-0.0012751933834465289,-0.0012708099695533,0.34601210242155567,0.0010776718561755771
346,2025-08-19 19:29:30,111.703125,0.019111,113.0,0.0270943482265977,6.350540385888679,6.350523292587149,0.02709466483403651,0.027094348226597745,-1.296875,0.06980755331383415,3.0774428059880807,0.01852225612144107,0.1526163137272411,0.25680095756028154,0.006364703395227607,0.03116660985970231,1.5420818712585032,5.178281666710686,0.0,-1.3777777777800038e-05,0.0,0.002290393918433331,2.2939671419994342e-08,0.0,-4.240032310479317e-05,4.2423262776213167e-05,0.0,0.0,1.6694312459704822e-08,0.0,-4.866276583534963e-08,-0.0,2.2939671419994342e-08,-9.028781955650464e-09,inf,-inf
347,2025-08-19 19:34:29,111.703125,0.0190972222222222,113.0,0.0270943482265977,6.352830758132685,6.352813686505582,0.027094664318572007,0.02709434822659769,-1.296875,0.06980755331383406,3.0796630410888373,0.01851557825162309,0.15261631372724105,0.25680095756028165,0.006360114861451196,0.031155373293166044,1.5426380419513628,5.182017561556782,-0.015625,-3.031349206349815e-05,-6.885804225470124e-05,0.06020435608217589,-5.0913244097330705e-05,-0.0010907430205286573,-9.335534115429504e-05,0.0011147184661281083,1.8629921109282355e-05,-1.6326965176918134e-07,1.1526323243605496e-05,-2.930764355648252e-05,-2.8153210140654136e-06,2.4544538785181175e-06,-5.0913244097330705e-05,-6.905543154575505e-05,-26.060569789355814,0.28666120120532934
349,2025-08-19 19:44:30,111.6875,0.0190669087301587,113.0,0.027025490184343,6.413035373320836,6.413018042587758,0.02702580848401824,0.02702549018434297,-1.3125,0.06914812905962496,3.088660339281971,0.018366143490152035,0.15020182986025787,0.25140234504769104,0.006291423557438499,0.030740581171363628,1.5396611246347036,5.16968703426388,0.015625,-1.3777777777800038e-05,0.0,-0.05658361753311514,1.7156823581317795e-05,0.00108043951655664,-4.2554875785731465e-05,-0.0010392228388050751,1.833518430911351e-05,1.5983730637085662e-07,1.0071643562540587e-05,-2.7178332621033127e-05,1.2003144366308352e-06,-1.1129187365447167e-06,1.7156823581317795e-05,1.375302229113741e-07,inf,inf
350,2025-08-19 19:49:30,111.703125,0.0190531309523809,113.0,0.027025490184343,6.356451607868442,6.356434425054643,0.027025807561223802,0.027025490184343026,-1.296875,0.06969162092941501,3.081037215631663,0.01847054547033558,0.15251051856351383,0.25692385024694137,0.006348467380847257,0.031116041720253684,1.5436875499178482,5.190408842945083,0.0,-2.7559523809502634e-05,0.0010104492707938006,0.058843659722011665,0.0010019625740342064,0.0,-8.491191850216452e-05,0.0010868744925363709,0.0,0.0,1.0991026313729131e-05,0.0,-2.5034031030201255e-06,-0.0,0.0010019625740342064,0.0010104501972449153,-0.8398934023602367,9.168704866446831e-05
352,2025-08-19 19:59:30,111.703125,0.0190255714285714,113.0,0.0280359394551368,6.4152927916540845,6.415278084776655,0.028036215942578366,0.028035939455136896,-1.296875,0.07137941804301837,3.16957949679655,0.018799827635823392,0.15402835290340258,0.2551115414920722,0.006294568077461894,0.03113746863843933,1.5553076158181711,5.249658884663512,0.015625,-1.653174603179902e-05,0.0011155728372217004,0.001819230093166091,0.0011160704205576879,0.001115303406922162,-5.2398683268637906e-05,3.420121218142544e-05,1.8802289172778636e-05,1.6219554995986444e-07,1.0416245375083159e-08,8.850971870635034e-07,-4.677595411456478e-08,-1.356031678669289e-06,0.0011160704205576879,0.0011155631263573425,0.044603392928310726,-0.0008704823238669945
353,2025-08-19 20:04:30,111.71875,0.0190090396825396,113.0,0.0291515122923585,6.417109678538924,6.417097314869821,0.029151750605062546,0.029151512292358586,-1.28125,0.07378679906098719,3.2534744167760987,0.019275202248005444,0.15801566418628063,0.258640535792858,0.006299276142012169,0.03154971162265741,1.5702600252702401,5.32529715124525,0.015625,-2.480158730160109e-05,0.0,-0.05571817316475958,1.770180963782208e-05,0.0011529187353279248,-8.069132978119811e-05,-0.0010739790566401304,1.9289021507114335e-05,1.6443922411146673e-07,9.778098071651428e-06,-2.746706711702271e-05,2.1699409722657648e-06,-2.063684721930885e-06,1.770180963782208e-05,1.1909684278567603e-07,inf,inf
355,2025-08-19 20:14:30,111.734375,0.018984238095238,113.0,0.0291515122923585,6.361391374623975,6.361379141705061,0.029151749362561805,0.029151512292358545,-1.265625,0.07437417109499456,3.246938907055346,0.019379653348474614,0.16047284484200489,0.2643692041019548,0.006351979393333226,0.031926794446451634,1.5746484602076793,5.349133403044171,-0.015625,-1.928968253959995e-05,0.0,0.06317334005161168,1.8969475867972124e-05,-0.00116209642335929,-6.263242074257326e-05,0.0012242774310655417,1.958897031762755e-05,-1.680814133338641e-07,1.267496483777305e-05,-3.1514410036306195e-05,-1.9188566532675313e-06,1.6122357063545626e-06,1.8969475867972124e-05,-1.7659027747398896e-07,inf,-inf
356,2025-08-19 20:19:30,111.71875,0.0189649484126984,113.0,0.0291515122923585,6.424564794234761,6.424552481756673,0.029151749342943345,0.02915151229235846,-1.28125,0.073786799060987,3.2610383613389673,0.019252834954727797,0.1580156641862805,0.2586405357928583,0.0062846650365160454,0.03151310076671887,1.572084300323233,5.337677839479698,0.015625,-2.4801587301597622e-05,0.0,-0.055773232712094334,1.770042414896257e-05,0.0011529187353279218,-8.087892761260724e-05,-0.0010737928442975777,1.9289021507114318e-05,1.6443922411146691e-07,9.774707605727505e-06,-2.746230472721703e-05,2.1746087183778313e-06,-2.0684825456821676e-06,1.770042414896257e-05,1.1895320016870832e-07,inf,inf
358,2025-08-19 20:29:30,111.734375,0.0189401468253968,113.0,0.0291515122923585,6.36879143177311,6.368779249044579,0.029151748115555043,0.02915151229235846,-1.265625,0.07437417109499443,3.2544975422036626,0.01935713545150038,0.16047284484200475,0.2643692041019549,0.006337226795096094,0.03188969758743489,1.5764802277172043,5.3615857924825585,-0.03125,-1.9289682539700564e-05,-0.001376479632355699,0.05027747561227258,-0.0013367319355838136,-0.002324192846718576,-6.27782244153444e-05,0.0009732279055862673,7.835588127051013e-05,-1.3446513066709132e-06,8.009698748273642e-06,-5.0104171647968917e-05,-1.5289281348795682e-06,3.2319777451986697e-06,-0.0013367319355838136,-0.0013771233588731897,-2.887634211038881,0.046766149121224565
360,2025-08-19 20:39:30,111.703125,0.0189208571428571,113.0,0.0277750326600028,6.4190718686450845,6.419056724656851,0.02777531525693426,0.027775032660002724,-1.296875,0.07094634932324907,3.1653845947410333,0.018660620177802643,0.15364345089109113,0.2555812192870691,0.006271448535903329,0.03104137553559875,1.5569433147423362,5.265521241187692,0.015625,-2.2047619047602107e-05,0.0,-0.05575094530219182,1.731809788102953e-05,0.0011085367081757668,-6.978919368399868e-05,-0.0010403472148376523,1.8755304063853898e-05,1.6249416305991435e-07,9.746357519445705e-06,-2.7040406712343144e-05,1.913756738617126e-06,-1.8139407251994256e-06,1.731809788102953e-05,1.2386470154979252e-07,inf,inf
361,2025-08-19 20:44:31,111.71875,0.0188988095238095,113.0,0.0277750326600028,6.363320776518544,6.3633057793546595,0.027775314053031575,0.027775032660002738,-1.28125,0.0715082140083856,3.158795047588266,0.018763035440732087,0.15602200616823667,0.26122798598566394,0.006325400497709031,0.03141499125370125,1.561301861638141,5.2887774531831475,0.0,-2.2047619047598638e-05,0.0010677304806420984,0.0601197009404526,0.0010583841695732592,0.0,-6.96439098586673e-05,0.0011280280794319264,0.0,0.0,1.1431195595341038e-05,0.0,-2.069499783938492e-06,-0.0,0.0010583841695732592,0.0010677458653846617,-0.8753436600609787,0.0014408825862011199
363,2025-08-19 20:54:30,111.71875,0.0188767619047619,113.0,0.0288427631406449,6.423438252668434,6.423425480295112,0.028843007184068764,0.028842763140644906,-1.28125,0.07328017064772653,3.250901356977003,0.01910709202738439,0.1575797500137711,0.2592229252988668,0.006269527096438318,0.031431680078565866,1.5728050294756284,5.3478201325994545,0.0,-1.9289682539700564e-05,0.0,0.0032844849679047883,4.810140034928209e-08,0.0,-6.270885514396817e-05,6.275695654431745e-05,0.0,0.0,3.38173323119354e-08,0.0,-9.964769290294795e-08,-0.0,4.810140034928209e-08,-1.7728960241730458e-08,inf,-inf
364,2025-08-19 20:59:31,111.71875,0.0188574722222222,113.0,0.0288427631406449,6.426722714312288,6.426709965263017,0.028843006613916894,0.028842763140644906,-1.28125,0.07328017064772653,3.254226768485239,0.01909732700657539,0.1575797500137712,0.25922292529886687,0.006263120426270281,0.03141561635680279,1.5736092506022854,5.353290523934076,0.0,-2.4801587301597622e-05,-0.001195698727116199,-0.05908033118927758,-0.0012089863936761917,0.0,-8.070998929778257e-05,-0.0011282764043784091,0.0,0.0,1.0930665621027971e-05,-0.0,2.305787591471543e-06,-0.0,-0.0012089863936761917,-0.001195749940463692,1.1112888438076673,0.004283131388493899
366,2025-08-19 21:09:30,111.71875,0.0188326706349206,113.0,0.0276470644135287,6.367644829212562,6.367629634073739,0.02764734836642818,0.02764706441352878,-1.28125,0.0712937264278466,3.1591948297169608,0.018687040270443784,0.15582990833287808,0.2614671855100484,0.006309035651517733,0.0313550067332933,1.562726917188609,5.300816700985696,-0.015625,-1.653174603180249e-05,0.0,0.06237976689155733,1.835770318589855e-05,-0.001113964475435103,-5.2227006589864315e-05,0.0011656932159634277,1.902220560704078e-05,-1.6623635960264103e-07,1.2274971173102817e-05,-3.056121892040698e-05,-1.6115566071956153e-06,1.3692461790911353e-06,1.835770318589855e-05,-1.7085498951008876e-07,inf,-inf
367,2025-08-19 21:14:30,111.703125,0.0188161388888888,113.0,0.0276470644135287,6.430024687943976,6.430009400965297,0.027647348231575983,0.027647064413528655,-1.296875,0.07073325019234591,3.1722567781220623,0.018565952366851223,0.15345290481594334,0.25581117141459675,0.006242350281957978,0.03095006920258943,1.5599460577596267,5.288259113847591,-0.015625,-3.031349206349815e-05,-0.0012146345969768005,-0.0019058590872198522,-0.0012181839002714109,-0.001105207034255405,-9.616218066698134e-05,-3.5384089031254325e-05,1.873204404491496e-05,-1.6264036268526506e-07,1.1337040907494801e-08,9.216636037474743e-07,9.012314471252034e-08,2.5047750105834485e-06,-0.0012181839002714109,-0.00121465600147146,0.29221160861419015,0.0017622167780118048
369,2025-08-19 21:24:30,111.6875,0.0187858253968253,113.0,0.0264324298165519,6.428122044867719,6.428103541878077,0.026432763372349885,0.026432429816551917,-1.3125,0.06815044395947695,3.0842373189774364,0.018027072332986904,0.14928358507373413,0.2524151161303903,0.0062236470176276724,0.030480950428503902,1.5446039379298602,5.214961314459675,0.015625,-1.3777777777699424e-05,0.0,-0.05678556617453001,1.7062816664357115e-05,0.0010648506868668273,-4.2493936394558574e-05,-0.001023677508897867,1.822309388107106e-05,1.6048120888416945e-07,1.003438772259942e-05,-2.7044969181568395e-05,1.208465548016873e-06,-1.1226652829675733e-06,1.7062816664357115e-05,1.3803547043744033e-07,inf,inf
370,2025-08-19 21:29:30,111.703125,0.0187720476190476,113.0,0.0264324298165519,6.37133632545328,6.371317975703547,0.026432762497020867,0.02643242981655196,-1.296875,0.06868744213029088,3.076687708059773,0.01812991546957248,0.15158451965410316,0.25797805423150755,0.006280475538318088,0.03085486781166454,1.5487075076409516,5.23614093453884,0.015625,-3.0313492063501618e-05,0.0010229107194562014,0.0014386416620899567,0.001024726574304365,0.001073241283285795,-9.326514842014292e-05,2.6082451724696174e-05,1.8503969684338765e-05,1.6401802967803164e-07,6.4993181805798065e-09,6.935796611271716e-07,-6.753952562100994e-08,-2.4800893228518604e-06,0.001024726574304365,0.0010228790244352,0.17751841031923288,-0.003098512939458953
372,2025-08-19 21:39:30,111.71875,0.0187417341269841,113.0,0.0274553405360081,6.372772127388158,6.372756617365637,0.027455628668623347,0.02745534053600819,-1.28125,0.07097151294755759,3.1583948074904526,0.018577139942464228,0.15553987566011226,0.261825045694911,0.006287164723818089,0.03127146973516451,1.564521995224799,5.3166228999746155,0.0,-1.1023809523801054e-05,0.0,0.0018750415859871694,1.536718208667567e-08,0.0,-3.4817542758737045e-05,3.483290994082372e-05,0.0,0.0,1.105214698018211e-08,0.0,-3.2338828116623924e-08,-0.0,1.536718208667567e-08,-5.919499049766144e-09,inf,-inf
373,2025-08-19 21:44:31,111.71875,0.0187307103174603,113.0,0.0274553405360081,6.3746471528476905,6.374631658951624,0.02745562828437445,0.02745534053600808,-1.28125,0.07097151294755731,3.160253655455552,0.018571675640869256,0.15553987566011201,0.2618250456949112,0.006283466639857959,0.031262271508608726,1.564982320948717,5.3197519557960815,-0.03125,-4.13373015872992e-05,-0.003287273050901301,-0.058766054186532024,-0.0033652647412407985,-0.002217859779611166,-0.0001306363584479309,-0.0010913840970460196,7.594720491216407e-05,-1.3317110478460246e-06,1.0849816183606353e-05,5.741126067090552e-05,3.801702167848033e-06,6.8720059676989815e-06,-0.0033652647412407985,-0.0032863299562507398,2.3725345942319676,-0.028689270284454338
376,2025-08-19 21:59:31,111.6875,0.018689373015873,113.0,0.0241680674851068,6.315892053906399,6.315865604765092,0.024168521808664523,0.024168067485106776,-1.3125,0.06424428257913588,2.9024164769487593,0.01717716860351998,0.14552042899381254,0.256190361309748,0.006284298858585771,0.030240599627433445,1.5213981647813455,5.109737038587792,0.015625,-4.4091269841298186e-05,0.003042414992975799,0.11982058202087487,0.0029519506324540193,0.001003816915298998,-0.00012797122807697777,0.0020581783395444623,1.7763724242408757e-05,1.6288144512796274e-07,4.511175098598559e-05,5.6616347625301986e-05,-8.03760981664784e-06,-3.5202311654132844e-06,0.0029519506324540193,0.003042120890083246,-2.9734392162357848,-0.009666757928550318
379,2025-08-19 22:14:30,111.703125,0.0186452817460317,113.0,0.0272104824780826,6.435702259694051,6.435686186785967,0.02721077716822355,0.027210482478082693,-1.296875,0.07000277485474138,3.164214215828047,0.01833453771566715,0.15279394874295255,0.25659347277737654,0.006204584067383324,0.030789980512548356,1.5624675048227405,5.313801501502922,-0.015625,-4.133730158730267e-05,-0.0022422686387529,-0.059037836892929185,-0.0022885364142619996,-0.001093793357105334,-0.0001308000773265144,-0.0010824314471648156,1.86516050711612e-05,-1.6313773649684685e-07,1.0812933979415101e-05,2.8402716366192156e-05,3.813147054013055e-06,3.4321596131670005e-06,-0.0022885364142619996,-0.0022420754572492116,2.0634358751426385,-0.00861544867325481
382,2025-08-19 22:29:31,111.6875,0.0186039444444444,113.0,0.0249682138393297,6.376671334386194,6.3766483498930375,0.02496861438596064,0.024968213839329637,-1.3125,0.06564269314014842,2.9865776292123623,0.01742674873825189,0.1468990095985362,0.2548755701438209,0.006223469368202278,0.0302360957541767,1.534933212313042,5.181829871451135,0.015625,-3.857936507939766e-05,0.0020477637228993005,0.06222389179892929,0.0020129009930466373,0.001025667080314819,-0.00011522026869534566,0.0010843601278961131,1.7932008007633812e-05,1.6204552341704108e-07,1.2048053901932787e-05,2.9396992978593066e-05,-3.6846965681686115e-06,-3.1236204123443998e-06,0.0020129009930466373,0.00204753772294665,-1.702478145442643,-0.011036427207067323
385,2025-08-19 22:44:31,111.703125,0.018565365079365,113.0,0.027015977562229,6.438888675433277,6.438872241691967,0.027016277139635336,0.027015977562228996,-1.296875,0.06967559437877832,3.161169024159632,0.018229359057971253,0.1524958753839915,0.2569408200019842,0.006186353289869443,0.03071470918588155,1.5637316391355698,5.326264459200668,0.0,-2.7539682539018395e-06,0.0,0.0004776211704813349,9.686726392696768e-10,0.0,-8.705759137753485e-06,8.706727810392755e-06,0.0,0.0,7.056215884403393e-10,0.0,-2.056859948549696e-09,-0.0,9.686726392696768e-10,-3.8256572083967974e-10,inf,-inf
386,2025-08-19 22:49:30,111.703125,0.0185626111111111,113.0,0.027015977562229,6.439366292241272,6.439349862862448,0.027016277037895053,0.027015977562228996,-1.296875,0.06967559437877832,3.1616380184775994,0.01822800694510337,0.1524958753839915,0.2569408200019842,0.006185435612221044,0.030712431006303678,1.5638476332581066,5.327054669324919,0.03125,-4.13373015872992e-05,0.0,-0.11262171910936924,6.956700720573797e-05,0.0021773623243368226,-0.00013069358427967957,-0.0020528694780950632,7.44608766523396e-05,1.306868591318686e-06,3.922695519667586e-05,-0.00010809021181118173,7.280458202104847e-06,-6.881439544934831e-06,6.956700720573797e-05,1.1027692484021163e-06,inf,inf
389,2025-08-19 23:04:30,111.734375,0.0185212738095238,113.0,0.027015977562229,6.326744261938682,6.326728143753079,0.027016274651842254,0.027015977562229038,-1.265625,0.07079320254064843,3.148099470020618,0.018431900640914982,0.1572968751365211,0.2685319346877867,0.0062946536344569756,0.03146632083302443,1.5726905056404805,5.3743295315976445,-0.03125,-4.4091269841301656e-05,0.0009207984157200005,0.17769704046858958,0.00099964220224993,-0.0022122875793952634,-0.0001388037032199378,0.003275294194101692,7.680511481275444e-05,-1.3658240493153214e-06,9.938074124665889e-05,-0.00017473350270198645,-1.2321854224033532e-05,7.405031674804628e-06,0.00099964220224993,0.0009193726182453735,8.562545849764414,-0.15484360640566353
392,2025-08-19 23:19:31,111.703125,0.0184771825396825,113.0,0.027936775977949,6.504439346548267,6.5044251842216685,0.02793703789868643,0.027936775977949052,-1.296875,0.07121504196229334,3.255198222576669,0.018494145157454497,0.15388262639456604,0.2552901824817886,0.00611741553267662,0.0306816552505759,1.577199789128312,5.400350694075086,0.015625,-4.4091269841298186e-05,-6.709567115599849e-05,-0.05613194195626647,-4.995626564756367e-05,0.0011127350306608334,-0.00014352582321854214,-0.0010381122825090026,1.8784500292305425e-05,1.6230912684236437e-07,9.637360854570989e-06,-2.690970143199226e-05,3.903456865254536e-06,-3.720442495157915e-06,-4.995626564756367e-05,-6.704559185488832e-05,-25.544726229186132,-0.07463864694599032
395,2025-08-19 23:34:31,111.71875,0.0184330912698412,113.0,0.027869680306793,6.448307384977176,6.448293242265402,0.027869942822753638,0.027869680306792988,-1.28125,0.07166655731824169,3.2466734721435935,0.018561881783890472,0.15616332587270906,0.261050900886144,0.006165343073951594,0.03102902640391014,1.5818785088780913,5.427311630626245,0.015625,-4.409126984120104e-05,0.0,-0.052729816554931475,1.7104258255392824e-05,0.0011197899580975264,-0.00014314995614655228,-0.0009787646213788687,1.906290599032093e-05,1.6597169296655276e-07,8.57116337711155e-06,-2.5564919846192293e-05,3.6777482126792013e-06,-3.7390165877848534e-06,1.7104258255392824e-05,4.923341120643004e-08,inf,inf
398,2025-08-19 23:49:30,111.734375,0.018389,113.0,0.027869680306793,6.395577399935674,6.3955634257104705,0.02786994097317634,0.02786968030679292,-1.265625,0.07224007790856493,3.2437470474147716,0.018653325902489633,0.15860590598346444,0.2668754757838356,0.006211147235301643,0.03138669518206253,1.587283484482232,5.458034688137533,-0.03125,-4.684920634930034e-05,-0.0013037358275482004,0.057427113877015934,-0.0012621758474572172,-0.002257502434642654,-0.00015196697476926836,0.0010712066707873633,7.74442900309885e-05,-1.3573988636466247e-06,1.0241788650994005e-05,-5.6326478701359133e-05,-4.27045083252615e-06,7.990768542693576e-06,-0.0012621758474572172,-0.001304540219797415,-3.1877608341208785,0.061699021551575584
401,2025-08-20 00:04:31,111.703125,0.0183421507936507,113.0,0.0265659444792448,6.453007784457552,6.4529905395874865,0.026566254314549217,0.026565944479244888,-1.296875,0.06891440541440952,3.160461259570242,0.0179667571631786,0.15179532978358576,0.2577414171423078,0.006131017983382114,0.03050671887792233,1.5682500611623669,5.3663163749921985,0.03125,-3.306746031739999e-05,0.001016773124248898,-0.058941682616562296,0.0010655055975636978,0.0021535751692002975,-0.00010450842728551896,-0.00105899089836092,7.411881337089148e-05,1.3109406389480989e-06,1.064995207494944e-05,-5.619116693047461e-05,3.056600527657846e-06,-5.545326680645883e-06,0.0010655055975636978,0.0010174756565551845,4.792856159607783,0.06909430329460342
404,2025-08-20 00:19:31,111.734375,0.0183090833333333,113.0,0.0275827176034937,6.394063338903096,6.394048856970924,0.027582985766935228,0.027582717603493775,-1.265625,0.07175605882922365,3.2333399057634473,0.018517058941479463,0.15817194578274982,0.26743361811912664,0.006197087756601746,0.031308232601795875,1.587778584258109,5.466859406249897,-0.015625,-1.1023809523797584e-05,0.0,0.06243665953790689,1.8449231454195927e-05,-0.0011211884192066195,-3.5643723246829875e-05,0.001156143304772508,1.9308098850433327e-05,-1.7002971529587215e-07,1.2079166555881213e-05,-3.0543460307686345e-05,-1.092851870966346e-06,9.416502623106253e-07,1.8449231454195927e-05,-1.6626390626492707e-07,inf,-inf
405,2025-08-20 00:24:30,111.71875,0.0182980595238095,113.0,0.0275827176034937,6.4565000931824414,6.456485516508831,0.02758298579250447,0.02758271760349368,-1.28125,0.07118570040062915,3.245956110461619,0.01839846088681879,0.15573286620599638,0.26158736115797465,0.00613275579096687,0.030904233319542052,1.584717487447764,5.452292210734154,-0.015625,-3.0313492063501618e-05,-0.0012164752215823998,-0.0015256889898314085,-0.0012198991158785819,-0.0011122765687598304,-9.839626479295288e-05,-2.807032920486324e-05,1.9010359644286668e-05,-1.6631276522189755e-07,7.137690293541872e-09,7.36722633043848e-07,7.329153740709826e-08,2.5824690102809603e-06,-0.0012198991158785819,-0.0012164994950075564,0.28146025791861984,0.0019953900191271856
407,2025-08-20 00:34:30,111.703125,0.018267746031746,113.0,0.0263662423819113,6.4549774916727065,6.454959827519,0.026366557901645354,0.026366242381911292,-1.296875,0.06857473471654302,3.155810828195753,0.01786209435043749,0.15147950249546357,0.25809520478850745,0.006114529143848407,0.030433958544759988,1.5691901518266695,5.376962747823684,0.0,-1.3777777777800038e-05,0.0,0.0024355862109910476,2.4610399690460467e-08,0.0,-4.348006029965618e-05,4.350467069934664e-05,0.0,0.0,1.8135938606276565e-08,0.0,-5.26572599034502e-08,-0.0,2.4610399690460467e-08,-9.910921606713166e-09,inf,-inf
408,2025-08-20 00:39:30,111.703125,0.0182539682539682,113.0,0.0263662423819113,6.457413053981332,6.457395413729991,0.02636655735585021,0.02636624238191139,-1.296875,0.0685747347165432,3.1581927793252222,0.01785535716494525,0.1514795024954637,0.2580952047885072,0.0061099174843906095,0.0304224795311596,1.5697822388416678,5.381021185793357,0.0,-3.031349206349815e-05,-6.918929359749776e-05,0.0014876466247031317,-6.917338993177259e-05,0.0,-9.573585175107228e-05,2.656246181929968e-05,0.0,0.0,6.760906219034033e-09,0.0,-7.079052961159081e-08,-0.0,-6.917338993177259e-05,-6.923741955516515e-05,-0.022985732182334573,0.06955694322789974
410,2025-08-20 00:49:31,111.703125,0.0182236547619047,113.0,0.0262970530883138,6.458900840737481,6.458883060354694,0.026297369879650978,0.026297053088313732,-1.296875,0.06845677715947325,3.157350637687837,0.01781684772609679,0.15136935743111887,0.25821755417574754,0.006102662617863539,0.030393356495867867,1.5703005977515982,5.386052852275518,-0.015625,-1.3777777777800038e-05,-0.0011268622115637,-0.0019170041304690244,-0.001128979854787394,-0.0010696371431167695,-4.350127545265826e-05,-3.4154970682865194e-05,1.8477704764540878e-05,-1.6417029964176658e-07,1.121335218414955e-08,9.103779678343165e-07,4.147486875162325e-08,1.1594974890334084e-06,-0.001128979854787394,-0.0011268572911095906,0.1879238829701757,-0.00043665091070677065
411,2025-08-20 00:54:31,111.6875,0.0182098769841269,113.0,0.0251701908767501,6.456987464659254,6.456966056224225,0.025170561508749523,0.02517019087675003,-1.3125,0.06599249633794521,3.069360172442232,0.017312363321555193,0.14723831625464173,0.2545400562999687,0.0060836253354911544,0.029928961744801596,1.5539403605235496,5.30619427722298,0.015625,-2.7559523809502634e-05,-0.001074944070936102,-0.11721542351426173,-0.0010645980887541916,0.001031132755280394,-8.459010475236081e-05,-0.002029275998768863,1.7973427277177946e-05,1.6183220945992069e-07,4.1792849817112435e-05,-5.481462384779776e-05,5.019850891113603e-06,-2.2849404300152083e-06,-0.0010645980887541916,-0.0010748849523237786,-0.9624670214610109,-0.005499691930199724
413,2025-08-20 01:04:31,111.703125,0.0181823174603174,113.0,0.024095246805814,6.339775981365033,6.339750632709963,0.024095678262113798,0.024095246805813986,-1.296875,0.06462639989974749,2.9673777671989714,0.017020797098713847,0.14765851033607086,0.2620372382129103,0.006178888638809246,0.030205388458668193,1.54527634826227,5.26595773641137,-0.015625,-1.6531746031698408e-05,0.0,0.062185208729653496,1.7456507978263298e-05,-0.0010097874984335545,-4.9055935627441676e-05,0.0010584418203286013,1.802472050000865e-05,-1.6659878935045263e-07,1.1946881753914287e-05,-2.9348881032227318e-05,-1.5885905642898038e-06,1.3602418111251593e-06,1.7456507978263298e-05,-1.738400532143767e-07,inf,-inf
414,2025-08-20 01:09:31,111.6875,0.0181657857142857,113.0,0.024095246805814,6.401961313401818,6.401935841439617,0.02409567750189308,0.024095246805814083,-1.3125,0.0641159947945476,2.9794331959044085,0.01690855588913805,0.14539216815912012,0.25630879172708465,0.006111066395702236,0.029807737133762564,1.5422182051046127,5.252380043181322,0.0,-2.480158730160109e-05,0.0,0.004374733419160393,7.575200044195355e-08,0.0,-7.389467251751154e-05,7.397042451795349e-05,0.0,0.0,5.8477688049464927e-08,0.0,-1.6733118852957484e-07,-0.0,7.575200044195355e-08,-3.3101500038156366e-08,inf,-inf
416,2025-08-20 01:19:31,111.6875,0.0181409841269841,113.0,0.024095246805814,6.406335985251844,6.406310574858777,0.024095676167434563,0.024095246805814,-1.3125,0.06411599479454741,2.9835065511314514,0.0168970093954653,0.14539216815911998,0.256308791727085,0.006102723010554873,0.029787382063201275,1.5432720728234737,5.259560875338509,-0.015625,-1.9289682539700564e-05,-0.0011415929701713012,-0.0061883549389456505,-0.001146342893776008,-0.0010018124186648033,-5.7550894226442605e-05,-0.00010456469154583875,1.7748067402236326e-05,-1.629567411594931e-07,1.1685413724146284e-07,2.8802327017042608e-06,1.8422255133257296e-07,1.5852384309923353e-06,-0.001146342893776008,-0.0011415763459547373,0.41607856117000797,-0.0014562297594888918
418,2025-08-20 01:29:30,111.671875,0.0181216944444444,113.0,0.0229536538356427,6.400153253908349,6.400122219919831,0.022954161809117468,0.02295365383564267,-1.328125,0.06159422514599711,2.890416357830879,0.016368200560548402,0.14112822095828922,0.25250935942130676,0.0060773638084781435,0.029286302982910177,1.5248042030271733,5.171589197545774,0.0,-2.4801587301597622e-05,0.0,0.004384146023170388,7.366775727522606e-08,0.0,-7.168691363670837e-05,7.176058139398359e-05,0.0,0.0,5.8405703740433283e-08,0.0,-1.6579772526829998e-07,-0.0,7.366775727522606e-08,-3.372426425264064e-08,inf,-inf
419,2025-08-20 01:34:31,111.671875,0.0180968928571428,113.0,0.0229536538356427,6.404537324908229,6.404506365943002,0.022954160234217202,0.02295365383564274,-1.328125,0.061594225145997224,2.894377640809273,0.016356995859156377,0.14112822095828936,0.2525093594213067,0.006069046249128401,0.029266255313125905,1.525848708749581,5.178676802140859,0.015625,-1.9289682539700564e-05,0.0009435407951060015,0.0012581633784440882,0.0009445460223984427,0.0009624097679062066,-5.583162584121835e-05,2.0579773171352148e-05,1.7227566034947432e-05,1.6054112715486316e-07,4.803574506679145e-09,5.753395415495271e-07,-3.7031695331962055e-08,-1.5608598670157637e-06,0.0009445460223984427,0.0009435282739521512,0.10653776685174421,-0.0013270389489505874
421,2025-08-20 01:44:31,111.6875,0.0180776031746031,113.0,0.0238971946307487,6.405790642503531,6.405764529321446,0.023897633226271225,0.023897194630748755,-1.3125,0.06376621190778685,2.9757912794233348,0.016795863673608358,0.1450409119632984,0.25662977569829437,0.006089017262817782,0.029717951086159326,1.543364845860369,5.265249909326231,0.0,-2.2047619047602107e-05,-0.0010584098763075991,-0.0598835867317149,-0.0010714056715264877,0.0,-6.560911249390216e-05,-0.0010057965590325856,0.0,0.0,1.091774178838972e-05,-0.0,2.037689955544459e-06,-0.0,-0.0010714056715264877,-0.0010584502397825537,1.227860350682497,0.0038135958344787113
422,2025-08-20 01:49:31,111.6875,0.0180555555555555,113.0,0.0228387847544411,6.345912220119022,6.345880942589731,0.022839297595294447,0.022838784754441135,-1.3125,0.06187475057839735,2.8813678584532054,0.016396367317620283,0.14310172311878971,0.2583149130824916,0.006121525283986111,0.029597310963221827,1.5298016664973597,5.201197244125258,-0.03125,-2.2047619047598638e-05,-0.0010028038725380002,0.05899341489871457,-0.0009612755258025361,-0.0019335859555749172,-6.35273008791714e-05,0.0009672777000000971,6.987388824159654e-05,-1.3138575901412537e-06,1.0652136548526422e-05,-5.456395142311308e-05,-1.989758471831881e-06,3.5835629821841747e-06,-0.0009612755258025361,-0.0010035935361667704,-4.141223211509926,0.07874557033487051
424,2025-08-20 01:59:31,111.65625,0.0180335079365079,113.0,0.0218359808819031,6.40491210805994,6.4048743574884455,0.021836577724479653,0.021835980881903014,-1.34375,0.059107259021301504,2.8075890877220426,0.015810046308462583,0.13688072977136367,0.24863332874826305,0.006025013675383553,0.028717734394776807,1.508289515633144,5.099769863907237,-0.015625,-1.9289682539700564e-05,-2.0213914211801576e-05,0.06053868899447057,-4.037951310529355e-06,-0.000923550922207836,-5.415750220408572e-05,0.0009571194764561938,1.6709073458418417e-05,-1.5807681321987345e-07,1.1040635316003625e-05,-2.7164593611737557e-05,-1.7613384031226907e-06,1.5370772140672273e-06,-4.037951310529355e-06,-2.038617079531875e-05,-80.02390201017148,0.8521683713123007
425,2025-08-20 02:04:31,111.640625,0.0180142182539682,113.0,0.0218157669676913,6.465451046970277,6.465413046482916,0.02181636350226382,0.021815766967691344,-1.359375,0.05861373957301477,2.8170475612340575,0.015697963683073485,0.13478191561334535,0.24331166604657206,0.005958235041613483,0.028338354443813878,1.5049338664249061,5.085404316574536,0.03125,-2.4801587301597622e-05,0.0008790808175405014,-0.057720012473628124,0.0009227744803990786,0.0018316793616567116,-6.986725102269916e-05,-0.0009060866595975628,6.581148223307878e-05,1.2375471295500289e-06,9.925227455529218e-06,-5.111531787434475e-05,2.154384958880633e-06,-3.9414405975451486e-06,0.0009227744803990786,0.0008797973343415985,4.970380650646389,0.08150750042548172
427,2025-08-20 02:14:31,111.671875,0.0179894166666666,113.0,0.0226948477852318,6.407725093542375,6.407693034009288,0.022695367545641637,0.022694847785231703,-1.328125,0.061130015236027346,2.8873406846779606,0.01621225435101421,0.14064510752848405,0.2528966657640607,0.006042256203022416,0.029151565539242273,1.526708129302522,5.191782671374426,0.015625,-1.6531746031701877e-05,0.0009687802384803004,0.002723847303854221,0.000968912790057734,0.0009551564880629273,-4.773278290609626e-05,4.415970530340892e-05,1.716859222759815e-05,1.6078736989597367e-07,2.2414789060166548e-08,1.240693956206167e-06,-6.874759356134933e-08,-1.3410817589836366e-06,0.000968912790057734,0.0009687660694504554,0.01368231639835571,-0.0014625638800502827
428,2025-08-20 02:19:30,111.6875,0.0179728849206349,113.0,0.0236636280237121,6.410443775945696,6.410416881313142,0.02366407615612194,0.02366362802371208,-1.3125,0.06335204757119887,2.971509330098615,0.0166624405929479,0.1446220612355708,0.257006151710535,0.006062623860022642,0.029610625780831235,1.5447266027541953,5.280634027588859,0.0,-2.755952380959978e-05,-4.473835717530225e-05,0.002232151575036312,-4.470028911980303e-05,0.0,-8.189338213330067e-05,3.7193093013497635e-05,0.0,0.0,1.5103513673568704e-08,0.0,-9.502699968202494e-08,-0.0,-4.470028911980303e-05,-4.4780212605811484e-05,-0.08509041883244528,0.09355602921499173
430,2025-08-20 02:29:30,111.6875,0.0179453253968253,113.0,0.0236188896665368,6.412676060616705,6.4126490328881784,0.023619339231358852,0.023618889666536705,-1.3125,0.06327251024185984,2.9719176721601177,0.016633384863562008,0.14454125700561096,0.2570779681721558,0.006055018975955294,0.02958378025164136,1.5453076279590077,5.285788795265478,0.0,-1.6531746031698408e-05,-5.863485154119705e-05,-0.0005732212794011815,-5.866559833553066e-05,0.0,-4.91309881832674e-05,-9.53461015226326e-06,0.0,0.0,9.947870455265336e-10,-0.0,1.4643873793816555e-08,-0.0,-5.866559833553066e-05,-5.864995967469132e-05,0.05243774568441939,0.025766473517307986
431,2025-08-20 02:34:31,111.6875,0.0179287936507936,113.0,0.0235602548149956,6.412103067866606,6.412075811608777,0.023560707390206423,0.02356025481499563,-1.3125,0.06316816617305843,2.9692034776813356,0.01660436901328871,0.1444350709969589,0.2571719545282652,0.006051652563479961,0.029564689540990556,1.5452245453610376,5.286775964291311,0.015625,-4.133730158730267e-05,0.001990040579414598,0.06460900843696127,0.001954850294270893,0.000987002596454038,-0.00012273885963098128,0.0010727918176699886,1.763123425255846e-05,1.6350552528906834e-07,1.263077918057635e-05,2.984601993734374e-05,-4.126927100771146e-06,-3.4147039446939504e-06,0.001954850294270893,0.001989785462343348,-1.7683199783823933,-0.012819691914278675
434,2025-08-20 02:49:30,111.703125,0.0178874563492063,113.0,0.0255502953944102,6.476704190979379,6.4766848200457385,0.025550632368911447,0.025550295394410144,-1.296875,0.06717453906835788,3.149337545516527,0.01739582500602385,0.15015634211105605,0.2595300708001013,0.006020525366526381,0.03006692645789433,1.5762126586155905,5.44331184863846,-0.046875,-3.306746031749713e-05,-0.003133563991468701,-0.0031008665870047025,-0.0031463776901398547,-0.0031488065188292756,-0.00010414059431277158,-5.394213251456024e-05,0.0001649666844481817,-4.455128931428742e-06,2.8944800304822122e-08,4.370321607525571e-06,1.616213512603734e-07,8.437335869560043e-06,-0.0031463776901398547,-0.003133379466511204,0.4089177277387446,-0.005888660898567544
437,2025-08-20 03:04:31,111.65625,0.0178543888888888,113.0,0.0224167314029415,6.4736173585614925,6.473583953458734,0.022417264206848253,0.022416731402941592,-1.34375,0.0601561598220027,2.891489924586933,0.015949676702438072,0.13799460569336608,0.24782552107652647,0.005945789027667122,0.028644140978721408,1.5245618733126838,5.192847891754452,0.03125,-8.26984126980207e-06,0.0009703801174510002,-0.057144535408342634,0.0010131716509986126,0.0018798799944375845,-2.3912162709565894e-05,-0.00091143686507409,6.73801785612139e-05,1.2605057834702885e-06,9.707980872218184e-06,-5.1151754012503244e-05,7.204717135656192e-07,-1.3420008688448637e-06,0.0010131716509986126,0.0009711063487030483,4.4097702310737175,0.07483987346688092
438,2025-08-20 03:09:31,111.6875,0.017846119047619,113.0,0.0233871115203925,6.416467269801891,6.416439418050391,0.023387571158198256,0.023387111520392564,-1.3125,0.06285937536446208,2.9667526425129576,0.01650292861619868,0.1441196295825373,0.2574485601438559,0.006030225669517026,0.029480059189050174,1.5464288385208078,5.299668048900448,0.03125,-3.5825396825398675e-05,0.0020061922082846018,0.004735924044768858,0.0020079073698544975,0.00196435548013944,-0.00010628509070082684,7.815661644255938e-05,7.037091288209829e-05,1.3094510912264808e-06,6.762589508998035e-08,4.362978786082245e-06,-2.623769493072696e-07,-5.933209715460778e-06,0.0020079073698544975,0.0020061423878709015,0.0854933820803927,-0.002483332030434049
440,2025-08-20 03:19:30,111.71875,0.0178102936507936,113.0,0.0253933037286771,6.421194929285645,6.42117534209516,0.025393644760151837,0.02539330372867707,-1.28125,0.06743807903494738,3.13858784937052,0.017410884539982803,0.15224226135003918,0.2656250113474932,0.006061413674276991,0.03037767806712651,1.5814529975753255,5.47605786797474,-0.015625,-8.26587301589951e-06,0.0,0.061970593405519914,1.77150737091601e-05,-0.0010537199849210528,-2.594316861214186e-05,0.001078962846657727,1.8584260418705955e-05,-1.6887983407814866e-07,1.1638988479655922e-05,-2.9414417751588703e-05,-8.100851531918223e-07,7.07256233818697e-07,1.77150737091601e-05,-1.631844821458072e-07,inf,-inf
441,2025-08-20 03:24:31,111.703125,0.0178020277777777,113.0,0.0253933037286771,6.483165634578487,6.48314593550068,0.025393644522271427,0.02539330372867718,-1.296875,0.06690281581392382,3.1501437473141816,0.017299917987839943,0.14989556114308555,0.2598039926280282,0.0059980960181869065,0.029984795621051573,1.5780912857306295,5.45993434804387,-0.03125,-3.5825396825402145e-05,-0.0021659636188217993,-0.002474376982368298,-0.0021745049023316515,-0.0020907129941851194,-0.00011285514980458989,-4.280651886597044e-05,7.319119196439724e-05,-1.321431440368796e-06,1.8361795748835948e-08,2.3185527533046173e-06,1.398907499146574e-07,6.112634833103593e-06,-0.0021745049023316515,-0.00216591546219958,0.39434104227928923,-0.0022233347689248895
443,2025-08-20 03:34:43,111.671875,0.0177662023809523,113.0,0.0232273401098553,6.4807001208073824,6.480671558518312,0.0232278058798686,0.02322734010985532,-1.328125,0.062082636582612497,2.9742102323015662,0.0163070818921889,0.14163208067330676,0.2520960019906341,0.005948391097149023,0.029025557836978605,1.543848530996124,5.293903083810103,0.0,-5.511904761900527e-06,0.0,0.001005537298043535,3.815522530009743e-09,0.0,-1.6393563542316274e-05,1.6397379064846284e-05,0.0,0.0,3.007224756760241e-09,0.0,-8.556665962453517e-09,-0.0,3.815522530009743e-09,-1.7339186756835334e-09,inf,-inf
444,2025-08-20 03:39:31,111.671875,0.0177606904761904,113.0,0.0232273401098553,6.481705642186163,6.481677095816355,0.023227805548051594,0.023227340109855277,-1.328125,0.0620826365826124,2.975133257426303,0.0163045520871982,0.1416320806733066,0.25209600199063414,0.005946545628741597,0.029021054946666368,1.5440880736525338,5.295546009216393,-0.046875,-4.13333333332995e-05,-0.002891556440957302,-0.0013344045406809002,-0.0029035784963413356,-0.0029101235898099562,-0.00012297217464018654,-2.1756868338925527e-05,0.00015560165113034173,-4.327514682609e-06,5.294315059605892e-09,1.8152731638835076e-06,8.516477631658112e-08,1.0260120392848363e-05,-0.0029035784963413356,-0.0028914126436932275,0.4157641612575036,-0.004973005611708103
447,2025-08-20 03:54:30,111.625,0.0177193571428571,113.0,0.020335783668898,6.480391553595729,6.480342691275674,0.02033651211261789,0.020335783668897975,-1.375,0.05547113002028233,2.72607484199082,0.014907944232154254,0.1298290338215901,0.2399002034312576,0.005844956401958473,0.027547142182004762,1.489480242055204,5.037285497026287,0.015625,-4.4091269841298186e-05,-4.0233801698298655e-05,-0.05286861392821596,-2.5621247800167244e-05,0.0008667364065669114,-0.00012019610146579155,-0.0007881623480731371,1.5848270730174574e-05,1.5252444167534994e-07,8.168590584591389e-06,-2.2755925388220037e-05,3.4720444622316645e-06,-3.47031740807881e-06,-2.5621247800167244e-05,-4.020685554964304e-05,-36.3190980750629,-0.06697390631309474
450,2025-08-20 04:09:30,111.640625,0.0176752658730158,113.0,0.0202955498671997,6.427522903368841,6.427474077347458,0.020296280543597806,0.020295549867199683,-1.359375,0.055827137767618225,2.7209085838108606,0.01496475351165482,0.13172350519477766,0.24522002635140777,0.005891978706155772,0.02785878833883177,1.4946110086642608,5.065316730186161,0.03125,-4.133730158730267e-05,0.0026493240016378997,0.060016298303075644,0.0025958175186279603,0.0017445980552380695,-0.00011247501872047016,0.0008981291107874745,6.431811777088753e-05,1.247253551998941e-06,1.0611324208917427e-05,5.2249417228299145e-05,-3.707998122342178e-06,-6.543328915966098e-06,0.0025958175186279603,0.0026484269330268686,-2.019627760774445,-0.03386028324494639
453,2025-08-20 04:24:31,111.671875,0.0176339285714285,113.0,0.0229448738688376,6.487519982012107,6.487490375650534,0.02294535181277217,0.022944873868837645,-1.328125,0.06157851454170669,2.9695265598452503,0.016143197512495756,0.1411119380438899,0.25252255674975427,0.005914093779905808,0.028888565818604134,1.5456233637764343,5.314025514943978,0.015625,-4.684920634919973e-05,0.0009636042221216994,0.007672878496860491,0.0009642952481090368,0.000962164289714167,-0.00013911996256161933,0.00012386479306420044,1.722557837449828e-05,1.6054951779032024e-07,1.7409041206758455e-07,3.4634133667922915e-06,-5.556025535443045e-07,-3.889966842101918e-06,0.0009642952481090368,0.0009634871824922504,0.07171263590106669,-0.012146027047410524
456,2025-08-20 04:39:30,111.6875,0.0175870793650793,113.0,0.0239084780909593,6.495188066646088,6.4951632541473945,0.023908889247257745,0.02390847809095921,-1.3125,0.06378617433217255,3.059855183107897,0.016570458307296813,0.1450610195347267,0.2566115330884932,0.005923374710428878,0.029312979626456088,1.5648915582969005,5.412854067099115,0.03125,-4.4091269841298186e-05,0.000895197749812799,-0.059578917643578144,0.0009432908462160631,0.0019933179478803923,-0.00013491290055370517,-0.0009872499708067821,7.083057594469077e-05,1.3051937514673524e-06,1.0512945901733939e-05,-5.457611247039098e-05,4.110829494158241e-06,-7.458112790126108e-06,0.0009432908462160631,0.0008958803963514383,5.372343307757554,0.07625650743448009
459,2025-08-20 04:54:30,111.71875,0.017542988095238,113.0,0.0248036758407721,6.435605337251278,6.435584336503816,0.02480403441681664,0.024803675840772046,-1.28125,0.06640384827167173,3.1318383687633884,0.017074379060743782,0.1512353668488308,0.2666905959670396,0.005994392123644681,0.030109202776811363,1.586154958790626,5.522728303841889,0.0,-3.582142857139897e-05,0.0009536820569025009,0.06195567547412306,0.0009456677635857795,0.0,-0.0001121869244238244,0.001057854688009604,0.0,0.0,1.1504754237621401e-05,0.0,-3.5202184208591833e-06,-0.0,0.0009456677635857795,0.0009536522994025418,-0.8403527421655954,-0.003120274702017589
462,2025-08-20 05:09:32,111.71875,0.0175071666666666,113.0,0.0257573578976746,6.497557919452567,6.497540011977939,0.025757669258267904,0.02575735789767468,-1.28125,0.06807120661102754,3.226495569473097,0.017387132847168578,0.15284919070511596,0.26496177875182564,0.005943372839284086,0.030140333915591244,1.59947171186619,5.5930816596326425,0.015625,-8.26984126980207e-06,0.0010661162534547006,0.0006209009182764902,0.001066552490467941,0.0010636126032973054,-2.668260621726215e-05,1.0795686751002295e-05,1.86583484747456e-05,1.6845816214995426e-07,1.1456384574840426e-09,2.924087657086038e-07,-8.21289063290152e-09,-7.227171489719231e-07,0.001066552490467941,0.001066115114832502,0.04091833435864167,-0.0001068009417126703
463,2025-08-20 05:14:31,111.734375,0.0174988968253968,113.0,0.0268234741511293,6.498175922186051,6.498160912896216,0.026823742096105788,0.026823474151129248,-1.265625,0.07046402314093056,3.3146233330122814,0.017851897635936906,0.15699407266508947,0.26890365619266243,0.005955420377979332,0.030577208825719227,1.615849790996909,5.677375699717811,0.0,-3.30674603175006e-05,-3.601498359270122e-05,0.004128444084372518,-3.5905614341937743e-05,0.0,-0.0001096061755318452,7.370056118990745e-05,0.0,0.0,5.0752243007587594e-08,0.0,-2.2059122596109294e-07,-0.0,-3.5905614341937743e-05,-3.607545332489125e-05,-0.30367708062941645,0.16790159582993347
465,2025-08-20 05:24:31,111.734375,0.0174658293650793,113.0,0.0267874591675366,6.502304399310779,6.502289356980588,0.026787727267863506,0.02678745916753665,-1.265625,0.07040231654973261,3.3176320639688623,0.01782301350929221,0.1569371029521407,0.2689731190765753,0.005945701980130534,0.03054670593989624,1.616976984998071,5.686060386027974,0.015625,-1.1023809523797584e-05,0.0,-0.059744253684081094,1.796898133623477e-05,0.001100036196089572,-3.657294394323618e-05,-0.0010648226405139583,1.9157361200212487e-05,1.7100850364467322e-07,1.0611222524438094e-05,-2.8515471076346687e-05,1.0649560361507513e-06,-9.794069786934898e-07,1.796898133623477e-05,1.5028184178344084e-07,inf,inf
466,2025-08-20 05:29:30,111.75,0.0174548055555555,113.0,0.0267874591675366,6.442560020212007,6.442545103296507,0.02678772660723215,0.026787459167536595,-1.25,0.07097455149949027,3.3087062521053534,0.017928574296328603,0.15943118439003665,0.2750764018565445,0.006001756384159787,0.030933268963157755,1.621191376785711,5.708713851129561,-0.015625,-3.30674603175006e-05,-0.001196154081412798,-2.4736304640171625e-06,-0.0011991453029064475,-0.0011089773671795354,-0.00010941051269375992,-4.434866755579349e-08,1.9461814500736895e-05,-1.74888866333354e-07,1.8361916541105364e-14,1.1955855696703689e-09,1.326080677410331e-10,2.9495729490030126e-06,-0.0011991453029064475,-0.0011961944017454453,0.25006991491569597,0.0033708310053004453
468,2025-08-20 05:39:30,111.734375,0.017421738095238,113.0,0.0255913050861238,6.442560740827474,6.442542629666043,0.02559162014287361,0.025591305086123756,-1.265625,0.06833069339598279,3.2164511457685143,0.017395668970718762,0.15498595838178472,0.2712634716791076,0.005981193341098004,0.030446690825717382,1.605171703915839,5.629579049594437,0.0,-1.1023809523801054e-05,0.0010552977366984975,0.062104342479305075,0.0010448890386405747,0.0,-3.545754477356376e-05,0.0010803465834141384,0.0,0.0,1.1534579898901576e-05,0.0,-1.0989429925998832e-06,-0.0,0.0010448890386405747,0.0010553246755468763,-0.9863280945230146,0.0025527249269963193
469,2025-08-20 05:44:30,111.734375,0.0174107142857142,113.0,0.0266466028228223,6.504662262214739,6.504646972145348,0.026646874189670378,0.02664660282282222,-1.265625,0.07016061006513499,3.315304100740781,0.017747869397197028,0.15671331753564974,0.26924453608165877,0.005932920546051589,0.030492091785365646,1.6179526623235077,5.695926348891913,0.03125,-3.031349206349815e-05,0.0022569026654082024,0.0049470378197522535,0.002257709624222925,0.0021925190645354685,-0.00010049844454588853,8.779938112795732e-05,7.652017457795397e-05,1.369448527433567e-06,7.259872568779309e-08,4.7139228520487774e-06,-2.426314036971315e-07,-5.395731817856406e-06,0.002257709624222925,0.002256857782579108,0.035755144742899425,-0.001988691394727571
471,2025-08-20 05:54:31,111.765625,0.0173804007936507,113.0,0.0289035054882305,6.509604660572353,6.509594009965101,0.028903704588771048,0.02890350548823041,-1.234375,0.07516797632437769,3.500752879878605,0.018693788902556546,0.1652279991344098,0.2769256394405272,0.005941143901213046,0.03133118764692831,1.650371137447851,5.867336255733644,0.0,-1.3777777777702893e-05,-4.738045983290057e-05,4.5091528187768404e-05,-4.738966372438503e-05,0.0,-4.823259523362085e-05,8.429315092358207e-07,0.0,0.0,6.0399032817295885e-12,0.0,-1.0253113140387758e-09,-0.0,-4.738966372438503e-05,-4.739068299579579e-05,0.01942550054796488,0.02157674900429285
472,2025-08-20 05:59:32,111.765625,0.017366623015873,113.0,0.0288561250283976,6.509649811487991,6.509639101493288,0.02885632499844415,0.028856125028397614,-1.234375,0.07508853472689085,3.4993428190044025,0.01867131697885092,0.16515915919575655,0.2770260312464338,0.005938586333890333,0.03131791700794831,1.6505618488159268,5.8695446128452105,0.015625,-2.755952380959978e-05,0.0011813499729384988,0.004531718981917621,0.0011817684535224055,0.0011732583551076696,-9.644022173830384e-05,8.461316157045948e-05,2.016103017526325e-05,1.761284073171195e-07,6.097882062456055e-08,2.2175624840475008e-06,-2.0614199877991862e-07,-2.5275289767064954e-06,0.0011817684535224055,0.0011813133238515912,0.035423929698485956,-0.0031023056458412412
474,2025-08-20 06:09:33,111.78125,0.0173390634920634,113.0,0.0300374750013361,6.514179736931354,6.514170820475206,0.03003764570661374,0.030037475001336106,-1.21875,0.07768283233902913,3.5963138081711525,0.019144942672140435,0.1694998391816243,0.2807630790902083,0.005933080791510039,0.03171208350160134,1.6665849475137777,5.957009416833887,0.015625,-1.6531746031698408e-05,0.0011331368996679025,-0.002067308069519491,0.0011356318169897,0.0012137942552973302,-5.945334652697564e-05,-3.957849447660397e-05,2.0690898337600624e-05,1.7850435834897887e-07,1.2678289555851347e-08,-1.0243538456896308e-06,5.695756043987006e-08,-1.5387463560552134e-06,0.0011356318169897,0.0011331383526379509,0.22017792576773942,0.0001282254640910807
476,2025-08-20 06:19:31,111.796875,0.0173225317460317,113.0,0.031170611901004,6.5121110269862985,6.5121035124056865,0.031170759214017477,0.03117061190100394,-1.203125,0.08019954058548368,3.6848159968637058,0.01960360180465772,0.17378136784339268,0.28461645568606186,0.005931740224343625,0.03210647800488413,1.6808082388887473,6.034935056028363,0.0,-2.480158730160109e-05,-3.314530341920127e-05,0.0029744529583251023,-3.3079294254859987e-05,0.0,-9.138928563655146e-05,5.830999138169147e-05,0.0,0.0,2.6240151444496438e-08,0.0,-1.2399516464639433e-07,-0.0,-3.3079294254859987e-05,-3.3177049268061884e-05,-0.19915088272519643,0.09577781943677088
477,2025-08-20 06:24:31,111.796875,0.0172977301587301,113.0,0.0311374665975848,6.515085495140704,6.515077965364012,0.031137614027294508,0.03113746659758483,-1.203125,0.08014524161614939,3.687252872095316,0.019579537051616455,0.17373754633473298,0.28469253696584806,0.005924830790050688,0.03208372740053568,1.6817313903761701,6.042064002498038,0.015625,-2.2047619047598638e-05,0.0012681685337837985,0.0038824506029264683,0.001268380038241731,0.0012522694002523342,-8.129514665612146e-05,7.601658543106942e-05,2.1208196574064085e-05,1.8100264038457748e-07,4.4653739415291966e-08,1.9463044810990346e-06,-1.4395417525670916e-07,-2.0814550841919656e-06,0.001268380038241731,0.0012681455872027964,0.016677945580423348,-0.0018094267749790838
479,2025-08-20 06:34:43,111.8125,0.0172756825396825,113.0,0.0324056351313686,6.518966664524183,6.518960415966938,0.032405760537262615,0.032405635131368585,-1.1875,0.08288590776108073,3.786613070051716,0.020069557452320554,0.17820678586947067,0.28824776790821643,0.005913366355745883,0.03246231679849944,1.6965627411794275,6.12481034349586,-0.015625,-2.204365079369955e-05,-0.0013579461099765995,-0.00015751871659031025,-0.001360153920861027,-0.0012950923087668865,-8.347077620707859e-05,-3.1613309324250302e-06,2.175375804070687e-05,-1.8326299534366382e-07,7.336165491059956e-11,7.989722624449532e-08,5.890953738261742e-09,2.1095809435884644e-06,-0.001360153920861027,-0.0013579584783758008,0.16258457299644924,0.0009108166451055055
480,2025-08-20 06:39:37,111.796875,0.0172536388888888,113.0,0.031047689021392,6.5188104868376096,6.518802897250348,0.031047837226516745,0.03104768902139192,-1.203125,0.07999802522126381,3.6889410383366146,0.019527406353920976,0.17361850396341155,0.2848986273916638,0.005914006700712507,0.03204342359685208,1.6831130737958833,6.0533538439679395,0.0,-2.2047619047602107e-05,0.0,0.004169032817198826,7.803122196198167e-08,0.0,-8.133236670231143e-05,8.141039792427341e-05,0.0,0.0,5.1395186235502454e-08,0.0,-1.5470712072304257e-07,-0.0,7.803122196198167e-08,-2.528071252555844e-08,inf,-inf
482,2025-08-20 06:49:31,111.796875,0.0172315912698412,113.0,0.031047689021392,6.52297950196815,6.522971930067547,0.031047836786639707,0.031047689021392044,-1.203125,0.07999802522126404,3.693660995154814,0.01951492578543215,0.17361850396341172,0.2848986273916634,0.005906449467851537,0.03202294365519624,1.6841894913146067,6.061099039256191,-0.015625,-1.9289682539700564e-05,0.0,0.06767765289348038,2.0518212825893094e-05,-0.0012499691440822506,-7.124954800581082e-05,0.001320724373548507,2.1193665034596157e-05,-1.8113366914854901e-07,1.3526551003423583e-05,-3.386308852068517e-05,-2.198676437065471e-06,1.8268230673271251e-06,2.0518212825893094e-05,-1.9017806110683905e-07,inf,-inf
483,2025-08-20 06:54:30,111.78125,0.0172123015873015,113.0,0.031047689021392,6.590657205766071,6.590649582961027,0.031047836774580603,0.031047689021392044,-1.21875,0.07934279790594678,3.710913480144655,0.019383024747595682,0.17086550004782938,0.27853105293504915,0.005842883090541295,0.03159663179812597,1.6816873518609365,6.0492295910305325,0.0,-2.4801587301597622e-05,-0.001403205587280399,-0.06850359383720761,-0.0014198433992923213,0.0,-9.20365446464831e-05,-0.0013278068546458382,0.0,0.0,1.370957251691812e-05,-0.0,2.8571832170907434e-06,-0.0,-0.0014198433992923213,-0.0014032766435583123,1.1857002397039018,0.00506385369025697
485,2025-08-20 07:04:32,111.78125,0.0171874999999999,113.0,0.0296444834341116,6.522155276151753,6.522145989123819,0.029644659323726646,0.02964448343411158,-1.21875,0.07702981072193386,3.593441898224559,0.01893925181335334,0.16895054286453218,0.2816310133252399,0.005899399644361681,0.03157066316202012,1.6702835648600927,5.990064701560722,0.0,-1.653571428570158e-05,-8.709770123969951e-05,-0.0014646358723835462,-8.715923613325287e-05,0.0,-5.942012853131044e-05,-2.773910760194243e-05,0.0,0.0,6.327572875162662e-09,-0.0,4.045226413232429e-08,-0.0,-8.715923613325287e-05,-8.711245629624539e-05,0.07065042208636019,0.01694081053329466
487,2025-08-20 07:14:31,111.78125,0.0171709642857142,113.0,0.0295573857328719,6.520690742056643,6.520681353251436,0.029557563209653984,0.029557385732871908,-1.21875,0.07688452127969084,3.5892100755530865,0.018902993316953498,0.16882739440847763,0.28182330626300534,0.005897748098194826,0.031554737271854864,1.670271057949522,5.991462783092438,-0.015625,-2.755555555549946e-05,-0.001251510512489,0.001397694934999194,-0.0012533730702556296,-0.0012013206449951693,-9.89026776372615e-05,2.642061801542952e-05,2.0608812794003617e-05,-1.791784326318139e-07,5.760776234741521e-09,-6.891233821890911e-07,-6.432925451624733e-08,2.5796575871595484e-06,-0.0012533730702556296,-0.0012515411045289405,0.14882477997930632,0.0024444093465580963
489,2025-08-20 07:24:31,111.765625,0.0171434087301587,113.0,0.0283058752203829,6.522090403266632,6.522079048186435,0.028306083880145133,0.028305875220382873,-1.234375,0.07416137482737857,3.495478179380107,0.018375861652007136,0.16434801940244254,0.2781905005629295,0.005886899109747216,0.03110466539136785,1.6557583117821193,5.916766310687268,0.03125,-1.653571428569811e-05,0.0011657645224260986,-0.06122311581240414,0.001216378235220519,0.0023175429633555803,-5.780022846612166e-05,-0.001125027506073549,8.02480563488489e-05,1.414950055760343e-06,1.1032843397485282e-05,-5.9510141611306026e-05,1.676236649042967e-06,-3.057436162774024e-06,0.001216378235220519,0.0011665197374929673,4.3416755117137384,0.06478281439694644
490,2025-08-20 07:29:31,111.796875,0.017126873015873,113.0,0.029471639742809,6.460865313176078,6.460855932374031,0.02947181770552923,0.02947163974280899,-1.203125,0.07737911740204265,3.5782477704349906,0.01897092144602333,0.1714432105513786,0.2885179584002717,0.005945134431197961,0.031925740931795496,1.6751913338590516,6.02175343109804,-0.046875,-2.7555555555600075e-05,-0.0024266442300984008,0.06279208683389204,-0.0023511225891024094,-0.003627146128220749,-9.86006052299235e-05,0.0011912237467576418,0.00018835313659209074,-4.952739001469508e-06,1.1720375257985784e-05,-9.396955766370206e-05,-2.8985347117121414e-06,7.778098181847535e-06,-0.0023511225891024094,-0.0024284922080379905,-3.1121843103028346,0.07615364117528056
492,2025-08-20 07:39:39,111.75,0.0170993174603174,113.0,0.0270449955127106,6.523661826130866,6.523648019207923,0.027045241692263786,0.0270449955127105,-1.25,0.07141790780394673,3.401228748971506,0.01783011283336632,0.15983975136832074,0.2745585618707565,0.005868455013595328,0.03062698794020157,1.6408212751427769,5.842329369990309,-0.015625,-1.3777777777800038e-05,-0.0011546314296708993,-0.0007191177822543082,-0.0011562510057426202,-0.0011159048094366677,-4.686137387479423e-05,-1.2821951198074466e-05,1.9511688399453215e-05,-1.745596325370512e-07,1.5173781995470866e-09,3.4413143194823745e-07,1.625700286675833e-08,1.2577236838193901e-06,-0.0011562510057426202,-0.0011546313762457862,0.14026779716038718,-4.627027438974807e-06
493,2025-08-20 07:44:31,111.734375,0.0170855396825396,113.0,0.0258903640830397,6.522945563425372,6.522928901425669,0.025890652810105094,0.025890364083039685,-1.265625,0.06885272975432057,3.3078293773144236,0.017328427442103052,0.1554847522292405,0.2706941434044251,0.005853459341349329,0.030168256087709705,1.6244768261502058,5.758828611695403,0.015625,-3.0313492063501618e-05,-3.483831808639981e-05,-0.05840342230281159,-1.7335247915100554e-05,0.0010758239024112588,-0.00010027185957663828,-0.0010120394657447739,1.898007229360846e-05,1.7210270144426035e-07,9.982957066819608e-06,-2.753014688171682e-05,2.875992744400081e-06,-2.7276594596202286e-06,-1.7335247915100554e-05,-3.473410444521791e-05,-50.2408587231199,-0.2991351101492512
495,2025-08-20 07:54:43,111.75,0.0170552261904761,113.0,0.0258555257649533,6.464542068079322,6.464525479122857,0.025855814579442818,0.02585552576495337,-1.25,0.0693534731374377,3.2994979348206686,0.017409996688886372,0.1579081529069435,0.27693878339583755,0.005904066989664096,0.030533593188105383,1.629324277301381,5.786648295638034,-0.015625,-1.1023809523801054e-05,-4.587903927700046e-05,0.06164125147992827,-2.774724573071789e-05,-0.001083648017772464,-3.6373036757637995e-05,0.0010731739841643635,1.9275897571648375e-05,-1.760729366276026e-07,1.121667601403645e-05,-2.9408264004591074e-05,-1.1071607386068253e-06,9.967329467553389e-07,-2.774724573071789e-05,-4.6049261513124e-05,-39.52086580717088,0.3710239769751933
496,2025-08-20 07:59:32,111.734375,0.0170442023809523,113.0,0.0258096467256763,6.526183536390849,6.526166730602785,0.02580993713371435,0.02580964672567629,-1.265625,0.06871210285647138,3.3082628152030016,0.017280190126705768,0.1553508626691768,0.27084804297027126,0.005842617149507557,0.030127323386283846,1.625481866179747,5.767824482810779,0.078125,-3.306746031739999e-05,0.0058830038906876984,0.007297156297093821,0.005880451711847054,0.0053681330356618265,-0.00010939584936125523,0.00012609624819806946,0.0004740932088292749,2.1525068519137004e-05,1.5555527050043325e-07,1.717529590334399e-05,-3.922262162623774e-07,-1.490057087524012e-05,0.005880451711847054,0.005882489765929396,-0.04338223955085985,-0.008739153804004918
498,2025-08-20 08:09:30,111.8125,0.0170111349206349,113.0,0.031692650616364,6.533470585008324,6.533463886899879,0.031692782603491565,0.031692650616363977,-1.1875,0.08172632057840867,3.784070166507718,0.01970511485666335,0.177297326391248,0.28994493458597564,0.005857097227133571,0.03222495428676935,1.703950040449103,6.188316537135228,0.015625,-1.1023809523797584e-05,-4.083774723540046e-05,-0.06483484612290535,-2.049211720572328e-05,0.0012769737590376355,-4.171486874026609e-05,-0.0012775780895659446,2.1642740037994142e-05,1.8434202485782346e-07,1.2310321820322286e-05,-3.264531175781797e-05,1.2178590906151914e-06,-1.0659191059116471e-06,-2.049211720572328e-05,-4.0675167158515416e-05,-49.820647334925575,-0.39811225616310786
499,2025-08-20 08:14:33,111.828125,0.0170001111111111,113.0,0.0316518128691286,6.468635702955177,6.468629040776974,0.03165194485697022,0.03165181286912851,-1.171875,0.0823478607894868,3.769187489252607,0.019811495051572064,0.18015787235354666,0.2967961625323146,0.005912774695782115,0.032637906012763666,1.7076076968206606,6.209444905519615,-0.03125,-3.3071428571500305e-05,-0.0013474950632570981,0.06638696996890125,-0.0012963398097032056,-0.0025733706496714626,-0.00012465241482341016,0.0013152251270277505,8.79677111101302e-05,-1.5095833462133516e-06,1.3029478365724042e-05,-6.771036519741135e-05,-3.749073079358953e-06,6.4173504269237006e-06,-0.0012963398097032056,-0.001348352419187328,-3.7963221498001354,0.06362590510406996
501,2025-08-20 08:24:45,111.796875,0.0169670396825396,113.0,0.0303043178058715,6.535024188441996,6.535016010745875,0.030304474321502656,0.030304317805871533,-1.203125,0.07877099966802115,3.685842643197568,0.01913930686256789,0.1726129894477745,0.2866057095325256,0.005850616943903439,0.03177880552822864,1.6907245853488344,6.11995394644675,-0.03125,-8.265873015802366e-06,-0.0024316821581748978,-0.0013240802170173538,-0.002434576490222871,-0.002461593739625661,-3.0466707244900447e-05,-2.534197758415062e-05,8.428368625379615e-05,-1.4577520219549847e-06,5.128616941161902e-09,1.3149277412615395e-06,1.850443775686167e-08,1.580836318246481e-06,-0.002434576490222871,-0.0024316570931086647,0.11902591949539687,-0.001030770660093161
502,2025-08-20 08:29:32,111.765625,0.0169587738095238,113.0,0.0278726356476966,6.533703817612977,6.533691930528858,0.02787285125416397,0.02787263564769657,-1.234375,0.07342536653893249,3.493975266143344,0.018137842085186748,0.16369390738343906,0.2791051682791577,0.005842644250239214,0.030925802605155463,1.6602579970817701,5.957378440089779,0.015625,-4.13373015872992e-05,-0.00011212810346710247,-0.061570730091573544,-9.376071989924303e-05,0.0011472713521708201,-0.0001444315093151314,-0.0011167601794706168,1.9982166428642463e-05,1.7745028704271807e-07,1.1074600144281123e-05,-2.9751941329176703e-05,4.225635258192664e-06,-3.84784295699477e-06,-9.376071989924303e-05,-0.0001120602687829407,-16.380713665819112,-0.060497486414434753
505,2025-08-20 08:44:32,111.78125,0.0169174365079365,113.0,0.0277605075442295,6.4721331455746745,6.472121200437284,0.027760724873432924,0.027760507544229568,-1.21875,0.07384016281980386,3.4802319466552705,0.018193912371868074,0.16616704698405196,0.2857799081940678,0.005892246082267672,0.03129052782542615,1.664827975937146,5.985424813529128,0.0625,-4.133333333340011e-05,0.004884457944527298,0.0046046001701745,0.004891109708986619,0.0046150101762377415,-0.00014384958712865026,8.377569200364367e-05,0.0003245450136407265,1.1628414233157056e-05,6.2464710434535e-08,9.005023109362949e-06,-3.1685584349471854e-07,-1.5462347434975228e-05,0.004891109708986619,0.004884397993527947,0.13618224447553562,-0.0012273828546072174
508,2025-08-20 08:59:40,111.84375,0.0168761031746031,113.0,0.0326449654887568,6.476731479392198,6.476725800607459,0.032645079965227,0.032644965488756894,-1.15625,0.08468478969433418,3.8682435222757325,0.020158604454211297,0.18443051560744467,0.3012321573382384,0.005877941367802819,0.0329252449827515,1.7251737075519256,6.318039818339851,-0.03125,-4.409126984119757e-05,-0.002681622920306298,0.0019974265517772594,-0.002688168298400058,-0.0026463996779479432,-0.00017055576895212387,4.026533178361697e-05,9.005396269894759e-05,-1.5321459825553303e-06,1.1725649043805281e-08,-2.0551799547599636e-06,-1.5193444933019777e-07,8.705324953057915e-06,-0.002688168298400058,-0.0026816583622020465,0.2440827173796789,0.0013216584434871947
511,2025-08-20 09:14:31,111.8125,0.0168320119047619,113.0,0.0299633425684505,6.478731615417401,6.478723227159236,0.029963502609984233,0.02996334256845043,-1.1875,0.07885942663368817,3.671840074595757,0.019079208566554977,0.1749584404316434,0.2940719714842255,0.005877914723294152,0.03206853275374069,1.6979726349721422,6.171667094466551,-0.078125,-4.4091269841301656e-05,-0.004721500974042697,0.06377371526619058,-0.004595476735753791,-0.006160892705756888,-0.00016189609154310672,0.0012167520146277413,0.0005339307874500836,-2.3370740531621414e-05,1.1952994570388808e-05,-0.00015977574037824728,-4.774468275676427e-06,2.1259112440063036e-05,-0.004595476735753791,-0.004726814837397263,-2.669156248865512,0.11254606075017382
514,2025-08-20 09:29:30,111.734375,0.0167879206349206,113.0,0.0252418415944078,6.542514873654274,6.5424969424254265,0.025242145669469307,0.0252418415944078,-1.265625,0.06771712885385553,3.3043500506336962,0.016957796660266967,0.1543934911524663,0.27192558304425796,0.005777660525732383,0.02986692450289478,1.630878658978785,5.819787527270626,0.015625,-3.858333333330022e-05,0.001005683741070098,0.003425889796471182,0.0010077025887796566,0.0010580801383414926,-0.00012749283945350735,5.809554254904169e-05,1.8846861712947548e-05,1.728856296820691e-07,3.390539451570086e-08,1.598762373538162e-06,-2.155732073270754e-07,-3.508543782713525e-06,0.0010077025887796566,0.00100561113955767,0.20074379520251817,-0.0072191196360371634
517,2025-08-20 09:44:29,111.75,0.0167493373015873,113.0,0.0262475253354779,6.545937908151587,6.545922832221898,0.026247787419386437,0.02624752533547786,-1.25,0.0700385804739306,3.397022487483937,0.017384218214082613,0.15855745084873238,0.27615777626419147,0.005781824678881528,0.03027790254191571,1.648769601954433,5.9165568760183955,0.046875,-5.511904761900527e-06,0.004730666669104301,0.06776302259438882,0.004621278547498873,0.003283058459715497,-1.8724064425045884e-05,0.0011780071716266658,0.00017419641816877337,4.740562412982413e-06,1.327457000304704e-05,9.617447784649393e-05,-6.158209316525412e-07,-1.528663969639739e-06,0.004621278547498873,0.0047285831104471225,-2.312319367581639,-0.04404365817584077
518,2025-08-20 09:49:30,111.796875,0.0167438253968254,113.0,0.0309781920045822,6.613693107393207,6.6136858548162865,0.030978331370194595,0.030978192004582183,-1.203125,0.07988392203722716,3.795086627268487,0.019215992185820457,0.17352600345161512,0.28505817757975405,0.005742472737603343,0.031566886829178506,1.7079401375333236,6.234342151653933,0.0625,-3.857936507939766e-05,0.003959236403161998,-0.05820363517188287,0.004078409518606837,0.004992745127326698,-0.0001464120325013309,-0.0011184405986492461,0.0003389179754914358,1.1599046939280357e-05,9.726781633551908e-06,-0.00011483172278235126,3.835110049005055e-06,-1.5032310118658412e-05,0.004078409518606837,0.003962107377388385,3.010002518406396,0.07251333171451879
520,2025-08-20 09:59:30,111.859375,0.016705246031746,113.0,0.0349374284077442,6.555486291333175,6.555482219644404,0.03493751324395293,0.03493742840774429,-1.140625,0.0891179042067537,4.088163012804693,0.020835620220930415,0.19026062223774848,0.3022940750209791,0.005760038648328303,0.03310450932039958,1.753803896487327,6.495445257960375,-0.03125,-5.511904761900527e-06,-0.004062772534922498,-0.06875080749940032,-0.004148570639301727,-0.002784934506461053,-2.2533565177703794e-05,-0.0014324657149397998,9.290069445202562e-05,-1.5375471751962235e-06,1.3612911110655666e-05,7.112380461402798e-05,6.646003092688057e-07,1.1188211140004997e-06,-0.004148570639301727,-0.0040620505021537745,2.111811666583141,-0.017771922068410273
521,2025-08-20 10:04:30,111.828125,0.0166997341269841,113.0,0.0308746558728217,6.486738603281219,6.486731412145003,0.030874795407529368,0.030874655872821788,-1.171875,0.08105971218992741,3.7685182631744074,0.019403687018663227,0.17912194150980731,0.298723018068105,0.005846009741422993,0.032359675755003064,1.716350140911199,6.284786440630419,0.0,-3.582142857140244e-05,0.0012429883527147016,0.07049139856276287,0.00123279932743537,0.0,-0.00013499370778432762,0.0013677930352196976,0.0,0.0,1.452452014685709e-05,0.0,-4.333960200775204e-06,-0.0,0.00123279932743537,0.0012429898873814519,-0.8197200928776738,0.00012346589948197817
523,2025-08-20 10:14:31,111.828125,0.0166639126984127,113.0,0.0321176442255364,6.557228835068915,6.557222810707766,0.03211776321592913,0.032117644225536354,-1.171875,0.08311250891789684,3.886095599445666,0.019751519713834043,0.18076052493852607,0.29564328524415895,0.005773328783414752,0.03230464272411556,1.7285413080579928,6.35591244373576,0.015625,-8.269841269899214e-06,0.002672434806839895,0.06773731411491735,0.0026266639118835747,0.0012986329518421382,-3.2137393767069496e-05,0.001337914895102959,2.206549376690992e-05,1.8796493863688083e-07,1.3245008443550088e-05,3.419108955583742e-05,-9.682888004623783e-07,-8.212872974229993e-07,0.0026266639118835747,0.0026723104337850767,-1.7127038923147153,-0.004653922875863525
524,2025-08-20 10:19:30,111.84375,0.0166556428571428,113.0,0.0347900790323763,6.624964297408116,6.6249601248226835,0.034790165125573674,0.034790079032376284,-1.15625,0.08813234938632442,4.10350741735834,0.02063304615195287,0.18699012898368714,0.2957620786703763,0.005695811858179327,0.03263526610934507,1.7521861236911693,6.490513109935812,0.046875,-3.30674603175006e-05,0.0013566644415306042,-0.13049308290903028,0.00151355209050785,0.004131203877483957,-0.0001356925686860663,-0.0026924698021726337,0.00020543349131508596,5.077092567507528e-06,4.849540858757616e-05,-0.0001996254602889859,7.5608142587433285e-06,-1.0060536782954058e-05,0.00151355209050785,0.0013599223162822293,11.56421913736041,0.24013858194362747
526,2025-08-20 10:29:29,111.890625,0.0166225753968253,113.0,0.0361467434739069,6.494470417359482,6.494467041913653,0.03614681565349709,0.03614674347390687,-1.109375,0.09260084401856816,4.177325158456774,0.021383710766524244,0.1980802807465659,0.3134254598623927,0.005779775343549308,0.033835772825551454,1.7722967060845278,6.609845532575839,-0.015625,-1.1023809523797584e-05,-2.2269211228803654e-05,0.06871537376164838,4.3190430681074743e-07,-0.0014468881877901275,-4.605003686579503e-05,0.001469389677732698,2.417972177082103e-05,-1.9927054078572125e-07,1.3645479096871264e-05,-3.632871525346865e-05,-1.3425239561006474e-06,1.138526220825632e-06,4.3190430681074743e-07,-2.245532958506166e-05,-101.93946836451984,0.8357653728537695
527,2025-08-20 10:34:30,111.875,0.0166115515873015,113.0,0.0361244742626781,6.563185838825894,6.563182415675302,0.03612454695067176,0.03612447426267809,-1.125,0.09176856664836558,4.194795140287334,0.021234227988123022,0.19476539753117775,0.3062140930793452,0.005722527604439572,0.033384882263710496,1.7696185761401217,6.595141672078115,0.03125,-3.0313492063501618e-05,0.0013999315420675992,-0.06490398939163278,0.0014590804876690184,0.0028677677077614244,-0.00012715888919311526,-0.0013781861080806484,9.510029176327038e-05,1.55748541808749e-06,1.2053153421428429e-05,-6.771287638389923e-05,3.481665385451465e-06,-6.247555460444023e-06,0.0014590804876690184,0.0014006548746315552,4.225131288495754,0.05166913825569441
529,2025-08-20 10:44:31,111.90625,0.016581238095238,113.0,0.0375244058047457,6.49828121973226,6.498278426283669,0.037524466878816,0.03752440580474571,-1.09375,0.09558811938441641,4.284176807709362,0.02186331549088494,0.20290873857039818,0.3169605639980714,0.005748310945182905,0.03415234285956787,1.7856760802000695,6.69224552282106,0.03125,-1.3777777777699424e-05,0.0030550914542147034,0.0012737581693986755,0.0030566395487634786,0.002987128730763013,-5.9026436016993303e-05,2.7848576716655306e-05,9.907653250507724e-05,1.6121447957258676e-06,4.663201926232907e-09,1.3594320537962217e-06,-3.1337824153907974e-08,-2.8813834889760143e-06,0.0030566395487634786,0.003055090922706071,0.05067260905200488,-1.7397470430946527e-05
530,2025-08-20 10:49:29,111.9375,0.0165674603174603,113.0,0.0405794972589604,6.499554064651924,6.4995521844530675,0.04057954035951469,0.04057949725896039,-1.0625,0.10203512085866168,4.496519391516731,0.02292339671149604,0.2128823208641575,0.32318092967755796,0.005688930179529925,0.0348004692475903,1.8077271392023135,6.826256456452483,0.015625,-3.0313492063501618e-05,0.003213570606092696,0.07335102952659955,0.0031656403918984364,0.0015942987634165887,-0.00013630520488812356,0.0016814547490349011,2.5986611433612977e-05,2.0547290145718764e-07,1.5304284683410446e-05,3.988516011436744e-05,-4.0195280263013904e-06,-3.2332448580640472e-06,0.0031656403918984364,0.0032135770638118486,-1.49149404414477,0.00020095152539756356
532,2025-08-20 10:59:29,111.953125,0.0165371468253968,113.0,0.0437930678650531,6.572904494964164,6.572903213979667,0.04379309838534477,0.043793067865053076,-1.046875,0.10775939608022167,4.734906428841532,0.023825649113995873,0.21919312173055883,0.32117866870965833,0.0055603496829638365,0.034911178795943944,1.8253840899350866,6.93795011117865,0.0,-1.653571428569811e-05,-7.299161366349644e-05,0.0002224308921245921,-7.299549948896514e-05,0.0,-7.829505987683874e-05,5.2995603878736e-06,0.0,0.0,1.3755054529437893e-10,0.0,-6.71386067028486e-09,-0.0,-7.299549948896514e-05,-7.300207579909013e-05,0.00532366017638175,0.01433333922704616
534,2025-08-20 11:09:29,111.953125,0.0165206111111111,113.0,0.0437200762513896,6.573126933834561,6.573125644871792,0.043720106924449956,0.043720076251389586,-1.046875,0.10765239325292947,4.734046288785566,0.023796696410342405,0.21913847144982748,0.32139823006638985,0.005558587131854034,0.03490129349315257,1.8260216777153084,6.9431628695849446,0.015625,-2.480158730160109e-05,0.0016815733302308969,0.0038109319344039605,0.0016822990137215982,0.001682068644577023,-0.00011741186232113587,9.068759028348997e-05,2.675030169065277e-05,2.0433949156849534e-07,4.036424245518554e-08,2.0782258425790667e-06,-1.7259038503281335e-07,-2.690647813425721e-06,0.0016822990137215982,0.0016815543656081738,0.043155030925801086,-0.0011277904080730927
535,2025-08-20 11:14:29,111.96875,0.0164958095238095,113.0,0.0454016495816205,6.57693762822078,6.576936576806196,0.04540167515167168,0.04540164958162053,-1.03125,0.11107610207669277,4.848167033492508,0.024319662806583146,0.22416110669059397,0.3239688712212339,0.005511132816037451,0.03514799611872354,1.8358005927686611,7.006814092422005,-0.046875,-1.9289682539700564e-05,-0.005117347982192599,-0.002832552212695738,-0.005128389149671067,-0.005206692284844974,-9.351960297551232e-05,-6.888671469480134e-05,0.0002462707470965998,-5.561294252378665e-06,2.2108879354650105e-08,4.666806289589605e-06,1.0030636909632431e-07,6.335588412071278e-06,-0.005128389149671067,-0.005117264339720955,0.21575955977370942,-0.001634488644020049
537,2025-08-20 11:24:30,111.921875,0.0164765198412698,113.0,0.0402843015994279,6.574105980318053,6.5741040245935,0.04028434587880149,0.040284301599427905,-1.078125,0.10069270824492677,4.516840604384532,0.02264089937110375,0.20902181617824295,0.3164623905683238,0.005621558142934554,0.034278685692245715,1.8085617581019204,6.838569301592301,-0.015625,-2.204365079369955e-05,-0.0031468150778834955,-0.06864972164280747,-0.003201868505819057,-0.0015733235663269807,-9.956765697385543e-05,-0.0015542914395690873,2.5515358420195672e-05,-2.012013693290226e-07,1.3246595427159458e-05,3.676909736021805e-05,2.736879310883403e-06,2.3554224002002266e-06,-0.003201868505819057,-0.003146760511320596,1.7494967633302938,-0.0017340250872410756
539,2025-08-20 11:34:31,111.90625,0.0164544761904761,113.0,0.0371374865215444,6.505457192171951,6.505454302950692,0.03713754915361055,0.037137486521544485,-1.09375,0.09498206575044627,4.285281381905074,0.021677828229787196,0.2025135461805238,0.3180774067237947,0.0057244655952586624,0.034048227966874206,1.790335860179427,6.730666736846728,0.0,-2.2047619047598638e-05,0.0014424752791483975,0.07037639247016081,0.001431127095980225,0.0,-9.448025142001013e-05,0.001525607347400235,0.0,0.0,1.4176171406803503e-05,0.0,-2.777942216481605e-06,-0.0,0.001431127095980225,0.001442525325170547,-0.7867159550125624,0.003469454407500905
540,2025-08-20 11:39:29,111.90625,0.0164324285714285,113.0,0.0385799618006928,6.575833111725673,6.575830695420853,0.03858001505179144,0.0385799618006929,-1.09375,0.09722487714032618,4.409563399073596,0.022038230283793796,0.2039502962730743,0.31393476155240835,0.005642339658920113,0.03392280715256439,1.799530128788804,6.787512739794709,0.015625,-2.2043650793598935e-05,0.003108585294086197,0.07318509516189842,0.0030599016808620654,0.0015191387053175966,-9.720287572141348e-05,0.0016128699805192806,2.4896276400521764e-05,1.9959434607976808e-07,1.5110349668492433e-05,3.879131046279927e-05,-2.903121998311947e-06,-2.3378368842677893e-06,0.0030599016808620654,0.0031085623821107775,-1.5661018958285533,-0.0007370547452256737
542,2025-08-20 11:49:30,111.921875,0.0164103849206349,113.0,0.041688547094779,6.649017440838688,6.649015790582752,0.041688584949246044,0.041688547094779,-1.078125,0.10279898738481408,4.647017912945181,0.02293853860071285,0.21022754248809586,0.3124102206883609,0.0055273010351549745,0.03408798781407519,1.8186547954675687,6.905735920916151,0.03125,-2.2047619047602107e-05,0.0016272481544916048,-0.06650829905906086,0.0016886486576727531,0.00321246835577544,-0.00010245568065199835,-0.0015256031852340216,0.00010265016723051556,1.5890005528175908e-06,1.2224604139651332e-05,-7.084794024562922e-05,2.66678380672445e-06,-4.757969838365657e-06,0.0016886486576727531,0.0016279341355351343,3.7732722579323807,0.04215589623721705
543,2025-08-20 11:54:29,111.953125,0.0163883373015873,113.0,0.0433157952492706,6.582508819654433,6.582507491523691,0.04331582660221561,0.04331579524927062,-1.046875,0.10705791822490246,4.740934071936475,0.023606817552591336,0.21883218038686866,0.3226178541798848,0.005535006317586803,0.03480283754139327,1.8318221366459828,6.989419811987716,0.0,-1.9289682539700564e-05,0.0016389371292434007,0.07279107814791175,0.0016269145881048662,0.0,-9.145111318930452e-05,0.0017183657012941706,0.0,0.0,1.4663729114832735e-05,0.0,-2.57209221688506e-06,-0.0,0.0016269145881048662,0.0016390062250028138,-0.7335571892306048,0.004215888344960561
545,2025-08-20 12:04:31,111.953125,0.0163690476190476,113.0,0.044954732378514,6.655299676248697,6.6552985696716025,0.04495475890428778,0.04495473237851408,-1.046875,0.10944906968714835,4.873045485603202,0.023971009795751282,0.2200368270362654,0.31771059891454473,0.005444398981585268,0.03461167833300629,1.8389924677279474,7.036177628182404,0.0,-2.4801587301597622e-05,-8.699835362339925e-05,0.0014140629628780488,-8.696274590088522e-05,0.0,-0.000120859263035844,3.389651713495879e-05,0.0,0.0,5.443239496055695e-09,0.0,-6.449531591336502e-08,-0.0,-8.696274590088522e-05,-8.702179797730253e-05,-0.040929191221450445,0.02694804318339461
547,2025-08-20 12:14:30,111.953125,0.016344246031746,113.0,0.0448677340248906,6.656713746538217,6.6567126326344805,0.04486776068404395,0.04486773402489065,-1.046875,0.10932338443351164,4.8737534846905355,0.023933082423098658,0.21997530891965963,0.31796861538980686,0.0054405646528189,0.0345946511790655,1.8400774731166136,7.044884514035546,0.015625,-1.653571428570158e-05,-4.992695350830578e-05,-0.07020327338141641,-2.5539227853545497e-05,0.0017081778817736194,-8.059099512178514e-05,-0.001680180728208767,2.685245470210689e-05,2.0215900128034393e-07,1.3406910339821419e-05,-3.7947777410291796e-05,2.1360746733638113e-06,-1.8201905859352408e-06,-2.5539227853545497e-05,-4.9764210836587304e-05,-48.84681307603353,-0.3259615503906188
548,2025-08-20 12:19:30,111.96875,0.0163277103174603,113.0,0.0448178070713823,6.58651045820825,6.586509359253064,0.04481783351562797,0.044817807071382304,-1.03125,0.11022920664171704,4.853456894417319,0.024063076172205815,0.22375386505825656,0.3257606285612892,0.005485141587731968,0.03503315045277558,1.8432165749616587,7.066090984434448,0.0,-2.7555555555600075e-05,-0.0017994994957320001,-0.06993369046770859,-0.001816559421818762,0.0,-0.00013373970109082666,-0.0016828197207279353,0.0,0.0,1.3413148746774714e-05,-0.0,3.551992053310519e-06,-0.0,-0.001816559421818762,-0.0017995942810186767,0.9480372807674664,0.005267313878176694
550,2025-08-20 12:29:27,111.96875,0.0163001547619047,113.0,0.0430183075756503,6.516577005385547,6.5165756687853555,0.04301833915388617,0.043018307575650255,-1.03125,0.1075790725978027,4.722630810596794,0.023625786612070637,0.22242065058088392,0.3313663891604491,0.005570114783277888,0.03519813281847301,1.8381377955125238,7.035862519771994,0.0,-1.653571428569811e-05,-4.495155718589605e-05,0.001403850450301114,-4.4925002586790056e-05,0.0,-7.809207376086345e-05,3.316707117407339e-05,0.0,0.0,5.4887802089850805e-09,0.0,-4.266992410034697e-08,-0.0,-4.4925002586790056e-05,-4.496218373068142e-05,-0.059073813608234715,0.023639992584501
551,2025-08-20 12:34:27,111.96875,0.016283619047619,113.0,0.0429733560184644,6.5179808600855145,6.517979519235657,0.04297338766682034,0.04297335601846432,-1.03125,0.10751208337669288,4.723925054706255,0.02360320273278793,0.22238577889306735,0.33150803300102377,0.005566842724383372,0.03518503453511452,1.8388961760279448,7.041903087170577,-0.015625,-2.7555555555600075e-05,-0.0017561867459931976,0.0010375756644656065,-0.0017586206388934245,-0.0016798763027608262,-0.00013017037928544933,2.4490108758988856e-05,2.7146701525032635e-05,-2.1076713117028795e-07,2.996529174218642e-09,-5.704239935471369e-07,-5.257583250985311e-08,3.031930495870008e-06,-0.0017586206388934245,-0.0017562087116944373,0.13858964063928614,0.0012507611328871349
553,2025-08-20 12:44:27,111.953125,0.0162560634920634,113.0,0.0412171692724712,6.519018754850123,6.519017094900122,0.041217207469764455,0.04121716927247121,-1.046875,0.10392131303946983,4.613964319649238,0.02301110607272683,0.2171400770588176,0.32904491954960824,0.00559970831193648,0.03487006014277562,1.8305692615482232,6.99180703501595,-0.015625,-1.3777777777702893e-05,-2.8924608315605838e-05,0.07200659678578347,-4.092098801327238e-06,-0.0016237705162417161,-6.357017507037732e-05,0.0016569514365737345,2.6506357062843946e-05,-2.0920112581228143e-07,1.4517103751867474e-05,-3.923241188432599e-05,-1.8160910861444946e-06,1.505180681141086e-06,-4.092098801327238e-06,-2.9118317338789166e-05,-85.85253512622535,0.6697031851553792
554,2025-08-20 12:49:28,111.9375,0.0162422857142857,113.0,0.0411882446641556,6.591025380868057,6.591023691685906,0.04118828325520797,0.04118824466415552,-1.0625,0.10295552018251458,4.635384683746749,0.022845993566677797,0.21340767366748478,0.32135575294528895,0.005545773952470965,0.03440219059714891,1.8285086877860257,6.980102962733604,0.0,-3.031349206349815e-05,-6.492459512229959e-05,0.003313665826607526,-6.481070866522235e-05,0.0,-0.00014051469682201795,7.57039881567956e-05,0.0,0.0,3.0447356052492546e-08,0.0,-1.836714719102197e-07,-0.0,-6.481070866522235e-05,-6.496393278108007e-05,-0.17541342670324145,0.06058976371956515
556,2025-08-20 12:59:27,111.9375,0.0162119722222222,113.0,0.0411233200690333,6.5943390535065785,6.594337357512513,0.041123358752815364,0.04112332006903337,-1.0625,0.1028577125752132,4.638844602571758,0.022808908844926663,0.21335238266784973,0.3215498138434416,0.005538766440721259,0.0343759947807857,1.8299255169639852,6.991342678032235,0.03125,-1.1023809523801054e-05,0.0015797896556933033,-0.07124322850469955,0.0016439969289112196,0.0032143035179754125,-5.113773930926365e-05,-0.001624980304781973,0.000104175968099536,1.6354869275077392e-06,1.405627484826864e-05,-7.653302660137108e-05,1.4371718621658465e-06,-2.4084759374452663e-06,0.0016439969289112196,0.0015805488730828378,4.0642925459426715,0.04805813146062654
557,2025-08-20 13:04:27,111.96875,0.0162009484126984,113.0,0.0427031097247266,6.5230954983564855,6.523094129007814,0.04270314187630839,0.04270310972472659,-1.03125,0.10710852065780296,4.726845853451369,0.023479466741403887,0.22217446574149094,0.3323612440962743,0.005552835100296,0.035124039798389683,1.8425196865851121,7.0711112695207685,0.015625,-3.30674603175006e-05,0.0033831746678174013,0.07619365798468625,0.0033335845222003295,0.0016735706352781713,-0.00015630478768594543,0.0017889864585573434,2.7120906462584343e-05,2.1130958817563013e-07,1.611841855976073e-05,4.181607930373456e-05,-4.64228502967246e-06,-3.653495176648583e-06,0.0033335845222003295,0.003383223239857504,-1.4657873295399249,0.0014356941296700398
559,2025-08-20 13:14:27,111.984375,0.0161678809523809,113.0,0.046086284392544,6.599288710993342,6.5992877869925,0.046086306924639164,0.04608628439254395,-1.015625,0.11307295688755753,4.976719172581843,0.02438535966694197,0.22854882610492805,0.3296591535990764,0.005413169480725212,0.03517347765471549,1.8588837673610146,7.178426851251504,0.0,-8.2698412697986e-06,-2.5180279408204553e-05,0.0006554286654472108,-2.5173813858661254e-05,0.0,-4.115667760161527e-05,1.5982863742954016e-05,0.0,0.0,1.1627129029391823e-09,0.0,-1.0075691004322263e-08,-0.0,-2.5173813858661254e-05,-2.5182726836762635e-05,-0.025677036535154407,0.009719624307602537
560,2025-08-20 13:19:27,111.984375,0.0161596111111111,113.0,0.0460611041131358,6.599944141269672,6.599943215657947,0.046061126673565836,0.046061104113135756,-1.015625,0.11303663113216378,4.9773454169367986,0.024373532824509773,0.22853218848016954,0.3297383483065407,0.005411700406382763,0.03516742437639805,1.8592789081870844,7.181577648412026,0.0,-4.4091269841301656e-05,-0.0001529983947961,0.0027321880906638896,-0.0001528644037609955,0.0,-0.0002194574798715265,6.6593076110531e-05,0.0,0.0,2.0198770659072813e-08,0.0,-2.2397922800608797e-07,-0.0,-0.0001528644037609955,-0.00015306818421834253,-0.08757675875166182,0.04561448003133073
563,2025-08-20 13:34:27,111.984375,0.0161155198412698,113.0,0.0459081057183397,6.602676339890001,6.602675403748611,0.045908128472462534,0.045908105718339726,-1.015625,0.11281566668482118,4.979253501464026,0.024306286070642884,0.22843063050713033,0.33022010209966673,0.0054048196793635254,0.03513725042080493,1.861328601874808,7.198025921406583,-0.046875,-4.13373015872992e-05,-0.003586403749181996,0.07229896749807985,-0.003491451110587392,-0.005288234375850993,-0.000205828903669634,0.0017573193866204408,0.0002509613860551969,-5.668603742403032e-06,1.4125876464562817e-05,-0.00011908063716307818,-5.562848974807385e-06,1.3947514141236618e-05,-0.003491451110587392,-0.003588021206119478,-2.6475724774786213,0.04509968900883177
566,2025-08-20 13:49:27,111.9375,0.0160741825396825,113.0,0.0423217019691577,6.674975826302632,6.674974371246691,0.042321735432726465,0.042321701969157716,-1.0625,0.1046496130742175,4.775108018138321,0.02299812813091629,0.21434531269773008,0.3179910000410719,0.005430910716926148,0.03411876691577509,1.8429963026940226,7.084089476373354,-0.046875,-4.13333333332995e-05,-0.004915705960371504,-0.0026513444926541396,-0.004933769588188703,-0.004905450612853945,-0.0001973711314162224,-6.097596036125915e-05,0.00023548679373529917,-5.4586772925751635e-06,1.908863998527344e-08,4.24034084804487e-06,2.0197194801453053e-07,1.3725423360462137e-05,-0.004933769588188703,-0.004915582763392196,0.36746762240909003,-0.0025061909784906966
569,2025-08-20 14:04:26,111.890625,0.0160328492063492,113.0,0.0374059960087862,6.672325724544245,6.672323026754037,0.0374060535547394,0.03740599600878623,-1.109375,0.09457556625462449,4.438567437101183,0.0213307665488955,0.199397032703574,0.3099076028307148,0.005512153630470415,0.03315278386081678,1.8122055349175559,6.898526902751856,-0.015625,-4.4091269841301656e-05,-0.0015925328232953007,0.0025039237665653857,-0.0015958912598395343,-0.0014777432227285076,-0.00019570207457804295,5.341061332083735e-05,2.4340458093698e-05,-1.9703394751912104e-07,1.7279593537920793e-08,-1.2970631787016324e-06,-2.0006962665518487e-07,4.75257517463611e-06,-0.0015958912598395343,-0.0015926185378767172,0.21088648818454736,0.005382280362620229
572,2025-08-20 14:19:26,111.875,0.0159887579365079,113.0,0.0358134631854909,6.674830266745965,6.674826950520602,0.03581353199675491,0.03581346318549081,-1.125,0.09127849363553908,4.3312235095267955,0.02074986655866335,0.19442878838910588,0.3070565338372646,0.005523134166390566,0.03276974647570213,1.8017606987554438,6.84019320970211,0.015625,-4.13373015872992e-05,0.002876902792181203,0.07525601564287232,0.0028326668571705955,0.0014262264630552982,-0.0001790410924553096,0.0015615522823262823,2.3733982957654526e-05,1.9522128667021726e-07,1.5640046502973207e-05,3.853313364669375e-05,-5.605062430425222e-06,-4.418048900388317e-06,0.0028326668571705955,0.002876816925989449,-1.5376235558195228,-0.0029846747685580155
575,2025-08-20 14:34:26,111.890625,0.0159474206349206,113.0,0.0386903659776721,6.750085248976461,6.7500829661634745,0.03869041528751878,0.03869036597767214,-1.109375,0.09655400191834423,4.571427730969902,0.02160046959225837,0.20066130504750546,0.30636089953999873,0.005420035864141374,0.032978651729609745,1.8243126172825093,6.979455812422192,0.015625,-2.753968253998984e-06,-3.818889545929849e-05,-0.0711044379859107,-1.5132970233596556e-05,0.0015086562799741287,-1.258956684654172e-05,-0.0015358892505892854,2.449478821380682e-05,1.9477901429494142e-07,1.3701420046201931e-05,-3.663950776198411e-05,3.572357381530345e-07,-3.003312458999907e-07,-1.5132970233596556e-05,-3.801415345712569e-05,-60.37337542342593,-0.45757281029256136
576,2025-08-20 14:39:26,111.90625,0.0159446666666666,113.0,0.0386521770822128,6.6789807923825935,6.678978528177564,0.03865222627635179,0.0386521770822129,-1.09375,0.0973359806748259,4.5505311894877405,0.02172688612983154,0.20401964919892476,0.3137288976214025,0.005471268574049725,0.03341027229985901,1.827237052864152,6.997527636555323,-0.03125,-3.858333333330022e-05,-0.0030933740541599017,0.0008478296918914552,-0.0031008800969978046,-0.0030417493960883096,-0.00017557466172758463,1.8420699173215804e-05,9.961896933541248e-05,-1.5957076905385463e-06,1.966415470094339e-09,-8.851944021874714e-07,-5.977275317929545e-08,8.437123165943577e-06,-0.0031008800969978046,-0.0030933859745717576,0.24264905266819792,0.0003853530690767215
578,2025-08-20 14:49:26,111.875,0.0159060833333333,113.0,0.0355588030280529,6.679829750631421,6.679826357869455,0.03555887301517975,0.03555880302805292,-1.125,0.09087557355371806,4.331481873580424,0.020628354075948672,0.19414944379090027,0.30774788253695096,0.005506946398450809,0.03269817395888532,1.8047748957587963,6.865867595671361,-0.03125,-5.511904761900527e-06,-0.0014398755897531007,0.06716686733578037,-0.0013849602211176764,-0.0028398616735536893,-2.3874715565073756e-05,0.0013855419215747487,9.479953310102552e-05,-1.565286674687454e-06,1.2421986135723622e-05,-6.863230976308496e-05,-6.681590260161173e-07,1.1826252592237342e-06,-0.0013849602211176764,-0.0014406560785118303,-3.8138967717926797,0.054205291365727604
579,2025-08-20 14:54:26,111.84375,0.0159005714285714,113.0,0.0341189274382998,6.746997399551251,6.746993225205236,0.034119010831590094,0.03411892743829986,-1.15625,0.08706553586655452,4.238478280151775,0.019977558711703525,0.18621703589762936,0.29746637084452604,0.005468929851775559,0.03191250392134259,1.7885014895928806,6.770619808346693,0.015625,-3.857936507939766e-05,-0.0028154053912742977,-0.2030882024820535,-0.0028374045959856224,0.0013603989979149144,-0.00016351780095107284,-0.004057206488739557,2.2731571764847334e-05,1.8912402524600095e-07,0.00011278250816114762,-0.00010126645403260859,1.4012934043424683e-05,-4.081347084375133e-06,-0.0028374045959856224,-0.0028159569548980336,0.7813867508922989,0.019590913104217123
581,2025-08-20 15:04:26,111.859375,0.015861992063492,113.0,0.0313035220470255,6.543911063558267,6.543905022723182,0.03130363853139495,0.031303522047025495,-1.140625,0.08318364555356145,3.97758576764718,0.019282808555195995,0.18576999688570736,0.3119512691506379,0.005644004758575755,0.03238034506337966,1.7720548408450467,6.679296706542158,0.015625,-5.511904761900527e-06,0.002680935214826201,0.06912373904628932,0.002633595549338294,0.0012997444617743976,-2.1924073933562254e-05,0.0013328998266489232,2.2677001572962324e-05,1.9833327557286447e-07,1.3483785016319586e-05,3.4972664412341534e-05,-6.751590370298953e-07,-5.752444894208785e-07,0.002633595549338294,0.002680801595240504,-1.7657892375059103,-0.004984066192936787
582,2025-08-20 15:09:26,111.875,0.0158564801587301,113.0,0.0339844572618517,6.613032903527235,6.613028761769471,0.03398454079775001,0.03398445726185172,-1.125,0.08835102091678937,4.2058311320689,0.0201691782386186,0.1923450454363053,0.3120512415084755,0.0055665386094220165,0.03272149326898492,1.7967688161503703,6.82333575767465,0.015625,-3.582142857140244e-05,0.0028110611146132947,0.07497222784182256,0.002765632065272613,0.0013804847018248339,-0.00015065887948078675,0.0015121282262880432,2.3479619804236486e-05,1.9839683628621133e-07,1.5644297376407785e-05,3.833130076073439e-05,-4.8254244409499755e-06,-3.819088038472479e-06,0.002765632065272613,0.002810963150930333,-1.6160818811273403,-0.00348493607813527
584,2025-08-20 15:19:26,111.890625,0.0158206587301587,113.0,0.036795518376465,6.688003828182284,6.688000989611294,0.036795578075660626,0.03679551837646504,-1.109375,0.09362264992321362,4.445394721993956,0.021031418185122792,0.19876854918507966,0.31160816060908314,0.00546904831286787,0.03297081737797616,1.820670671695767,6.969016366930564,0.0,-8.269841269899214e-06,-7.852354045198573e-06,0.0013751968046795682,-7.840369646877133e-06,0.0,-3.676270873293776e-05,2.8922339086060627e-05,0.0,0.0,5.171439798835263e-09,0.0,-2.0705867227713288e-08,-0.0,-7.840369646877133e-06,-7.85590407430601e-06,-0.15262172658615514,0.04520974330759486
585,2025-08-20 15:24:26,111.890625,0.0158123888888888,113.0,0.0367876660224198,6.689379024979838,6.6893761864159735,0.036787725700065166,0.0367876660224197,-1.109375,0.09361033915161321,4.447039501968123,0.02102387907325792,0.1987603456246119,0.3116300946597882,0.005466574273174497,0.03296267877340636,1.8210989889698073,6.9723733705489215,0.015625,-4.409126984120104e-05,0.0014290973844168983,0.006647541529718026,0.0014308039064047863,0.0014626615492439564,-0.00019607561867575682,0.00013975710925525175,2.4262737503004382e-05,1.98129078330859e-07,1.207834348387997e-07,3.423762126202713e-06,-5.337614682792692e-07,-4.803449933038702e-06,0.0014308039064047863,0.0014290112405645097,0.11941257513281567,-0.0060278503989930066
588,2025-08-20 15:39:26,111.90625,0.0157682976190476,113.0,0.0382167634068367,6.69602606551811,6.696023727945692,0.0382168136573106,0.03821676340683677,-1.09375,0.09666440978121515,4.564331073734992,0.021496856560453383,0.20359784000485784,0.3149723682598919,0.005432194736169947,0.033256324432654305,1.8350415119880399,7.061166109533497,-0.015625,-3.031349206349815e-05,-0.003169103202807895,-0.0747294312935427,-0.003230537084056815,-0.0015103814028314868,-0.00013836081377884365,-0.001606447865361544,2.4853251953717998e-05,-2.0025403865807336e-07,1.5168012891247885e-05,3.883165955884071e-05,4.156937928675253e-06,3.3445094190685274e-06,-0.003230537084056815,-0.0031690359642589823,1.9385257379591847,-0.002121690099998741
591,2025-08-20 15:54:26,111.890625,0.0157379841269841,113.0,0.0350476602040288,6.621297809327239,6.621294296652149,0.035047732264521084,0.0350476602040289,-1.109375,0.09084780874466242,4.315417620648231,0.02051441031684967,0.19686433466890546,0.31652683296042483,0.005526345208993681,0.03298393961792973,1.81427201443727,6.938511613404731,0.0,-1.3777777777800038e-05,0.001430137973201795,0.07200434970777803,0.001417669909507599,0.0,-5.94568649956939e-05,0.001477126774503293,0.0,0.0,1.4326017569035983e-05,0.0,-1.7998665663895119e-06,-0.0,0.001417669909507599,0.0014301960605102456,-0.8718084498016809,0.004061657653964268
592,2025-08-20 15:59:26,111.890625,0.0157242063492063,113.0,0.0364777981772306,6.693301566717556,6.693298646359927,0.03647785916764196,0.0364777981772305,-1.109375,0.0931234329153075,4.444949508523389,0.020884561402869886,0.198434152892347,0.3124968583887044,0.005451208140930794,0.032889297190506636,1.8242932011790873,6.99996818523242,-0.015625,-3.0313492063501618e-05,-0.002899124833305594,-0.06638244575249264,-0.0029521396064392078,-0.0014550536393016797,-0.00013474194164928916,-0.0013863682643906116,2.4222919054241578e-05,-1.9868015186863226e-07,1.2010726223118895e-05,3.4113624790412736e-05,3.67099555023855e-06,3.3155231254344807e-06,-0.0029521396064392078,-0.0028990287367500036,1.8286474774929173,-0.0033146746385881443
594,2025-08-20 16:09:26,111.875,0.0156938928571428,113.0,0.033578673343925,6.626920489460702,6.626916200607434,0.033578758921946505,0.03357867334392499,-1.125,0.08769068413316339,4.212807306555282,0.019953578556133448,0.1918574345657187,0.3131680978172652,0.005529179895096798,0.03257014384256879,1.803089612443261,6.876547962037282,0.0,-1.653571428569811e-05,0.0,0.0034939534768234637,5.509720937299609e-08,0.0,-6.966177796189957e-05,6.971687517127256e-05,0.0,0.0,3.3749314831759475e-08,0.0,-1.0417353196613549e-07,-0.0,5.509720937299609e-08,-1.5327007761379925e-08,inf,-inf
595,2025-08-20 16:14:26,111.875,0.0156773571428571,113.0,0.033578673343925,6.630414434517207,6.630410154084258,0.0335787587089231,0.03357867334392495,-1.125,0.08769068413316317,4.217250770930494,0.019943063840821514,0.19185743456571863,0.3131680978172656,0.0055233541296342906,0.03255298071620481,1.8040402674734017,6.883801010579581,-0.015625,-2.480158730160109e-05,0.0,0.07393389644674997,2.2927954168051312e-05,-0.0013701669395806745,-0.00010459451316797714,0.0014744684168382215,2.3420096992885575e-05,-1.9910691440408428e-07,1.5095937287879838e-05,-3.760576102038961e-05,-3.308028926617554e-06,2.6676436207928016e-06,2.2927954168051312e-05,-2.22254870283216e-07,inf,-inf
597,2025-08-20 16:24:26,111.859375,0.0156525555555555,113.0,0.033578673343925,6.704348362340852,6.704344050531008,0.03357875871487827,0.03357867334392506,-1.140625,0.08693723109413581,4.240248568022501,0.019799319897695306,0.18867255277492959,0.3058818946443383,0.005461122414112698,0.03209928203070949,1.802024061302597,6.874424746332311,0.0,-1.9289682539700564e-05,-0.0015715327824637054,-0.07618022103707833,-0.0015901096149568256,0.0,-8.179304876657396e-05,-0.0015083165661902516,0.0,0.0,1.5846610114580202e-05,-0.0,2.64806044575465e-06,-0.0,-0.0015901096149568256,-0.0015716149443964907,1.1820836765490172,0.005228139921875652
598,2025-08-20 16:29:26,111.859375,0.0156332658730158,113.0,0.0320071405614613,6.628169159378215,6.628163829493929,0.0320072436737031,0.032007140561461284,-1.140625,0.08435865669178011,4.101149893825308,0.019346041626178926,0.186702085674504,0.3100672324419713,0.00552902397311115,0.03212911930825656,1.7908388046354342,6.811022987847381,0.0,-2.2043650793598935e-05,0.0013322728018607052,0.0729293057624103,0.0013204890689362298,0.0,-9.040431611169045e-05,0.0014108933850479203,0.0,0.0,1.4703564672676952e-05,0.0,-2.87900287237796e-06,-0.0,0.0013204890689362298,0.0013323136307365287,-0.8844834862663187,0.0030646032679104707
600,2025-08-20 16:39:26,111.859375,0.0156112222222222,113.0,0.033339413363322,6.701097565747285,6.70109313525634,0.03333950067539562,0.03333941336332204,-1.140625,0.0865486340575255,4.229615952081069,0.019707075609856496,0.18838209525021624,0.30651680865567615,0.00545800698559717,0.032065414262677346,1.8026035358431836,6.882014884424323,0.015625,-2.2047619047600372e-05,0.0,-0.06400756903209448,2.0858182776343644e-05,0.001352322407148836,-9.325296122913696e-05,-0.0012614020025185952,2.299586123659866e-05,1.9487813864115153e-07,1.1180642419971225e-05,-3.2069206515016047e-05,2.5438602442571225e-06,-2.370813163307859e-06,2.0858182776343644e-05,1.426657622480854e-07,inf,inf
601,2025-08-20 16:44:26,111.875,0.0155891746031746,113.0,0.033339413363322,6.637089940234285,6.637085566224245,0.033339500059047095,0.03333941336332197,-1.125,0.08729943233223819,4.219314944047801,0.019820638656000925,0.19156541559918272,0.313827989070475,0.0055038592316056555,0.03247074192410663,1.8073510867325089,6.912203437159323,-0.015625,-2.204365079369955e-05,-0.00013768958700659945,0.06648723384937671,-0.00011605837435649946,-0.0013640536301912217,-9.300910521522766e-05,0.0013178194373655292,2.338445014638461e-05,-1.9952646196395556e-07,1.2165048696097347e-05,-3.373265330579434e-05,-2.648892367159172e-06,2.3807843559960915e-06,-0.00011605837435649946,-0.0001378940869773595,-15.71012966221128,0.1485224665175755
603,2025-08-20 16:54:26,111.859375,0.0155671309523809,113.0,0.0332017237763154,6.703577289622295,6.703572800073622,0.03320181195598382,0.033201723776315376,-1.140625,0.08632436512787661,4.228956933459923,0.01964108642914321,0.18821342500813776,0.3068825858422374,0.0054490865978004815,0.032024853656776785,1.804103636798066,6.895327679731279,0.0,-2.2047619047600372e-05,-0.0014323026067303013,-0.06898006071763962,-0.001448081765880339,0.0,-9.323843143763265e-05,-0.0013548433344427063,0.0,0.0,1.2964054818810998e-05,-0.0,2.743763981071698e-06,-0.0,-0.001448081765880339,-0.0014323739470804562,1.1016637877982127,0.0049808154938491
605,2025-08-20 17:04:26,111.859375,0.0155450833333333,113.0,0.0317694211695851,6.634598190819293,6.634592739355982,0.03176952596568329,0.031769421169585144,-1.140625,0.08396312787115301,4.102257323514488,0.019223465389376606,0.1863907502626499,0.31070314540898814,0.0055091118589646725,0.03204446118556664,1.793949177794598,6.838237690963451,0.0,-1.928968253969883e-05,0.0,0.004120222902590065,7.372089770785921e-08,0.0,-7.913124146674907e-05,7.920496236445693e-05,0.0,0.0,4.67619936469122e-08,0.0,-1.4257911922340436e-07,-0.0,7.372089770785921e-08,-2.2096227868632947e-08,inf,-inf
606,2025-08-20 17:09:26,111.859375,0.0155257936507936,113.0,0.0317694211695851,6.638718401109661,6.638712962258572,0.031769525658342374,0.031769421169585005,-1.140625,0.08396312787115279,4.107354083348244,0.01921153461863609,0.18639075026264973,0.31070314540898847,0.0055022756769670415,0.03202457324589691,1.7950632583084765,6.846733709727867,0.0,-2.480158730160109e-05,0.0,0.0053088476794762585,1.222101025748066e-07,0.0,-0.0001018689008767492,0.000101991110979324,0.0,0.0,7.753769381538507e-08,0.0,-2.363521183876326e-07,-0.0,1.222101025748066e-07,-3.660432199744092e-08,inf,-inf
608,2025-08-20 17:19:26,111.859375,0.015500992063492,113.0,0.0317694211695851,6.644027232579162,6.644021809938049,0.031769525263681334,0.031769421169585046,-1.140625,0.0839631278711529,4.113925849881609,0.019196183809458024,0.18639075026264978,0.3107031454089884,0.005493486099208302,0.031998984289956345,1.7964987349539594,6.8576884836634395,0.0,-1.6535714285699846e-05,0.0,0.0035465995358885394,5.4474143257719917e-08,0.0,-6.80267024461972e-05,6.808117658945492e-05,0.0,0.0,3.454954561539372e-08,0.0,-1.0535666826277885e-07,-0.0,5.4474143257719917e-08,-1.6332979389665213e-08,inf,-inf
609,2025-08-20 17:24:26,111.859375,0.0154844563492063,113.0,0.0317694211695851,6.647573821311391,6.647568409473937,0.03176952500086662,0.031769421169585144,-1.140625,0.08396312787115301,4.118319074991498,0.01918594229370436,0.1863907502626499,0.31070314540898814,0.005487625911924999,0.03198191224558749,1.7974577115741257,6.865011748676362,0.0,-2.7555555555600075e-05,-0.00022213108557870426,-0.005684595705265139,-0.00022254689523087232,0.0,-0.00011348257006661573,-0.00010906432516425659,0.0,0.0,8.866529588532934e-08,-0.0,2.8155771734792987e-07,-0.0,-0.00022254689523087232,-0.00022217667221763906,0.18719111333957983,0.020522404064271527
611,2025-08-20 17:34:25,111.859375,0.0154569007936507,113.0,0.0315472900840064,6.6418893781399,6.641883813768672,0.03154739639262161,0.03154729008400631,-1.140625,0.08359220080498381,4.104789369526006,0.01910521889349185,0.18609655094416502,0.3112979367821446,0.005488346825093941,0.031958761154577645,1.7971966559510382,6.866395186669046,0.0,-1.6535714285699846e-05,0.0,0.0035555799146758105,5.450834572439799e-08,0.0,-6.787562421746004e-05,6.793013256318444e-05,0.0,0.0,3.4692247872524443e-08,0.0,-1.0566447650005082e-07,-0.0,5.450834572439799e-08,-1.6463882903128382e-08,inf,-inf
612,2025-08-20 17:39:25,111.859375,0.015440365079365,113.0,0.0315472900840064,6.645444946942008,6.645439393683348,0.03154739612354733,0.03154729008400631,-1.140625,0.08359220080498381,4.109185355234152,0.019094996825613577,0.18609655094416502,0.3112979367821446,0.005482475419421345,0.03194166191966969,1.7981587438935245,6.87374868824727,0.0078125,-3.0313492063499883e-05,0.0012339332922123997,0.03616968231699502,0.0012248642359315536,0.000653064068788936,-0.00012456375765334044,0.0006906599690264715,5.679216032231599e-06,2.4739737254948984e-08,3.586213046497604e-06,9.02593565868211e-06,-1.9715540728526773e-06,-1.6278697367787215e-06,0.0012248642359315536,0.0012338769608271018,-0.7349713585071971,-0.00456518886826629
614,2025-08-20 17:49:26,111.8671875,0.0154100515873015,113.0,0.0327812233762188,6.681613716771662,6.681609076000343,0.03278131381542332,0.03278122337621872,-1.1328125,0.08600688858420757,4.224869109387515,0.01948795572584762,0.18926971541931448,0.3116541712654599,0.005440453079740413,0.032089141561509577,1.8117699374546128,6.956728804046388,-0.0078125,-1.1019841269799616e-05,0.0,0.03686309910646468,5.651524547842284e-06,-0.0006719288170641217,-4.655738697113008e-05,0.0007183864433043167,5.776053327005447e-06,-2.4768048228061986e-08,3.6964834083221627e-06,-9.24144691893205e-06,-7.359871502967023e-07,5.989222435752665e-07,5.651524547842284e-06,-3.050386948903947e-08,inf,-inf
615,2025-08-20 17:54:26,111.859375,0.0153990317460317,113.0,0.0327812233762188,6.718476832113876,6.7184721751068075,0.03278131380680707,0.032781223376218804,-1.140625,0.08563653679723648,4.235993545314499,0.01941816454103163,0.18769134203719637,0.30800138241026015,0.005409896621651233,0.031865196644618635,1.8106464543840604,6.951262928149573,0.0,-4.4095238095200745e-05,-0.00011485983070259886,0.003711455465619906,-0.00011471749103225786,0.0,-0.00018678714395037636,7.20696529181185e-05,0.0,0.0,3.726039701292735e-08,0.0,-2.9632589462600027e-07,-0.0,-0.00011471749103225786,-0.00011497655652987093,-0.12392467363944171,0.1016245858609155
618,2025-08-20 18:09:32,111.859375,0.0153549365079365,113.0,0.0326663635455162,6.722188335733522,6.722183630572427,0.032666454629713515,0.032666363545516164,-1.140625,0.08544788569886247,4.237411144732535,0.019358346234242926,0.18754688541136785,0.3083074174981866,0.005399765311008882,0.03182309171076974,1.8123344303010462,6.965859678474488,0.03125,-4.133333333340011e-05,0.0012675833926608024,-0.06521567388922378,0.001325776265985427,0.002670246428089452,-0.00017514632731589443,-0.0012624675950470698,9.157562764226946e-05,1.56813261666965e-06,1.148282805021835e-05,-6.485513659863812e-05,4.885294595643201e-06,-8.997568751377417e-06,0.001325776265985427,0.001268291683281273,4.590851667949902,0.055877240469670575
621,2025-08-20 18:24:32,111.890625,0.0153136031746031,113.0,0.033933946938177,6.656971821271767,6.656967956683204,0.0339340239837502,0.03393394693817696,-1.109375,0.08904225588636622,4.333245352152539,0.01993628336889864,0.19556464437237264,0.31969687817436954,0.0054311795332037905,0.032590592107746494,1.8314263093043643,7.083719124654149,0.0,-4.409126984119931e-05,-0.00012115411128379994,0.003513308656470926,-0.00012101597317207138,0.0,-0.00019105829010988032,7.004231693780894e-05,0.0,0.0,3.351944158628566e-08,0.0,-2.8369936342584957e-07,-0.0,-0.00012101597317207138,-0.00012126615309391095,-0.11401850937189373,0.0924787519992254
624,2025-08-20 18:39:31,111.890625,0.0152695119047619,113.0,0.0338127928268932,6.660485171808444,6.6604812653396746,0.03381287046627819,0.033812792826893215,-1.109375,0.0888440196372361,4.3345893417415065,0.019874558885228103,0.19541897559279134,0.32004329281267985,0.005421410089759553,0.032549138329750524,1.8331875821890606,7.098881987859891,0.0,-4.133730158730094e-05,0.0013456860290404007,0.07622229276251247,0.0013357042189989811,0.0,-0.0001791802268766689,0.00151488444587565,0.0,0.0,1.574875694334355e-05,0.0,-5.776051253743108e-06,-0.0,0.0013357042189989811,0.0013456769246885816,-0.74176366745351,-0.0006765583964285504
627,2025-08-20 18:54:31,111.890625,0.0152281746031746,113.0,0.0351584788559336,6.736706812458308,6.736703558102187,0.03515854462239,0.035158478855933636,-1.109375,0.09102584249806955,4.470012868411969,0.020208737359905738,0.1969898705932787,0.3162128742556568,0.005342023205101802,0.03243955085816227,1.845144462733712,7.175372077880586,0.0,2.753968253900105e-06,-0.0001165657218536037,-0.006381042528869507,-0.00011664253901418108,0.0,1.2310273534131508e-05,-0.0001289528125483126,0.0,0.0,1.0875745915948006e-07,-0.0,-3.242507154799386e-08,0.0,-0.00011664253901418108,-0.0001165662066265696,0.06590030015329873,0.00041587952117616567
628,2025-08-20 18:59:31,111.890625,0.0152309285714285,113.0,0.03504191313408,6.730325820853749,6.7303225155733175,0.03504197983370623,0.035041913134079936,-1.109375,0.09083856797068235,4.458557757644894,0.020179708945936927,0.19685780604335984,0.31654312237660764,0.005348569433677333,0.03244853839827451,1.84418520407564,7.169265076491318,-0.015625,-4.6845238095200026e-05,-0.0014551885241473952,0.007335633695533694,-0.0014563546301455633,-0.0014193526245419117,-0.0002088621997180762,0.00014803095290987766,2.4030493901777324e-05,-2.012526972304075e-07,1.4390733011238843e-07,-3.719227994456272e-06,-6.337348944309059e-07,5.2475926480599724e-06,-0.0014563546301455633,-0.001455316093056278,0.08013435914437927,0.008766486731159873
631,2025-08-20 19:14:31,111.875,0.0151840833333333,113.0,0.0335867246099326,6.737662175316141,6.737658149268851,0.03358680363727999,0.03358672460993263,-1.125,0.08770382538129046,4.355005345418217,0.01962900539532954,0.19186720255538137,0.31314590936403225,0.005349187781185391,0.03203644324077609,1.8331697350142784,7.107791696616672,-0.015625,-4.409126984129992e-05,-0.0015621274937132057,-0.0014673610630113743,-0.0015679706290834777,-0.0013703722715826634,-0.00019201771584513819,-2.8802838222746757e-05,2.3421289374436202e-05,-1.9909280736543797e-07,5.7587977948651975e-09,7.345160845138869e-07,1.1860207195034195e-07,4.896743151113698e-06,-0.0015679706290834777,-0.0015622150089781048,0.37404983868396524,0.005602312567387635
634,2025-08-20 19:29:30,111.859375,0.015139992063492,113.0,0.0320245971162194,6.736195794003462,6.73619078820584,0.03202469244315609,0.0320245971162193,-1.140625,0.08438764388226283,4.236437274255679,0.019043292782625006,0.18672480644260495,0.3100205613496978,0.005353761643747256,0.03161771823943892,1.819923432534967,7.033787780581976,-0.015625,-4.684920634919973e-05,-0.0013735938688909967,0.006252864883525611,-0.0013753590732908903,-0.0013185569356603567,-0.00019847372404704555,0.00011907513670717261,2.27935554739508e-05,-1.9710576461136997e-07,1.0466154097217479e-07,-3.0890831261967943e-06,-5.331315682998088e-07,5.148865236702572e-06,-0.0013753590732908903,-0.0013737277612077122,0.12850992130002403,0.009747591318509663
637,2025-08-20 19:44:31,111.84375,0.0150931428571428,113.0,0.0306510032473284,6.742449750628524,6.742443653089365,0.030651116059108446,0.030651003247328487,-1.15625,0.08137701417641369,4.132445345197679,0.018501181812865405,0.18180359327253576,0.306365511775047,0.005346521316304082,0.031177183753705043,1.8071054201369092,6.963771784015408,0.0,-3.30674603175006e-05,-0.0013815383651661003,-0.06818452698271482,-0.0013981438029979983,0.0,-0.00013664947246656432,-0.001261494330531434,0.0,0.0,1.2428335574737977e-05,-0.0,4.074460966102983e-06,-0.0,-0.0013981438029979983,-0.0013816410064571574,1.2019527108754202,0.007429492632637924
640,2025-08-20 19:59:32,111.84375,0.0150600753968253,113.0,0.0292694648821623,6.674266560124234,6.674259126106651,0.029269599254602416,0.029269464882162366,-1.15625,0.07902265453173335,4.005272417491022,0.018075325950799966,0.179827425815884,0.30993769518505876,0.005397010848087311,0.03115333959484829,1.7960193900738026,6.903201199890642,-0.015625,-1.1023809523799319e-05,0.0,0.07070819373323989,2.094584882663337e-05,-0.0012347289770583336,-4.415336022134825e-05,0.0012780736491206225,2.195159006541553e-05,-1.9705307972275972e-07,1.3491579030068012e-05,-3.4418693304842906e-05,-1.399949806490683e-06,1.189055861438396e-06,2.094584882663337e-05,-1.9215939319380963e-07,inf,-inf
641,2025-08-20 20:04:31,111.828125,0.0150490515873015,113.0,0.0292694648821623,6.744974802045699,6.7449673198398905,0.029269599200308694,0.02926946488216238,-1.171875,0.07834784341730261,4.022955971158506,0.017951657605612854,0.1768542804248503,0.3027108826634398,0.005338490260827747,0.03072677746907024,1.7927907163834513,6.88585286157672,0.0,-3.0313492063499883e-05,-0.0014189017907141992,-0.07327255560688073,-0.0014373136740464742,0.0,-0.00012194984390352284,-0.0013153638301429513,0.0,0.0,1.433082317707025e-05,-0.0,3.9820517802368045e-06,-0.0,-0.0014373136740464742,-0.0014190007990891671,1.2976150606595072,0.0069778173243495445
643,2025-08-20 20:14:30,111.828125,0.015018738095238,113.0,0.0278505630914481,6.671704009912368,6.67169476423301,0.027850724932211177,0.027850563091448066,-1.171875,0.07589016301864576,3.887954738219735,0.017504450069419412,0.17469434977631457,0.3062346765980572,0.005389755941608747,0.030684848210026528,1.7798851084065404,6.8154840921365185,0.015625,-1.6531746031700142e-05,0.0012011838829835003,0.0033344773722330245,0.0012013970021542968,0.00118578379716634,-6.427468031499386e-05,5.836819266986182e-05,2.1324993869179024e-05,1.9469876390969417e-07,2.9963645726473516e-08,1.5987176879177887e-06,-9.811569148942783e-08,-1.7604976889733334e-06,0.0012013970021542968,0.0012011670701074784,0.01774242676875204,-0.0013996921087722214
644,2025-08-20 20:19:30,111.84375,0.0150022063492063,113.0,0.0290517469744316,6.675036866219839,6.675029241605243,0.029051884030896993,0.029051746974431594,-1.15625,0.07864673226767013,3.9989794956150972,0.0179755064458819,0.17950346151211508,0.31050106472800665,0.0053860449579318515,0.03109362818663402,1.7973194336021963,6.917345107186972,0.0,-2.7559523809499165e-05,0.0012269858093389985,0.07377866020934842,0.0012159988115385699,0.0,-0.00011020997062310323,0.001326208782161673,0.0,0.0,1.4658904220803743e-05,0.0,-3.654498128440773e-06,-0.0,0.0012159988115385699,0.001227003217630933,-0.8954461996873109,0.0014187851075320168
646,2025-08-20 20:29:31,111.84375,0.0149746468253968,113.0,0.0302787327837706,6.748814241044938,6.748807901814591,0.030278848923479734,0.03027873278377051,-1.15625,0.08074780285688066,4.128423904707431,0.018320773332990273,0.1812842802463145,0.3073273214734425,0.00532119905180686,0.03105881099067023,1.810811439271312,6.998827801377774,0.0,-1.6535714285699846e-05,-0.0013645500210088986,-0.07162014377645054,-0.0013804028583430197,0.0,-6.826643813849541e-05,-0.0013121364202045244,0.0,0.0,1.364739892067259e-05,-0.0,2.1445263042094917e-06,-0.0,-0.0013804028583430197,-0.0013646109331181375,1.161763005389882,0.004463897131001815
647,2025-08-20 20:34:29,111.84375,0.0149581111111111,113.0,0.0289141827627617,6.677195498952746,6.677187758038141,0.02891432138598861,0.028914182762761698,-1.15625,0.07840850344061577,3.996962383076311,0.01790784072561506,0.17929694083221442,0.31085703017014926,0.005376370558979345,0.031047814641378207,1.798585262705399,6.929754910138804,0.0,-2.480158730160109e-05,0.0,0.005542513927962567,1.2344515637406866e-07,0.0,-9.913101148508267e-05,9.925445664145674e-05,0.0,0.0,8.25796018907702e-08,0.0,-2.472391832633539e-07,-0.0,1.2344515637406866e-07,-4.121442499851504e-08,inf,-inf
649,2025-08-20 20:44:30,111.84375,0.0149333095238095,113.0,0.0289141827627617,6.682737988789135,6.682730271966103,0.028914320839946023,0.028914182762761684,-1.15625,0.07840850344061565,4.003600631036478,0.017892988344536922,0.1792969408322143,0.31085703017014954,0.005367456163117879,0.031022064246243358,1.8000782091718477,6.941264008045629,0.0,-2.204365079369955e-05,-0.0001313204590899994,-0.002414952942414672,-0.00013146469907923414,0.0,-8.825397422800327e-05,-4.321072485123087e-05,0.0,0.0,1.5651496036856748e-08,-0.0,9.582604623917371e-08,-0.0,-0.00013146469907923414,-0.00013135322153695812,0.10983817010257191,0.024948471232710823
651,2025-08-20 20:54:31,111.84375,0.0149112658730158,113.0,0.0287828623036717,6.6803231683777815,6.680315319023689,0.028783002339048555,0.028782862303671677,-1.15625,0.07818057538943633,3.996278840865557,0.01784034838270556,0.1790984613694817,0.3111968285070039,0.005365391562567743,0.03099892536041664,1.800077078896252,6.943830179207341,0.0,-1.9289682539700564e-05,0.0,0.004325129802479566,7.48722962388076e-08,0.0,-7.708695018041914e-05,7.716182247665795e-05,0.0,0.0,5.018451342685948e-08,0.0,-1.5018111622076e-07,-0.0,7.48722962388076e-08,-2.5124306555092936e-08,inf,-inf
652,2025-08-20 20:59:29,111.84375,0.0148919761904761,113.0,0.0287828623036717,6.68464827910941,6.684640448826168,0.028783001908430847,0.02878286230367169,-1.15625,0.07818057538943639,4.001455249234366,0.01782880523044969,0.17909846136948174,0.3111968285070037,0.005358450723283907,0.030978868279269565,1.8012425279280544,6.952824571761647,0.03125,-2.4801587301500477e-05,0.0012030571225522986,-0.06587535711662884,0.001258454877215863,0.002443142980919887,-9.924244169693347e-05,-0.0011744789115186935,8.745042059056725e-05,1.5828289210357853e-06,1.1626666377946872e-05,-6.377325034268399e-05,2.942894215786322e-06,-5.388783925267629e-06,0.001258454877215863,0.0012038624035416447,4.604748488254451,0.06693622225000251
654,2025-08-20 21:09:30,111.875,0.0148671746031746,113.0,0.029985919426224,6.61877150564992,6.618765091709539,0.029986037508326402,0.029985919426224084,-1.125,0.08165950019233048,4.09805024811428,0.01841021028155616,0.1870911909037244,0.3231643791652225,0.005405108906897868,0.03180012991099014,1.822315196992771,7.078600856740677,-0.015625,-1.928968253969883e-05,-9.300754770440178e-05,0.06848130085840687,-7.159181190454942e-05,-0.0012759296905051638,-7.905008831785849e-05,0.0012607551491577828,2.2838280139614794e-05,-2.0546237892482918e-07,1.2674138722736082e-05,-3.402678537142092e-05,-2.407246582140261e-06,2.133499427371372e-06,-7.159181190454942e-05,-9.321820570800316e-05,-23.025804172276665,0.2264956004118135
655,2025-08-20 21:14:30,111.859375,0.0148478849206349,113.0,0.0298929118785196,6.687252937713256,6.687246392567946,0.029893031326940225,0.029892911878519612,-1.140625,0.08078792417628872,4.109731404319113,0.01824990896518083,0.18380138704332835,0.315742052231894,0.005347365951539541,0.03135049088804249,1.8187460006271667,7.059876144545568,-0.03125,-2.755952380959978e-05,-0.001333657942950598,0.06946579574254397,-0.0012819995986092804,-0.0025246226305090224,-0.00011326224048839253,0.0012677444484952734,8.974677101725017e-05,-1.6059471243891094e-06,1.2901848585357736e-05,-6.805583738928892e-05,-3.481887826238392e-06,6.080213271825909e-06,-0.0012819995986092804,-0.0013345552619676243,-3.8734328104422455,0.06728254585588456
657,2025-08-20 21:24:29,111.828125,0.0148203253968253,113.0,0.028559253935569,6.756720275760856,6.75671218831049,0.028559396301199635,0.02855925393556895,-1.171875,0.07712501694599366,4.012736899644381,0.017603255822399647,0.1757922971896797,0.3044756398116921,0.005288001629784203,0.030489177654415923,1.7993114003283912,6.9501374886574725,0.0,-1.3777777777701158e-05,0.0,0.003142894461855228,3.85779511588569e-08,0.0,-5.528659728368179e-05,5.5325175234840645e-05,0.0,0.0,2.6116873171393994e-08,0.0,-7.791396484072109e-08,-0.0,3.85779511588569e-08,-1.3219140510470198e-08,inf,-inf
658,2025-08-20 21:24:29,111.828125,0.0148065476190476,113.0,0.028559253935569,6.75986315590289,6.759855082772345,0.02855939598304995,0.02855925393556903,-1.171875,0.07712501694599382,4.016470828626766,0.017595071449427575,0.17579229718967984,0.30447563981169184,0.005283085616849765,0.030475002163015134,1.8001483526326532,6.956604725471008,0.015625,-3.0313492063499883e-05,-0.00010151701405899938,-0.0674430816603353,-8.168810633740399e-05,0.0012050783897811534,-0.00012175325658685628,-0.001186665840583178,2.145902065303709e-05,1.9358039843984722e-07,1.2015240427526029e-05,-3.211450092936132e-05,3.6802868745294953e-06,-3.2949840958511125e-06,-8.168810633740399e-05,-0.0001014020640605609,-19.532595501746407,-0.11323224929732367
660,2025-08-20 21:39:29,111.84375,0.0147762341269841,113.0,0.02845773692151,6.692420107737192,6.69241200111201,0.028457880098060676,0.028457736921510032,-1.15625,0.07761409776929241,3.9996333453935127,0.017661649857721624,0.17860139120606483,0.31203799648495945,0.005331175632041929,0.030857015161006102,1.804927871988243,6.9878379297229545,0.0,-1.1023809523799319e-05,0.0,0.002497834717920533,2.4686025718978055e-08,0.0,-4.409119616465433e-05,4.411588219037331e-05,0.0,0.0,1.663107759995047e-08,0.0,-4.969986965289513e-08,-0.0,2.4686025718978055e-08,-8.382766333966606e-09,inf,-inf
661,2025-08-20 21:44:29,111.84375,0.0147652103174603,113.0,0.02845773692151,6.694917931071082,6.694909835829931,0.028457879843655942,0.028457736921509977,-1.15625,0.07761409776929229,4.002619499685704,0.017655060391504402,0.1786013912060648,0.31203799648495967,0.005327198308442394,0.030845502575228154,1.8056015321725307,6.993055098504446,-0.015625,-4.409126984129992e-05,-0.00014217949102150046,0.07061161007116912,-0.00012094507470789993,-0.001212720277645192,-0.00017648057643269123,0.0012466522401478513,2.1801927637459082e-05,-1.983884153270465e-07,1.32807039894659e-05,-3.403204062955083e-05,-5.62147955773571e-06,4.8176981150505896e-06,-0.00012094507470789993,-0.00014250019279066998,-14.934936228171935,0.2255612021575093
664,2025-08-20 21:59:29,111.828125,0.014721119047619,113.0,0.0283155574304885,6.765529733099386,6.7655214459011,0.0283157022167531,0.02831555743048854,-1.171875,0.07670206211341982,4.014667162438656,0.017471053401399612,0.17541914557411506,0.3050808205888853,0.00526304423324329,0.03038484363155933,1.802794062748854,6.982122437659213,0.03125,-4.13333333332995e-05,0.0011540239002129984,-0.06350465040061426,0.0012087123275816834,0.0023969394410443693,-0.0001659395760473286,-0.001109493138386345,8.565387967486087e-05,1.5517212961267359e-06,1.0612509290930102e-05,-6.029933975935956e-05,4.732080010228446e-06,-9.018574815302435e-06,0.0012087123275816834,0.0011547390023081798,4.7389336874731125,0.0619659692532748
667,2025-08-20 22:14:31,111.859375,0.0146797857142857,113.0,0.0294695813307015,6.702023615511047,6.7020167955004855,0.02946970424328016,0.029469581330701572,-1.140625,0.08005817137121324,4.114022350252984,0.01802232622456025,0.18318319043787273,0.3168821419782897,0.00530591596386775,0.03117618665675029,1.825049260690905,7.116702200559523,0.0,-4.133730158730094e-05,-6.184357975769911e-05,0.0060181150765590274,-6.160214946261303e-05,0.0,-0.00017006258262930422,0.00010846043316669118,0.0,0.0,9.608406037710305e-08,0.0,-4.5402231889193737e-07,-0.0,-6.160214946261303e-05,-6.196008772112787e-05,-0.3903886159759673,0.18839136396249234
670,2025-08-20 22:29:29,111.859375,0.0146384484126984,113.0,0.0294077377509438,6.708041757136561,6.7080349105770445,0.029407860843567196,0.029407737750943796,-1.140625,0.07995113552135907,4.119357404039335,0.017978737933344997,0.1830917776453103,0.31704875533522736,0.0052937567968406605,0.03113267322854721,1.82701888296632,7.133237519063859,0.0,-4.13373015872992e-05,-9.21627862453013e-05,0.0043541236118320725,-9.200147201012952e-05,0.0,-0.00017028311935664793,7.828164734651841e-05,0.0,0.0,5.018055938410249e-08,0.0,-3.288409647693492e-07,-0.0,-9.200147201012952e-05,-9.228013241551478e-05,-0.17503185585385772,0.12732489434634786
673,2025-08-20 22:44:27,111.859375,0.0145971111111111,113.0,0.0293155749646985,6.71239593857946,6.712389034188877,0.02931569873434789,0.029315574964698457,-1.140625,0.07979142078658852,4.121625963640484,0.017926205362431197,0.18295502167966993,0.3172970747140595,0.005282942309417348,0.031089239694014656,1.8286964106130223,7.148094921485084,0.0,-2.7539682540007188e-06,-0.00012156503865409785,-0.006155560750584321,-0.00012169667319462667,0.0,-1.1350827058731013e-05,-0.00011034584613589566,0.0,0.0,1.0008779374428432e-07,-0.0,3.1000461840973946e-08,-0.0,-0.00012169667319462667,-0.00012156558493904141,0.10828322187548256,0.0004493766872615268
674,2025-08-20 22:49:28,111.859375,0.0145943571428571,113.0,0.0291940099260444,6.706240502095276,6.706233473438292,0.02919413565927126,0.029194009926044318,-1.140625,0.07958037839400389,4.10999189129819,0.01788863741575025,0.18277366590554447,0.3176246509784408,0.0052873986616264555,0.031086930316284636,1.82766417134968,7.142356824382153,0.015625,-4.13373015872992e-05,0.0012244242163318986,0.007253722533642204,0.0012258198292216034,0.0012434434124063108,-0.00016989597433194752,0.00012975921231878263,2.231123851386041e-05,2.0194031459709218e-07,1.3910218097592356e-07,3.5233744833906066e-06,-5.480238516637728e-07,-4.6132149702123385e-06,0.0012258198292216034,0.0012243210670640936,0.11398115710956613,-0.008424308048560203
676,2025-08-20 22:59:30,111.875,0.0145530198412698,113.0,0.0304184341423763,6.713492981024136,6.713487195971934,0.030418540238187824,0.030418434142376355,-1.125,0.08240395056089395,4.230148789264592,0.018339631093249917,0.18771082093737804,0.3219529287286726,0.005271060779711207,0.031455288047805355,1.8458997078623884,7.255355790682566,0.0,-2.7539682540007188e-06,0.0,0.0006353098975031557,1.6536747640285936e-09,0.0,-1.1649695475334264e-05,1.1651349150098293e-05,0.0,0.0,1.0637492598014212e-09,0.0,-3.2296291183594704e-09,-0.0,1.6536747640285936e-09,-5.122050945294556e-10,inf,-inf
677,2025-08-20 23:04:29,111.875,0.0145502658730158,113.0,0.0304184341423763,6.714128288851465,6.714122505869438,0.030418540190185875,0.03041843414237627,-1.125,0.08240395056089367,4.230949440989915,0.018337895743747383,0.18771082093737784,0.32195292872867304,0.005270063300548088,0.03145231165650354,1.8460743888173048,7.256729031535572,0.0,-3.858333333330022e-05,0.0,0.00891975356031427,3.2537825090853513e-07,0.0,-0.0001632441325980541,0.00016356951084896262,0.0,0.0,2.0964839758392422e-07,0.0,-6.35333561903248e-07,-0.0,3.2537825090853513e-07,-1.003069134107887e-07,inf,-inf
679,2025-08-20 23:14:29,111.875,0.0145116825396825,113.0,0.0304184341423763,6.723048013420227,6.723042259429752,0.03041853951854795,0.030418434142376258,-1.125,0.08240395056089383,4.2421985936744315,0.018313566057195224,0.1877108209373779,0.3219529287286729,0.005256088531235467,0.03141058250204454,1.8485269101390205,7.27602305856294,0.0,-8.26587301589951e-06,0.0,0.0019155451151799952,1.4987118846139253e-08,0.0,-3.506547488354034e-05,3.508046200238648e-05,0.0,0.0,9.643117220436475e-09,0.0,-2.9268933061640537e-08,-0.0,1.4987118846139253e-08,-4.638696995064809e-09,inf,-inf
680,2025-08-20 23:19:28,111.875,0.0145034166666666,113.0,0.0304184341423763,6.72496355232727,6.724957804544932,0.030418539374871642,0.030418434142376397,-1.125,0.082403950560894,4.244616332590002,0.018308349598888485,0.18771082093737812,0.3219529287286726,0.005253094656456248,0.0314016354737322,1.8490535968020447,7.280169852662924,-0.015625,-4.409126984129992e-05,-0.001511844156908599,-0.0036638177162355845,-0.0015190814808104488,-0.0012875617275139688,-0.00018715052409301464,-6.707845561544229e-05,2.291391857145729e-05,-2.0469215948020464e-07,3.5257616330438366e-08,1.7976541932411225e-06,2.987005105945247e-07,5.015498960379026e-06,-0.0015190814808104488,-0.0015119343695299038,0.4787083290812566,0.005967058237610345
683,2025-08-20 23:34:28,111.859375,0.0144593253968253,113.0,0.0289065899854677,6.721301198450207,6.721293986828696,0.028906717781482266,0.028906589985467676,-1.140625,0.07907969765036266,4.11868696668462,0.017720824345924896,0.18234043969908192,0.31839927426126996,0.005251253531624076,0.030943753455708812,1.8332820403565646,7.191969829983563,0.015625,-3.306746031739999e-05,-0.00011182795697100081,-0.06846433782893602,-9.135795940808462e-05,0.0012356202757869165,-0.0001361945178306362,-0.0012132445046266363,2.2258354455454336e-05,2.024328068169085e-07,1.2307272460659028e-05,-3.310224359823366e-05,4.150443795265413e-06,-3.7159402649518658e-06,-9.135795940808462e-05,-0.00011171842701534572,-18.304901669825256,-0.09794505651524732
686,2025-08-20 23:49:30,111.875,0.0144262579365079,113.0,0.0287947620284967,6.652836891413882,6.65282964899976,0.028794890838716267,0.028794762028496707,-1.125,0.07958155896883273,4.100994741297261,0.017785517157533612,0.18531321973267867,0.3265069462027973,0.005299057601980945,0.03133664668997013,1.838288380714652,7.225621956740388,-0.015625,-1.1023809523801054e-05,0.0,0.07240945417449662,2.1582800931305864e-05,-0.0012434618588880115,-4.5208584886170785e-05,0.0012878395895881535,2.262124264314925e-05,-2.075875258145633e-07,1.3891821435481597e-05,-3.5454210663746616e-05,-1.4673733137061942e-06,1.2445918772203232e-06,2.1582800931305864e-05,-2.023697334450279e-07,inf,-inf
687,2025-08-20 23:54:31,111.859375,0.0144152341269841,113.0,0.0287947620284967,6.725246395673525,6.725239103174257,0.028794890818920713,0.02879476202849672,-1.140625,0.0788842422554567,4.119672972525492,0.017660651023555067,0.18217017645856973,0.31870069148957136,0.0052401967367271055,0.030896724166280122,1.83494165130103,7.207231450167528,0.0,-3.0313492063499883e-05,0.0011478697710033021,0.07153306071766341,0.0011384387480245625,0.0,-0.00012488167395686647,0.001263320421981429,0.0,0.0,1.3406987740997224e-05,0.0,-3.978918429105844e-06,-0.0,0.0011384387480245625,0.001147866817336454,-0.8216108845253811,-0.0002573172430242465
689,2025-08-21 00:04:28,111.859375,0.0143849206349206,113.0,0.0299426317995,6.796778281707609,6.79677216389192,0.029942741782420124,0.02994263179949999,-1.140625,0.08087330045546037,4.247112070777996,0.017977465947827603,0.1838731400064832,0.31560820442879034,0.0051784363279370315,0.03085733863996415,1.8482589923003152,7.289935955946709,0.0,-1.6535714285699846e-05,0.0,0.003909874568318372,6.060517048870901e-08,0.0,-7.022903174173197e-05,7.028963691222068e-05,0.0,0.0,3.958168655199417e-08,0.0,-1.1949469157607152e-07,-0.0,6.060517048870901e-08,-1.9307834535368336e-08,inf,-inf
690,2025-08-21 00:09:28,111.859375,0.0143683849206349,113.0,0.0299426317995,6.800688142779397,6.800682038460239,0.02994274147669397,0.02994263179950002,-1.140625,0.08087330045546043,4.251999817878987,0.017967130273182818,0.18387314000648322,0.3156082044287904,0.0051724836260946885,0.03083959801881585,1.8493222118191408,7.298325506950141,0.0,-2.4801587301599357e-05,-0.0014008377057735007,-0.07305671393676771,-0.0014180758413220667,0.0,-0.00010545634468951027,-0.0013126194966325564,0.0,0.0,1.3803505629679187e-05,-0.0,3.350828467406924e-06,-0.0,-0.0014180758413220667,-0.0014009215072249806,1.2305590774377206,0.005982238423096753
692,2025-08-21 00:19:27,111.859375,0.0143435833333333,113.0,0.0285417940937265,6.727632832135646,6.727625324523471,0.028541925789345127,0.02854179409372655,-1.140625,0.07844073728273437,4.113799784695098,0.017541592220759492,0.18178144584786116,0.3193825508489721,0.005225306047374683,0.030819858667575722,1.8369012919875847,7.227777635884238,0.0,-1.9289682539700564e-05,0.0,0.004528324385221438,8.01279302189078e-08,0.0,-7.935389187865698e-05,7.943401980887589e-05,0.0,0.0,5.357433590113121e-08,0.0,-1.6045321732455143e-07,-0.0,8.01279302189078e-08,-2.6750951204512413e-08,inf,-inf
693,2025-08-21 00:24:27,111.859375,0.0143242936507936,113.0,0.0285417940937265,6.732161137392015,6.732153648908692,0.02854192536543551,0.02854179409372655,-1.140625,0.07844073728273437,4.1193395965569035,0.017529793021877304,0.18178144584786113,0.31938255084897205,0.005218278898545535,0.030799127958677522,1.8381376992654144,7.237510858300829,0.0,-2.4801587301599357e-05,-0.00010289527219240271,-4.4244663452097654e-05,-0.000102941760421579,0.0,-0.00010216616062894111,-7.755997926378912e-07,0.0,0.0,5.1076259311042094e-12,-0.0,2.01705813201019e-09,-0.0,-0.000102941760421579,-0.00010293973825582106,0.04518014111412061,0.04321487515499545
695,2025-08-21 00:34:28,111.859375,0.014299492063492,113.0,0.0284388988215341,6.732116986623948,6.73210940424524,0.028439031391743988,0.028438898821534178,-1.140625,0.07825979665276668,4.11566994323896,0.017483967106115737,0.18162189579210825,0.31965989276453083,0.0052137673323598,0.03077229772249953,1.8386533928045206,7.243700474395853,0.0,-2.204365079360067e-05,-4.783592297039757e-05,0.002455794755079843,-4.778735629329039e-05,0.0,-9.072439101047792e-05,4.293703471718753e-05,0.0,0.0,1.5721927379876555e-08,0.0,-9.953491673088599e-08,-0.0,-4.778735629329039e-05,-4.78711692826414e-05,-0.1015276262929743,0.07368168116175244
697,2025-08-21 00:44:28,111.859375,0.0142774484126984,113.0,0.0283910628985637,6.734572814894558,6.73456519900032,0.028391195843463085,0.028391062898563635,-1.140625,0.07817556977776718,4.116984659239639,0.017456223037796106,0.181547436452085,0.3197888253357184,0.005207829645909907,0.030748465355105337,1.839568591497903,7.251910100371441,0.0,-1.928968253969883e-05,0.0,0.004554014276677343,8.056183344460808e-08,0.0,-7.94153270975428e-05,7.949588893098741e-05,0.0,0.0,5.400270937714139e-08,0.0,-1.615978037170682e-07,-0.0,8.056183344460808e-08,-2.7033260895318734e-08,inf,-inf
698,2025-08-21 00:49:28,111.859375,0.0142581587301587,113.0,0.0283910628985637,6.739126809652368,6.7391192132769975,0.028391195413128276,0.02839106289856376,-1.140625,0.07817556977776736,4.12255447569355,0.01744442685399006,0.18154743645208515,0.3197888253357181,0.005200793558109993,0.030727686831120038,1.8408125354469274,7.261721117788914,-0.015625,-2.480158730160109e-05,-0.00014167410554929982,0.0676857251274976,-0.00012104225542454357,-0.001221493277777615,-0.00010224589473451991,0.001180738681045909,2.2161552301279926e-05,-2.0331625959759911e-07,1.1913346990345647e-05,-3.2497277572734665e-05,-3.090196708471774e-06,2.8140970353550316e-06,-0.00012104225542454357,-0.00014190228568004934,-14.56289421751582,0.1610598703728039
700,2025-08-21 00:59:25,111.84375,0.0142333571428571,113.0,0.0282493887930144,6.806812732922736,6.806804938404495,0.02824952342229385,0.028249388793014432,-1.15625,0.07724944512937103,4.130053737281888,0.01727228277991578,0.178278547692424,0.312576897291531,0.0051441777721559796,0.03028360187117142,1.8368012872387565,7.241249155081177,0.0,-1.6535714285699846e-05,0.0,0.00395737797994844,5.956295240118752e-08,0.0,-6.829338858428016e-05,6.835295153668134e-05,0.0,0.0,4.0281073735424957e-08,0.0,-1.2019673414369492e-07,-0.0,5.956295240118752e-08,-2.0352708007082443e-08,inf,-inf
701,2025-08-21 01:04:25,111.84375,0.0142168214285714,113.0,0.0282493887930144,6.810770093496533,6.8107623163844435,0.02824952304359779,0.028249388793014474,-1.15625,0.07724944512937103,4.134857440340792,0.01726224675922362,0.17827854769242407,0.31257689729153115,0.005138201483286007,0.030266005653063775,1.8378691769511015,7.2496715178225,0.0,-3.0313492063499883e-05,0.0,0.0072726783444778675,2.007999813648481e-07,0.0,-0.00012534196820147402,0.00012554276818283887,0.0,0.0,1.3588449183834867e-07,0.0,-4.051771483471342e-07,-0.0,2.007999813648481e-07,-6.849267514393741e-08,inf,-inf
703,2025-08-21 01:14:26,111.84375,0.0141865079365079,113.0,0.0282493887930144,6.818042739947508,6.818034994728921,0.02824952235042738,0.028249388793014488,-1.15625,0.07724944512937114,4.1436927343231105,0.017243833423375425,0.17827854769242413,0.31257689729153093,0.005127245670788336,0.03023372143568194,1.8398316931485965,7.2651624942489805,0.0,-1.1023809523799319e-05,0.0,0.0026505659915052604,2.6639006851491014e-08,0.0,-4.567927942832914e-05,4.5705918435180634e-05,0.0,0.0,1.8010732423164732e-08,0.0,-5.375865788772016e-08,-0.0,2.6639006851491014e-08,-9.108918613064414e-09,inf,-inf
704,2025-08-21 01:19:26,111.84375,0.0141754841269841,113.0,0.0282493887930144,6.820693294345694,6.820685560720427,0.028249522098689833,0.028249388793014363,-1.15625,0.07724944512937092,4.14691514838805,0.01723713234941025,0.1782785476924239,0.3125768972915313,0.00512326147820836,0.030221972400614878,1.8405469425305265,7.270812373066415,0.0,-3.30674603175006e-05,-0.00020385532474160098,-0.00389190925620575,-0.0002042133070504773,0.0,-0.00013712795210936397,-6.708535494111331e-05,0.0,0.0,3.880091234202552e-08,-0.0,2.3687021006802879e-07,-0.0,-0.0002042133070504773,-0.00020393763592806724,0.17560606245143884,0.040377256061674416
706,2025-08-21 01:29:25,111.84375,0.0141424166666666,113.0,0.0280455334682728,6.816801596993202,6.816793651464221,0.028045669784617436,0.028045533468272738,-1.15625,0.07689140276152519,4.134767793503709,0.017156338286133332,0.1779593557340055,0.3131040220706482,0.0051199299682779505,0.030185086359955496,1.8404861636035377,7.274764628892216,-0.015625,-1.1023809523799319e-05,-0.0012510502283192004,-0.001609476075496552,-0.001253097288753606,-0.001201428168148831,-4.558089258072488e-05,-2.7612716014657117e-05,2.172355416674872e-05,-1.9906617614151522e-07,6.63136718269528e-09,7.590964739554012e-07,3.265493193425256e-08,1.2530565562403192e-06,-0.001253097288753606,-0.0012510458494242934,0.16362735788439942,-0.0003500175139170558
707,2025-08-21 01:34:25,111.828125,0.0141313928571428,113.0,0.0267944832399536,6.815193902318175,6.815184175388724,0.02679464528785243,0.026794483239953676,-1.171875,0.07402188091677883,4.017257042072643,0.016659692829625972,0.1729833975317724,0.3088485369854568,0.00511460157362729,0.029744598790829205,1.8227730648500629,7.17250312944496,0.0,-4.133730158730094e-05,0.0,0.009989846991025786,3.6521638358756234e-07,0.0,-0.00016606256590186532,0.00016642778228545288,0.0,0.0,2.552110563403478e-07,0.0,-7.527201848703502e-07,-0.0,3.6521638358756234e-07,-1.3229274494244012e-07,inf,-inf
710,2025-08-21 01:49:25,111.828125,0.0140900555555555,113.0,0.0267944832399536,6.825183694557047,6.82517402237975,0.0267946441398446,0.02679448323995355,-1.171875,0.07402188091677865,4.029042841301533,0.01663530842832864,0.1729833975317722,0.308848536985457,0.005099640286379445,0.029701062319853415,1.8254449257343186,7.19354576648983,0.0,-4.13333333332995e-05,-0.00020157203734070053,-0.002124626069748281,-0.0002018775807387907,0.0,-0.00016653377077366038,-3.5343809965130336e-05,0.0,0.0,1.1509979757342799e-08,-0.0,1.6030669896153584e-07,-0.0,-0.0002018775807387907,-0.00020170576406007182,0.151580249979677,0.06634189996566064
713,2025-08-21 02:04:26,111.828125,0.0140487222222222,113.0,0.0265929112026129,6.823059331304465,6.823049396310002,0.02659307561732037,0.026592911202612965,-1.171875,0.07366134869584265,4.018685913902744,0.016549023412701584,0.1726462022325379,0.30934596990340424,0.005092869845785353,0.02965239682284473,1.8257150055372988,7.200646615434781,0.0,-4.133730158730094e-05,-0.0012647505883762976,-0.06740185594391068,-0.001281556523682953,0.0,-0.00016612163160763583,-0.0011154348920753173,0.0,0.0,1.156847978933565e-05,-0.0,5.086826951405948e-06,-0.0,-0.001281556523682953,-0.0012649012169422115,1.3287944248542294,0.011909744679972079
716,2025-08-21 02:19:25,111.828125,0.0140073849206349,113.0,0.0253281606142366,6.75565970570444,6.755647540366091,0.025328356833356866,0.02532816061423665,-1.171875,0.07136930045127841,3.8895218557197926,0.016129328673454416,0.17044813176483245,0.3124514217758834,0.005128860156813801,0.029566951682782557,1.8125474692250283,7.129949863720152,0.015625,-4.409126984129992e-05,0.0022330214619045996,0.07619715385662928,0.0021936656083660208,0.0011151453195512252,-0.000171493957694175,0.0012290089385353484,2.0806656709574274e-05,1.9865126404818434e-07,1.4889097077922513e-05,3.520183697569542e-05,-6.089487534192852e-06,-4.912008490566013e-06,0.0021936656083660208,0.0022327550463948796,-1.7624485124747236,-0.011930718726405054
719,2025-08-21 02:34:25,111.84375,0.0139632936507936,113.0,0.0275611820761412,6.8318530563397175,6.8318446942227204,0.027561323419664413,0.02756118207614125,-1.15625,0.07603567455633187,4.135035532083681,0.01690281848466964,0.17718757775528152,0.3143555810628907,0.005075289178076214,0.029987967518171645,1.846856738009813,7.33613221576488,0.0,-2.753968253998984e-06,-3.781606524450032e-05,-0.0015644175901794455,-3.783082314554372e-05,0.0,-1.1387756584516255e-05,-2.6443066561027466e-05,0.0,0.0,6.210637448582881e-09,-0.0,7.956917008953408e-09,-0.0,-3.783082314554372e-05,-3.7816655591086184e-05,0.03902548017087337,0.0015610999770876433
720,2025-08-21 02:39:25,111.84375,0.0139605396825396,113.0,0.0275233660108967,6.830288685500278,6.830280276632541,0.02752350803510578,0.027523366010896652,-1.15625,0.0759685615770049,4.131717611124714,0.016889792316280215,0.17712651456983047,0.3144532335587521,0.005075864477493578,0.029984499050797087,1.8466108945719863,7.335050690322249,-0.015625,-3.858333333330022e-05,-0.0012060563747980022,0.006989827992327946,-0.0012069455043489815,-0.0011870087746407017,-0.0001594154378290917,0.0001180567431169409,2.162188898557501e-05,-1.9992398170391852e-07,1.2399752017093014e-07,-3.274788918768628e-06,-4.98014086466346e-07,4.422042278146206e-06,-0.0012069455043489815,-0.0012061722675558992,0.07372205558204836,0.009609232231500009
722,2025-08-21 02:49:25,111.828125,0.0139219563492063,113.0,0.0263173096360987,6.837280313971369,6.837270104624869,0.026317476961924005,0.026317309636098615,-1.171875,0.0731663178539666,4.024545313906415,0.016389448808730944,0.17217946080107463,0.310025124976594,0.005057995613767231,0.029510726143432024,1.8306454110873331,7.246567959457886,0.015625,-5.511904761900527e-06,0.0,-0.06848472260108807,1.982905998950667e-05,0.0011432237164682281,-2.2182910480205222e-05,-0.001122426855250672,2.101800058606868e-05,1.9710866608721035e-07,1.186139734797198e-05,-3.1578654588900304e-05,6.910343521749737e-07,-6.240998819245579e-07,1.982905998950667e-05,1.7873721882876307e-07,inf,inf
723,2025-08-21 02:54:25,111.84375,0.0139164444444444,113.0,0.0263173096360987,6.768795522223228,6.768785382023781,0.026317476903191903,0.026317309636098685,-1.15625,0.0738046581161442,4.011583060192647,0.0164954182000534,0.1751153821141287,0.3175603437693323,0.005109828207109667,0.029913366895512824,1.8353376423452363,7.27474468704154,-0.03125,-3.8579365079399394e-05,-0.0024093358683074974,-0.0026350621519481976,-0.0024207359834950135,-0.0023063955661295063,-0.00015476432742550638,-4.3466452179518174e-05,8.55055576729144e-05,-1.6151954333970758e-06,1.77401803250489e-08,2.4632369044908124e-06,1.8657863483883e-07,8.770469723149897e-06,-0.0024207359834950135,-0.0024092979580522087,0.47316421664052033,-0.0015734732457750589
725,2025-08-21 03:04:25,111.8125,0.013877865079365,113.0,0.0239079737677912,6.766165650826494,6.766150319871833,0.02390821127487662,0.02390797376779126,-1.1875,0.06813720844592112,3.776550218562827,0.015491956850185408,0.16498405580585837,0.30836824486327513,0.005081897815155583,0.028955692233743925,1.7969925882878846,7.058670953674573,-0.03125,-8.265873015800632e-06,-0.0010922216006861024,0.0669221734319434,-0.0010447586463528712,-0.002129287763935035,-3.121648454443445e-05,0.0010367554231282914,8.055862099895428e-05,-1.5684420006473549e-06,1.1379836089946692e-05,-6.055555804714336e-05,-9.940427270529254e-07,1.8233149301060739e-06,-0.0010447586463528712,-0.0010931050961070145,-4.345542544060321,0.08088975903397522
726,2025-08-21 03:09:25,111.78125,0.0138695992063492,113.0,0.0228157521671051,6.833091268271202,6.833072493303776,0.022816032359129323,0.02281575216710502,-1.21875,0.06495070038245436,3.676184752748283,0.014923655260229329,0.15746907218144018,0.2963561399673932,0.005009477951995321,0.028086257230433613,1.7719971762889433,6.918564439600948,0.0,-3.306746031749887e-05,-0.001065433159851699,-0.06419713757466461,-0.0010796180432891076,0.0,-0.00012156209343129823,-0.0009580559498578094,0.0,0.0,1.0322711793279361e-05,-0.0,3.761659927989775e-06,-0.0,-0.0010796180432891076,-0.0010655336715678385,1.3313724381718295,0.009433882849441133
728,2025-08-21 03:19:25,111.78125,0.0138365317460317,113.0,0.0217503190072534,6.768898121406703,6.7688753557291115,0.021750650087958054,0.021750319007253438,-1.21875,0.06292421374461202,3.557221069388707,0.014542918776777498,0.15527724527825115,0.29851225746448384,0.005033893711015308,0.027957988991877968,1.7568245696603844,6.838568586276815,0.015625,-1.1023809523801054e-05,-4.2201173584999196e-05,-0.06788419734987095,-2.4113125192031466e-05,0.0009831908397595628,-3.9214127502992994e-05,-0.0009872343682859074,1.8954741855255268e-05,1.8978898205088542e-07,1.1598756212973625e-05,-2.9654775659846304e-05,1.3147064224636206e-06,-1.1779230861025792e-06,-2.4113125192031466e-05,-4.203236130254311e-05,-42.86148193612629,-0.4000179808177018
729,2025-08-21 03:24:24,111.796875,0.0138255079365079,113.0,0.0217081178336684,6.7010139780217255,6.7009911583792405,0.021708451452860003,0.02170811783366844,-1.203125,0.06338394994703375,3.542977699755972,0.014619767478903601,0.1578048419683779,0.30582422945713916,0.005087023421691858,0.02833296537868073,1.7615217709835431,6.866255886044502,-0.03125,-3.0313492063499883e-05,-0.0010565790846469997,0.06846556056126918,-0.0010117002434857573,-0.0019807484358448047,-0.00010740002638270973,0.0010009505757185482,7.705314549237202e-05,-1.555502469162695e-06,1.192279503715774e-05,-6.061976115670027e-05,-3.655915528484259e-06,6.504381040861543e-06,-0.0010117002434857573,-0.0010575487440929224,-4.247561002614042,0.09177348482596326
732,2025-08-21 03:39:25,111.765625,0.0137951944444444,113.0,0.0206515387490214,6.769484780330803,6.76945671894051,0.020651932761693845,0.020651538749021356,-1.234375,0.06027226530387494,3.445044454294393,0.01404102576910608,0.1503547643220955,0.29358161383101705,0.004999237818764075,0.027416404287039158,1.7355010835024345,6.726768620678236,-0.015625,-1.6535714285699846e-05,0.0,0.07111121451719704,1.7921178241010042e-05,-0.0009417541453730459,-5.6966270797746826e-05,0.000998474395508394,1.8353853066662047e-05,-1.8665416325315923e-07,1.2640084974399415e-05,-3.0462715727278785e-05,-2.040731860629121e-06,1.7379988121491649e-06,1.7921178241010042e-05,-2.04185560349284e-07,inf,-inf
733,2025-08-21 03:44:25,111.75,0.0137786587301587,113.0,0.0206515387490214,6.840596009036935,6.840567933457707,0.020651930135092714,0.020651538749021425,-1.25,0.05976683907103961,3.460427079854187,0.013940375786841899,0.14790245308558617,0.28674385927692664,0.004938682224931779,0.02702671300912471,1.7318001694820302,6.708855701328969,0.0,-2.4801587301599357e-05,0.0,0.0061648353118428645,1.1603658926004747e-07,0.0,-8.582408432182215e-05,8.594012091108219e-05,0.0,0.0,9.384778907386123e-08,0.0,-2.6478826482845903e-07,-0.0,1.1603658926004747e-07,-5.4903886494550334e-08,inf,-inf
735,2025-08-21 03:54:25,111.75,0.0137538571428571,113.0,0.0206515387490214,6.846760746854119,6.84673276876955,0.02065192842478296,0.020651538749021384,-1.25,0.05976683907103969,3.466667080999353,0.01392782379689087,0.14790245308558622,0.28674385927692647,0.0049297925963579575,0.027002378010177235,1.7333608970329777,6.720953418256092,0.03125,-1.9289682539700564e-05,-0.0010596506013058997,-0.20580303145799395,-0.0009918690961476585,0.0018677137209699903,-6.687090746330795e-05,-0.0028663883590129284,7.22179946706964e-05,1.4584546878912683e-06,0.00010440040604275502,-0.00017366160159591092,6.881226338169421e-06,-4.0514080563211046e-06,-0.0009918690961476585,-0.0010583004734189662,-6.396590071737629,-0.1274125532764847
736,2025-08-21 03:59:25,111.78125,0.0137345674603174,113.0,0.0195918881477155,6.640964024834837,6.640929737311556,0.019592358547603314,0.019591888147715453,-1.21875,0.05868001006317865,3.3167462563145373,0.013719186020043284,0.1504126880367102,0.3026400108629954,0.005065892380317844,0.027603885419054605,1.7241686537036953,6.673506976990167,-0.03125,-2.4801587301599357e-05,0.0009151534607809986,0.2063933701949665,0.00098744254133538,-0.0018337503144743327,-8.226057183323784e-05,0.002831549039008403,7.34436953304249e-05,-1.5393066958770519e-06,0.00010789900731506177,-0.00017803934194107423,-8.825817937068373e-06,5.172298934301689e-06,0.00098744254133538,0.0009136486877066008,7.899121147691379,-0.1644284962997955
738,2025-08-21 04:09:25,111.75,0.0137097658730158,113.0,0.0205070416084965,6.847351715643833,6.847323107506522,0.020507437956278227,0.020507041608496507,-1.25,0.059486271554728166,3.459755692787732,0.01385430182897447,0.14758213374544002,0.2869935370094891,0.004918267749335989,0.026941574727145926,1.733482200868949,6.727965630138789,0.03125,-2.204365079360067e-05,0.0008866433219765005,-0.066513886784902,0.000934698189783402,0.0018589459860852552,-7.626564632298472e-05,-0.0009215034633362686,7.206158874289063e-05,1.459724614509527e-06,1.0879447130077432e-05,-5.599965160026129e-05,2.541647019137845e-06,-4.634653903191468e-06,0.000934698189783402,0.0008874849784291644,5.41986463054589,0.09492615934756365
739,2025-08-21 04:14:25,111.78125,0.0136877222222222,113.0,0.021393684930473,6.780833084757839,6.78080922072162,0.021394027167273594,0.02139368493047296,-1.21875,0.062236103617716844,3.552232235422214,0.014341051790307788,0.15451416365695064,0.29921867120305823,0.0049915393796895625,0.027771631796015647,1.7602537244461476,6.878943548809681,0.0,-1.9293650793700268e-05,0.0009467358232057993,0.07010588868718948,0.0009368566521801757,0.0,-6.853552828836147e-05,0.0010053921804685372,0.0,0.0,1.2266297792480519e-05,0.0,-2.380916608760405e-06,-0.0,0.0009368566521801757,0.0009467420333638957,-1.0434981737747262,0.0006559546965601015
741,2025-08-21 04:24:25,111.78125,0.0136684285714285,113.0,0.0223404207536788,6.850935025172771,6.85091510940881,0.022340712630479556,0.022340420753678758,-1.21875,0.06405192410563958,3.672832715653344,0.01465551705925184,0.15650707381813217,0.2973259672753881,0.004952974096851459,0.02784197339620932,1.777377768116177,6.977502761896273,0.0,-2.4801587301599357e-05,-0.0010441124415478988,-0.06596626198135702,-0.0010578617590443005,0.0,-9.109208124144665e-05,-0.0009667696778028539,0.0,0.0,1.0776551568673952e-05,-0.0,2.907910900085525e-06,-0.0,-0.0010578617590443005,-0.0010441772965755411,1.3168426071064054,0.006211498403962956
743,2025-08-21 04:34:25,111.78125,0.0136436269841269,113.0,0.0212963083121309,6.7849730116366205,6.784948847427453,0.021296653476212096,0.021296308312130974,-1.21875,0.062047343373083895,3.5517134908785764,0.014284044025596947,0.15430314039429732,0.29941006858240665,0.004978641635943067,0.027716782629371273,1.7614038008757151,6.891750726340465,0.0,-1.6531746031700142e-05,-3.977526661460076e-05,0.0013267053717873623,-3.9765307468961115e-05,0.0,-5.8716025408567765e-05,1.895071793960665e-05,0.0,0.0,4.3815709270809714e-09,0.0,-3.863244024934659e-08,-0.0,-3.9765307468961115e-05,-3.9799558338283386e-05,-0.025038538989929915,0.06107243458099987
744,2025-08-21 04:39:25,111.78125,0.0136270952380952,113.0,0.0212565330455163,6.786299846080075,6.78627555279924,0.021256879506189416,0.021256533045516307,-1.21875,0.06197013168150038,3.5511100987165776,0.014261523906500298,0.15421661034165307,0.2994880587727564,0.004973904365099236,0.027695824077812816,1.761777130870274,6.896242029939816,-0.015625,-2.75595238095009e-05,-0.0009874929300934011,0.0041326629703482,-0.0009885772786527712,-0.0009682833075234435,-9.78669033157386e-05,5.893807174912939e-05,1.8825269817096322e-05,-1.9040937981462887e-07,4.247441565466607e-08,-1.788398540619611e-06,-2.0065623834977634e-07,2.969642912815737e-06,-0.0009885772786527712,-0.0009875542161032703,0.10980823521111738,0.006206222647420212
746,2025-08-21 04:49:25,111.765625,0.0135995357142857,113.0,0.0202690401154229,6.790437670315324,6.790408215769588,0.020269446739238695,0.02026904011542295,-1.234375,0.05952237372617695,3.4465136219761137,0.013805056663010714,0.14949209504414898,0.29427237682918916,0.004939928877732617,0.027174994338570534,1.7408384850206877,6.784397228586329,0.0,-1.653174603179902e-05,0.0009062900687268026,0.06906749206661633,0.0008965037536580365,0.0,-5.697688789364489e-05,0.0009534806415516814,0.0,0.0,1.1782516959186593e-05,0.0,-1.987700241370561e-06,-0.0,0.0008965037536580365,0.0009062985703758525,-1.079821505990286,0.0009380715229267977
747,2025-08-21 04:54:25,111.765625,0.0135830039682539,113.0,0.0211753301841497,6.859500305869646,6.8594757078362045,0.021175677415484803,0.021175330184149688,-1.234375,0.06128943584269436,3.5643616750309692,0.014116163053374244,0.15150602926909093,0.2926168703545282,0.004906166762266936,0.027263782662775453,1.7584436730411457,6.884164037503221,0.0,-3.0313492063499883e-05,-0.0009971664131711022,-0.06394398524628819,-0.0010106919713666555,0.0,-0.00010804824934749444,-0.0009026437220191611,0.0,0.0,1.0030248891783342e-05,-0.0,3.408506530651496e-06,-0.0,-0.0010106919713666555,-0.0009972532159442206,1.356399294731614,0.008704943525161823
749,2025-08-21 05:04:25,111.765625,0.0135526904761904,113.0,0.0201781637709786,6.795561519873644,6.795531722589916,0.02017857344855807,0.020178163770978613,-1.234375,0.059343311626825594,3.446919422548646,0.013748749601117804,0.14928433521950088,0.2944346702529405,0.004925627721256026,0.027116767135970523,1.7421267429349212,6.798386328172443,0.0,-1.1023809523801054e-05,0.0,0.0027654427409196103,2.3196623066023864e-08,0.0,-3.799818315806659e-05,3.8021379781132616e-05,0.0,0.0,1.883479642863776e-08,0.0,-5.310997768020283e-08,-0.0,2.3196623066023864e-08,-1.1078558185541208e-08,inf,-inf
750,2025-08-21 05:09:25,111.765625,0.0135416666666666,113.0,0.0201781637709786,6.798326916279256,6.798297165330836,0.02017857264510639,0.020178163770978585,-1.234375,0.059343311626825476,3.449725442228005,0.013743156821211801,0.14928433521950077,0.2944346702529406,0.004921621197099097,0.027105736452108106,1.7428357016966023,6.803920662888818,0.015625,-4.13373015872992e-05,0.0007885604927935011,-0.0007241684413861194,0.000793094924688967,0.0009272392441691481,-0.00014260234099875815,-9.952360454941964e-06,1.8223185451599215e-05,1.8719652191984852e-07,1.2904981255248474e-09,-3.06704983111657e-07,5.217208172541656e-08,-4.394620631529559e-06,0.000793094924688967,0.0007884470616541768,0.5750265118409148,-0.014384583092974523
753,2025-08-21 05:24:25,111.78125,0.0135003293650793,113.0,0.0209667242637721,6.79759823578212,6.79757299688945,0.020967079981710088,0.020966724263772024,-1.21875,0.06140562977117131,3.548240674601658,0.014093976716576214,0.1535802271698562,0.30005288735832014,0.0049369281076541895,0.027535695747425353,1.7648867897998484,6.932271680253291,-0.015625,-4.409126984129992e-05,-5.980717135399896e-05,0.07496963967428538,-4.0732228364515634e-05,-0.0009594629651745517,-0.00015644643704573776,0.0010566203560194865,1.8747586324445337e-05,-1.9076848815811167e-07,1.387387107217926e-05,-3.225533106820673e-05,-5.833844954498421e-06,4.775822832300773e-06,-4.0732228364515634e-05,-6.017171048274075e-05,-31.89407316486954,0.6095241097160198
756,2025-08-21 05:39:25,111.765625,0.013456238095238,113.0,0.0209069170924181,6.872568083078759,6.872542636563735,0.020907272248383665,0.02090691709241814,-1.234375,0.060769581879754384,3.564122789978897,0.013956897002708094,0.15092033751259706,0.29311384767628973,0.004868633877252106,0.02710674949122731,1.7618888195327795,6.922153513433989,-0.03125,-3.8579365079300515e-05,-0.0019669671267479004,-0.0008400135454396107,-0.001976074293652213,-0.0018990494337423245,-0.00013750159430205098,-1.1723982534580302e-05,7.369157105107278e-05,-1.4908541243300869e-06,1.7177094284815725e-09,7.11563648295913e-07,5.7097864396328327e-08,8.345383985304144e-06,-0.001976074293652213,-0.0019669585304447883,0.46300554699001406,-0.00043703338988843043
759,2025-08-21 05:54:25,111.734375,0.0134176587301587,113.0,0.0189399499656702,6.8717404669970055,6.871702623018296,0.01894044400916066,0.018939949965670153,-1.265625,0.055915259848159926,3.342896943315554,0.01305465408390952,0.14158729021209054,0.28282894888203897,0.004802923242559446,0.026077440192830644,1.7163543675632014,6.677633474605357,0.0,-4.684920634919973e-05,-0.0009697279210031003,-0.06343142010017999,-0.0009846873161604946,0.0,-0.00015661206870149942,-0.0008280752474589952,0.0,0.0,9.66238903329491e-06,-0.0,5.100510337061994e-06,-0.0,-0.0009846873161604946,-0.0009699244167901377,1.542638386849804,0.02026298127357773
762,2025-08-21 06:09:25,111.734375,0.0133708095238095,113.0,0.0179702220446671,6.808317497728988,6.808271202918116,0.01797080859490599,0.017970222044667195,-1.265625,0.05395680285025973,3.225657373191377,0.012669780342336437,0.13917926422156715,0.28421577855763636,0.004809621845924772,0.02587275844783052,1.6982887300877756,6.587064005614302,0.0,-3.8579365079399394e-05,0.0007985574196993986,0.07222640813624359,0.0007906489125807409,0.0,-0.00012444381342140658,0.0009150927260021476,0.0,0.0,1.2545066598102403e-05,0.0,-4.732194879084485e-06,-0.0,0.0007906489125807409,0.0007984617842997589,-0.9903492126633329,-0.011976020418880129
765,2025-08-21 06:24:25,111.734375,0.0133322301587301,113.0,0.0187687794643665,6.880536366241286,6.880497611054359,0.018769281350502653,0.01876877946436642,-1.265625,0.055572681967657495,3.341637296192989,0.012950074270286526,0.14117233834892515,0.2830819339941399,0.004776612395638337,0.02596777890538051,1.7182250794480989,6.700725932407579,0.03125,-5.511904761900527e-06,-3.4601681946400814e-05,-0.1355853463151142,3.2758855227793905e-05,0.0017366463114892967,-1.8418786525430538e-05,-0.0017558403047432487,6.893180583443611e-05,1.4398291727403762e-06,4.3905155044053606e-05,-0.00011002657174751043,1.2840871899002515e-06,-1.1541800992196151e-06,3.2758855227793905e-05,-3.3232654384982294e-05,-194.67417011270865,-3.9565347243500804
766,2025-08-21 06:29:25,111.765625,0.0133267182539682,113.0,0.0187341777824201,6.744951129691723,6.744912264739245,0.01873468724157816,0.018734177782420147,-1.234375,0.05645002933031664,3.317196366431142,0.013108351786759355,0.14583056783272474,0.2969066043793714,0.004884163476253069,0.026688205880685194,1.7277924333328532,6.753710993887015,-0.015625,-3.8579365079399394e-05,-6.845872056259958e-05,0.07183834315067017,-5.071194929780168e-05,-0.0008820317082861975,-0.00012797532966060416,0.000941682273796919,1.7801582987393157e-05,-1.887681353119986e-07,1.2602967338714838e-05,-2.9956820189568697e-05,-4.788538142381703e-06,4.0711544074050075e-06,-5.071194929780168e-05,-6.878318588363224e-05,-25.92331717413563,0.473957617621501
768,2025-08-21 06:39:25,111.75,0.0132881388888888,113.0,0.0186657190618575,6.816789910016114,6.816750607889915,0.018666229069816187,0.018665719061857572,-1.25,0.05583350358420316,3.3284419767796645,0.012976505028617009,0.1432571065064435,0.29000615694462367,0.004817052615141303,0.02626931707400175,1.7238362630837256,6.7380159339992005,0.0,-8.265873015800632e-06,-3.345916455540013e-05,-0.0004593138983484124,-3.3472767832152996e-05,0.0,-2.751247872052114e-05,-5.960289111631856e-06,0.0,0.0,5.081250060934134e-10,-0.0,6.544769088886864e-09,-0.0,-3.3472767832152996e-05,-3.3465714938058014e-05,0.04065635509322707,0.019577245113344688
769,2025-08-21 06:44:25,111.75,0.013279873015873,113.0,0.0186322598973021,6.816330830319579,6.816291293991567,0.018632772293644073,0.018632259897302134,-1.25,0.05576574403752776,3.3260649344546662,0.012960044712596335,0.14317409145917948,0.29005759599148057,0.004814910052570319,0.026255863578150036,1.7236563230147115,6.738302923155221,0.0,-3.3071428571500305e-05,0.0,0.008503334488229264,2.0587626962439564e-07,0.0,-0.00010999771890398934,0.00011020359517361374,0.0,0.0,1.7407512213475171e-07,0.0,-4.847221826546898e-07,-0.0,2.0587626962439564e-07,-1.047707908955424e-07,inf,-inf
771,2025-08-21 06:54:25,111.75,0.0132468015873015,113.0,0.0186322598973021,6.824833976157667,6.824794628479796,0.018632769213316677,0.018632259897302023,-1.25,0.05576574403752751,3.334368653520649,0.012943897179787925,0.1431740914591792,0.29005759599148084,0.0048029192787360075,0.026223150155631647,1.7258065870843038,6.755125497445886,0.0,-1.1019841269799616e-05,0.0008181446064412998,0.06535019735449499,0.000809142021938639,0.0,-3.674421329679303e-05,0.000845886235235432,0.0,0.0,1.025578951262868e-05,0.0,-1.2428375458214643e-06,-0.0,0.000809142021938639,0.0008181549739054462,-1.1003659294192003,0.0012671921399753927
772,2025-08-21 06:59:25,111.75,0.0132357817460317,113.0,0.0194504045037434,6.8901779076737375,6.890144825834291,0.019450842438164348,0.019450404503743468,-1.25,0.05740813575451216,3.445605856421367,0.013237831207102311,0.14515730332907917,0.2887637055146699,0.004777516727959425,0.026334225730789126,1.7435922658828564,6.854397898172866,0.0,-3.0313492063499883e-05,-6.144924614659777e-05,0.003252552537038156,-6.139160430503434e-05,0.0,-0.00010444834578257784,4.30567414775435e-05,0.0,0.0,2.5270908845655452e-08,0.0,-1.719116162577686e-07,-0.0,-6.139160430503434e-05,-6.153824501244645e-05,-0.09380398487870423,0.14483312884971955
774,2025-08-21 07:09:25,111.75,0.0132054682539682,113.0,0.0193889552575968,6.893430734382165,6.893397378371329,0.019389395575918927,0.019388955257596804,-1.25,0.05728581134615694,3.4453991971450524,0.01320048946050928,0.14501165680667474,0.2888633827201819,0.004768220287806536,0.02629538978517005,1.7443427906514424,6.863239058330023,0.046875,-1.3777777777800038e-05,0.0028576427394,0.004154064039816774,0.0028569113738986236,0.0026852724068511065,-4.74699444940752e-05,5.483567857588192e-05,0.00015931456436280185,4.958668602908396e-06,4.114079601432252e-08,5.120284364978449e-06,-9.983531620128248e-08,-4.432508558511967e-06,0.0028569113738986236,0.0028575404551849032,-0.025593314772787146,-0.0035793212946666486
776,2025-08-21 07:19:26,111.796875,0.0131916904761904,113.0,0.0222465979969968,6.8975702945442485,6.897551442411146,0.022246870642142827,0.02224659799699677,-1.203125,0.06442183847848053,3.78094538362859,0.014462251314728586,0.15894266965323392,0.30469189754540793,0.004835842072386011,0.027724026565534448,1.8124182364153072,7.248043750408376,0.0,-3.0313492063499883e-05,-0.0010191817099781016,-0.06346776367806584,-0.0010325004065751427,0.0,-0.00011461365787915177,-0.0009178867486959909,0.0,0.0,9.73976561096689e-06,-0.0,3.486965002982683e-06,-0.0,-0.0010325004065751427,-0.001019273675961193,1.3068029446218432,0.009023511920513982
777,2025-08-21 07:24:25,111.796875,0.0131613769841269,113.0,0.0212274162870187,6.834106455612806,6.83408367873308,0.02122773743987663,0.0212274162870187,-1.203125,0.062447743624399636,3.6607057890423618,0.014099894347941015,0.15675963277218277,0.30681958306787377,0.004858421114264177,0.027597179379869084,1.7970289448586894,7.164958248916227,-0.03125,-1.6535714285699846e-05,-0.0019890719966895003,-0.004215832230959116,-0.0019964849379791516,-0.0019514919882624886,-6.053238501161191e-05,-5.9442789045167994e-05,7.654278943954237e-05,-1.5605650994256276e-06,4.317494564235015e-08,3.635783697287887e-06,1.2527411745202966e-07,3.7024282022827188e-06,-0.0019964849379791516,-0.0019889782770164868,0.3726834072365959,-0.004711728543238536
779,2025-08-21 07:34:25,111.765625,0.0131448412698412,113.0,0.0192383442903292,6.829901896824683,6.829867846502121,0.019238793879463506,0.019238344290329265,-1.234375,0.057470704280816576,3.4301952772097515,0.013203585620349416,0.14707004977979843,0.2960679589010689,0.004803899057224892,0.026580249688127305,1.750252452066598,6.905355073151516,-0.03125,-2.480158730160109e-05,-0.0009168142276507994,0.07100637986337244,-0.0008731893120546526,-0.001795959508775518,-8.507428762925741e-05,0.0009375388161170927,7.18115477440422e-05,-1.50587951101211e-06,1.2110403695095513e-05,-5.8980228319326696e-05,-3.0823187120116325e-06,5.3519927092287915e-06,-0.0008731893120546526,-0.0009177894626816667,-4.758315728577767,0.10637215277147227
780,2025-08-21 07:39:25,111.734375,0.0131200396825396,113.0,0.0183215300626784,6.900915571193012,6.900874226365493,0.018322054389895454,0.018321530062678407,-1.265625,0.05467130357911087,3.335161355169419,0.01268171187943566,0.1400679012553672,0.2837267565209103,0.004711297041699377,0.025688547814570053,1.7223187315277573,6.755827033139351,0.03125,-1.928968253959995e-05,-5.868084997470019e-05,-0.13455243544872975,7.624452870059362e-06,0.0017084782368472146,-6.433420375956006e-05,-0.0017063552190371557,6.839252990984726e-05,1.4431089097132888e-06,4.264750387316847e-05,-0.00010801427098723577,4.470233082193701e-06,-4.072429961303296e-06,7.624452870059362e-06,-5.7344511123117536e-05,-112.99308526264802,-2.2772997530860706
782,2025-08-21 07:49:25,111.765625,0.01310075,113.0,0.0182628492127037,6.766363421857536,6.766321790916764,0.01826338297606253,0.018262849212703658,-1.234375,0.05548525232138638,3.3109729422710537,0.012821213685605837,0.14463730840713418,0.29766378066001425,0.004813591924750825,0.026386075490043525,1.7324017945013956,6.813986892546466,-0.078125,-2.2047619047699252e-05,-0.003268764596384699,0.06464653073160775,-0.0031611955791415918,-0.004334785337608311,-7.299907010843212e-05,0.0008288469845430277,0.00044139803591044364,-2.365619187831992e-05,1.0058418954345358e-05,-0.00013326314375418914,-2.4691958851279136e-06,1.1736889625225038e-05,-0.0031611955791415918,-0.0032751326102013383,-3.2908156605122363,0.19481408430825908
784,2025-08-21 07:59:25,111.6875,0.0130787023809523,113.0,0.014994084616319,6.831057720454508,6.830968321648371,0.014995079068679876,0.014994084616319028,-1.3125,0.04646908834003049,2.9049045099945303,0.011123571283708326,0.12450801630119832,0.26777339583217497,0.004596543721384059,0.023922929180835217,1.6256358847756869,6.247438263956577,0.015625,-2.480158730160109e-05,0.0007282474209375986,0.005336911606796058,0.0007287677573973691,0.0007260795053129764,-7.204624280744408e-05,5.936551669304629e-05,1.5198732458642372e-05,1.7024574014801976e-07,6.54608167024167e-08,1.9949149752149934e-06,-2.1517547177302493e-07,-2.4210372736700346e-06,0.0007287677573973691,0.0007281919204438435,0.07145050498091887,-0.00762110405878591
785,2025-08-21 08:04:25,111.703125,0.0130539007936507,113.0,0.0157223320372566,6.836379620662254,6.8363052332551675,0.01572318640318146,0.01572233203725662,-1.296875,0.04841938991650014,3.007385668711661,0.011485184709611273,0.1286993137048376,0.27358428733486717,0.004631584345037368,0.02441478499951165,1.652690245157976,6.392990306090854,0.03125,-1.928968253959995e-05,0.0007389142691352005,-0.06428225348603434,0.000781033848643574,0.0015131059348906294,-5.8011514823590447e-05,-0.0007382935548371576,6.284146176994023e-05,1.3915216437523762e-06,9.569335203865815e-06,-4.904491869205114e-05,2.0493098950735254e-06,-3.853711046351015e-06,0.000781033848643574,0.0007397538640041112,5.7001984218912005,0.11362547780995325
787,2025-08-21 08:14:25,111.734375,0.0130346111111111,113.0,0.0164612463063918,6.772085085687031,6.772022979769133,0.016461987143482945,0.016461246306391786,-1.265625,0.05081960478051024,3.098665848874689,0.01192846049814777,0.13513501527883348,0.28611327938485276,0.004719990652671956,0.02525541543837234,1.683684510730151,6.560619732125427,0.015625,-2.4801587301599357e-05,0.001608440019950301,0.0704363924852478,0.0015740800979873008,0.0007940563246954725,-7.685183156935008e-05,0.0008401977253923108,1.6495973544779478e-05,1.8190592408806657e-07,1.1708610324371647e-05,2.7795318034299702e-05,-2.9412862851978913e-06,-2.5424028599828774e-06,0.0015740800979873008,0.0016081003372007915,-2.1362265012568993,-0.02111877006890639
789,2025-08-21 08:24:25,111.75,0.0130098095238095,113.0,0.0180696863263421,6.842502293030663,6.842459372254381,0.018070227935665054,0.018069686326342108,-1.25,0.05461867677488352,3.318381877033959,0.012618713184481664,0.1417528840610912,0.2909018771630115,0.00473072251501176,0.025895821288301632,1.7290218474192265,6.80990389413785,0.015625,-1.6531746031800756e-05,-3.5846635768201074e-05,-0.06620788313492909,-1.9411340363774804e-05,0.000853416824607555,-5.4858646427655696e-05,-0.000835458287831351,1.7303818855113673e-05,1.8495043256315327e-07,1.0368522727898689e-05,-2.6789179836545053e-05,1.8924695838595296e-06,-1.759056276232155e-06,-1.9411340363774804e-05,-3.569858416479379e-05,-45.848920134942574,-0.41301394185118134
790,2025-08-21 08:29:25,111.765625,0.0129932777777777,113.0,0.0180338396905739,6.776294572752326,6.776251489119452,0.01803438610529444,0.0180338396905739,-1.234375,0.055012700157646324,3.3071001373745474,0.012682548985329375,0.14404504034079488,0.2980215521386065,0.004779841688209508,0.026239521504797907,1.7344337246410797,6.842214863395294,0.0625,-2.7559523809499165e-05,0.0058347045185201014,0.15006990823223187,0.005543885114671735,0.0034382937598528953,-9.11421049763718e-05,0.001903268962379165,0.000281337969415615,1.2126528000431578e-05,5.38233532147004e-05,0.00024611016151766856,-7.173366754749051e-06,-1.178551146484073e-05,0.005543885114671735,0.005824859751184515,-4.984303882489138,-0.1687277788333219
792,2025-08-21 08:39:25,111.828125,0.0129657182539682,113.0,0.023868544209094,6.92633487090572,6.926321397351684,0.023868747151444353,0.02386854420909408,-1.171875,0.06865696096050053,4.023144660834788,0.015062240740744456,0.1677221282567485,0.31598742075774994,0.00480117640938643,0.028377165565263672,1.8632493276163213,7.579578901875436,-0.03125,-1.3777777777800038e-05,-0.0031666865999540016,-0.07502360952404619,-0.0032506953157067416,-0.0021455300300156415,-5.5429993104924414e-05,-0.0011300236678907923,8.189557043786548e-05,-1.6071951332486468e-06,1.3511811501251862e-05,6.652991839898597e-05,1.925963728906171e-06,3.2634298049794188e-06,-0.0032506953157067416,-0.0031654641922726186,2.6528901140378203,-0.03860210484361026
793,2025-08-21 08:44:25,111.796875,0.0129519404761904,113.0,0.02070185760914,6.851322258325423,6.8512977878276375,0.020702195453354208,0.020701857609139937,-1.203125,0.061413422133807107,3.651571796819233,0.013806126086349632,0.15558371998043377,0.30788914240190085,0.004797775970553346,0.027321343911517703,1.8019353187154112,7.226201488709946,-0.078125,-3.306746031739999e-05,-0.004461884571810501,-0.0010271840989473091,-0.004482518240544416,-0.00479792360420368,-0.00012074820548745696,-1.4181433183959986e-05,0.0004748038329481011,-2.4468830617419948e-05,2.5310839208012597e-09,2.192503908420458e-06,6.120520072554155e-08,1.8668135232301002e-05,-0.004482518240544416,-0.004461593865119048,0.46244290729249293,-0.006515334199574951
795,2025-08-21 08:54:25,111.71875,0.012918873015873,113.0,0.0162399730373295,6.850334979378545,6.85027060372869,0.016240726814918116,0.016239973037329505,-1.28125,0.04992714556826084,3.1043392174423174,0.011708899244506465,0.1323072710592184,0.27962597128209693,0.004628454656633625,0.02474627658538809,1.680296186292422,6.560893153618799,0.03125,-8.269841269899214e-06,0.000781551464456201,-0.06629783861907157,0.0008243016048470023,0.0015602232990081513,-2.5672392576171106e-05,-0.0007762747125192586,6.460315969688399e-05,1.4222512373967332e-06,1.0171962680124796e-05,-5.126952035878028e-05,9.212603620499532e-07,-1.6955482802873732e-06,0.0008243016048470023,0.0007824297592501092,5.469907272267283,0.1123783696725944
796,2025-08-21 08:59:25,111.75,0.0129106031746031,113.0,0.0170215245017857,6.784026258372721,6.783972765109619,0.017022175614259394,0.017021524501785706,-1.25,0.052440945277177645,3.1978639952581553,0.012171733135919148,0.13897023550988782,0.2923594137555032,0.004718170469196125,0.02560635197133679,1.7109840842679418,6.727524347161266,-0.09375,-3.582539682540041e-05,-0.0030835386716886997,0.1333015997173952,-0.0028378322808642596,-0.004916338619735405,-0.00011456474662378379,0.0016225114983512497,0.0006107090427680617,-4.014945562438245e-05,4.191933215389272e-05,-0.00032000322006617537,-8.17094600535773e-06,2.259527150527455e-05,-0.0028378322808642596,-0.0031014918432766257,-7.968325258261766,0.58222625040385
798,2025-08-21 09:09:25,111.65625,0.0128747777777777,113.0,0.013937985830097,6.917276728734787,6.917274364827014,0.01393801054366358,0.013937985830097019,-1.34375,0.04344475855322232,2.8084710037019387,0.010454534014684555,0.11738968479205963,0.2560581883664396,0.004429930242378903,0.022804124951501026,1.596049952380532,6.126023752099194,0.03125,-8.265873015800632e-06,0.0006841088434441003,-0.06416181049810277,0.0007222739711289219,0.0013576487047881976,-2.3214464685158372e-05,-0.00067078183029616,5.731918202737287e-05,1.302379294669798e-06,9.118430920041495e-06,-4.5723560741039555e-05,8.464704837674819e-07,-1.582404200832202e-06,0.0007222739711289219,0.0006849329075908592,5.578809286060649,0.12045804620945955
799,2025-08-21 09:14:25,111.6875,0.0128665119047619,113.0,0.0146220946735411,6.853114495593701,6.853112554328911,0.014622115793290008,0.0146220946735411,-1.3125,0.045665113203960744,2.8973491924468604,0.010879371258340678,0.12338293771714855,0.2679895522342433,0.004525619127977984,0.023630154104424365,1.6280227629095303,6.2930849849765185,0.046875,-4.13373015872992e-05,0.002244752502861099,0.008032310738682824,0.002248322964085514,0.00214055218143566,-0.00011976859737189366,8.738649058848709e-05,0.00013555254387870324,4.600345554558162e-06,1.4599198320807694e-07,8.897097214204585e-06,-5.405589938181477e-07,-1.2194022747116186e-05,0.002248322964085514,0.0022446314715419925,0.1590581242192357,-0.005391744477500904
802,2025-08-21 09:29:25,111.734375,0.0128251746031746,113.0,0.0168668471764022,6.86119964743226,6.861144865067594,0.016867504037785946,0.01686684717640219,-1.265625,0.051674087827586555,3.207241504643065,0.011990253259633075,0.1362600302514929,0.28563870896616156,0.004636447993581688,0.025134886987311367,1.7076412586268757,6.723265223397361,0.015625,-4.133333333340011e-05,0.000744258129216701,0.004609027661373055,0.0007469199577288306,0.0008074076223060399,-0.00013256598219212753,5.526340894051728e-05,1.663330447405919e-05,1.816042003416453e-07,4.92463476035817e-08,1.8101154592188086e-06,-3.2531671959800326e-07,-4.342108790117811e-06,0.0007469199577288306,0.000744111894025937,0.35764856407158874,-0.019648450587672617
805,2025-08-21 09:44:25,111.75,0.0127838412698412,113.0,0.0176111053056189,6.865799821033763,6.865753892728967,0.017611671921165944,0.017611105305618963,-1.25,0.05367253959505651,3.3128454120930972,0.012336850566278128,0.1405577196843083,0.2915592890968876,0.004659059590702942,0.02559036521705996,1.7336263080867274,6.871844928952559,-0.140625,-4.133730158730094e-05,-0.0064307587100387,-0.004823951813345495,-0.00648949900344915,-0.007547700880554822,-0.0001369440899117986,-5.9512372660169774e-05,0.0013897919060582241,-0.00013513356638058412,5.420934895463507e-08,1.7359690597454515e-05,3.4570095016166565e-07,3.9946433384429506e-05,-0.00648949900344915,-0.006431792969168149,0.9134271095998958,0.016083003205125124
808,2025-08-21 09:59:25,111.609375,0.0127425039682539,113.0,0.0111803465955802,6.860935630474761,6.8609299409156215,0.011180397708070049,0.011180346595580114,-1.390625,0.03628234758855284,2.418499784833001,0.008983546945049539,0.10275668365053614,0.23823159881024314,0.004221474551485413,0.020827499250408714,1.488984746824018,5.607061750089759,-0.015625,-4.409126984129992e-05,-0.0006224785331596996,0.004026830609397791,-0.0006249791089627914,-0.0005669116810711381,-0.00010663472662419764,3.61752218192875e-05,1.2543540484684587e-05,-1.5146357142781775e-07,3.422637483190642e-08,-1.3104501796680526e-06,-2.6436637550916724e-07,3.862851135000608e-06,-0.0006249791089627914,-0.0006226568480081361,0.40171277720997267,0.02864594342415483
811,2025-08-21 10:14:25,111.59375,0.0126984126984126,113.0,0.0105578680624205,6.86496383647606,6.864956771525019,0.010557928923703004,0.010557868062420456,-1.40625,0.03454610194980223,2.3285715047173814,0.0086145224067001,0.09881979772130978,0.23221028143101669,0.0041466121684109805,0.020242711668921602,1.4600579053379048,5.471760283982722,-0.03125,-4.409126984119931e-05,-0.0011024875578727004,0.0031616454134706373,-0.0011079285234453498,-0.0010795656859313198,-0.00010266967455902157,2.7236065256383408e-05,4.825185435610829e-05,-1.1810825674998813e-06,2.0724771184882492e-08,-2.0000086407579542e-06,-2.0353347521833992e-07,7.539276849607486e-06,-0.0011079285234453498,-0.0011025720639405337,0.49351718609396134,0.0076650359661423195
814,2025-08-21 10:29:25,111.5625,0.0126543214285714,113.0,0.0094553805045478,6.868129113522487,6.86811841693849,0.009455465531502963,0.00945538050454782,-1.4375,0.03140105944889298,2.157144647008343,0.00794896071210539,0.09146053013740912,0.2202557004218772,0.004006580492569497,0.01914272644866995,1.4013643553415107,5.194846393567874,0.03125,-3.8579365079399394e-05,0.0009866216187646992,0.005756542878316395,0.000989599110494526,0.0009812831077779056,-8.3221270866007e-05,4.57585331772871e-05,4.46584619811568e-05,1.1202784241835389e-06,6.638460329676526e-08,3.4436226753015595e-06,-3.11220278193803e-07,-6.26293361090176e-06,0.000989599110494526,0.0009865349638840289,0.3017865890223126,-0.008782990259104118
817,2025-08-21 10:44:25,111.59375,0.012615742063492,113.0,0.0104420021233125,6.87388223210104,6.873874959816806,0.010442064160954431,0.01044200212331254,-1.40625,0.034273300395885775,2.3240341515351135,0.008530680460121391,0.09837148915062105,0.23206824861119427,0.004117096639132261,0.020124734218579323,1.4597273695687716,5.482630586526519,0.015625,-8.269841269800335e-06,0.0011145336393525006,0.06539154139650272,0.0010862910530358989,0.0005355203186857152,-1.9219393538790487e-05,0.0005578343444483648,1.2008238421706671e-05,1.4754501890258425e-07,8.80246313012324e-06,2.056230298043507e-05,-7.893879624467628e-07,-7.084450733051035e-07,0.0010862910530358989,0.0011141579861107052,-2.5340272665982155,-0.03370497116746973
818,2025-08-21 10:49:25,111.609375,0.0126074722222222,113.0,0.011556535762665,6.939271341868057,6.939266501213309,0.011556579861422563,0.011556535762664952,-1.390625,0.03714924946653093,2.5071326625900276,0.00911007104151515,0.10413103304916241,0.23852563241428834,0.004181894849385156,0.020867798896132952,1.5121728293100034,5.742912428502169,-0.046875,-3.582142857150132e-05,-0.002210641896738301,-0.06247006975859826,-0.0022899797099476746,-0.0017413710687436373,-8.98090735922466e-05,-0.0005691067734692373,0.00011440176970733174,-4.094563849885168e-06,8.159942430669123e-06,6.110685247264806e-05,3.383890670023121e-06,9.643093469530202e-06,-0.0022899797099476746,-0.0022076859309048042,3.58890389829456,-0.1337152723766888
820,2025-08-21 10:59:25,111.5625,0.0125716507936507,113.0,0.0093458938659267,6.87680745703391,6.876796431454711,0.009345980613018778,0.009345893865926748,-1.4375,0.031136862116144935,2.151870667025322,0.007867781705796365,0.09100679590365607,0.22004780045438005,0.003976648401258634,0.019023722806904664,1.400547303561232,5.203066457174314,-0.015625,-8.2698412697986e-06,-1.5377788912399395e-05,0.06210863454000126,-4.682595416585813e-06,-0.0004865134705647646,-1.7795628849435047e-05,0.0004886571786058141,1.1109228015583016e-05,-1.399026237833532e-07,7.669925777282824e-06,-1.8461522615692636e-05,-7.193610795157268e-07,6.723208393288271e-07,-4.682595416585813e-06,-1.5521232495182526e-05,-69.54961832770282,0.9327971895066733
821,2025-08-21 11:04:25,111.546875,0.0125633809523809,113.0,0.0093305160770143,6.93891604386951,6.938905065994712,0.009330601776496306,0.009330516077014218,-1.453125,0.030856492561049723,2.1558232228691603,0.007806542432069484,0.08954910507895025,0.21511753078329457,0.003927220694613175,0.01875310903957376,1.395211772136719,5.178782837640105,-0.046875,-3.30674603175006e-05,-0.0014148729683967996,3.305800901554079e-05,-0.001422738770907235,-0.0014463980887992058,-7.128759887377221e-05,2.5806875009955475e-07,9.838158516974516e-05,-3.69273715410166e-06,2.1458961446638863e-12,-2.905970848592104e-08,-1.5251679373348813e-09,8.027306061403937e-06,-0.001422738770907235,-0.001414742047576358,0.5559370124477159,-0.00925318550610843
823,2025-08-21 11:14:25,111.5,0.0125303134920634,113.0,0.0079156431086175,6.938958154908505,6.938938124003728,0.007915781711815173,0.007915643108617545,-1.5,0.0267319042171439,1.9158937828947695,0.006919430405099205,0.0795820998388294,0.19786031083047642,0.0037188775835144644,0.017203374295167585,1.3058129738165776,4.763374429293174,0.0,-1.1023809523799319e-05,-0.00043310181798970025,-0.060653009377817035,-0.00044080472538009767,0.0,-2.1120448130463264e-05,-0.0004196842772496344,0.0,0.0,6.840480270754609e-06,-0.0,8.731021016911643e-07,-0.0,-0.00044080472538009767,-0.00043309114300765187,1.7785442291956777,-0.00246477424129532
824,2025-08-21 11:19:25,111.5,0.0125192896825396,113.0,0.0074825412906278,6.878309858993738,6.8782851146259105,0.007482706596316814,0.007482541290627816,-1.5,0.02564519310462657,1.8351812328319903,0.006680492329383002,0.0775797913166607,0.1964716215299167,0.003689527716496967,0.016918415714920546,1.2803488342663172,4.64761539695377,0.015625,-3.0313492063499883e-05,0.00038358778201089995,0.004489315310960862,0.00038466132968492287,0.0004007061422597902,-5.563075173653647e-05,2.9990836499055705e-05,9.470189369709559e-06,1.2491329290384718e-07,3.717928217894886e-08,1.1867516047842759e-06,-1.7423860653060426e-07,-2.2013351945274686e-06,0.00038466132968492287,0.000383509686770828,0.2798701429943984,-0.020359157338778466
826,2025-08-21 11:29:25,111.515625,0.0124889761904761,113.0,0.0078661290726387,6.882794991697111,6.882774429936871,0.007866271481093388,0.007866129072638763,-1.484375,0.026814607248741337,1.9084455355051804,0.006925849770719049,0.08057173074668578,0.202149379782228,0.003747510705419951,0.017376519315657517,1.3099200499256805,4.788169222322474,0.015625,-1.3777777777701158e-05,0.00042334098566240014,0.0030211408350595548,0.00042357200679765195,0.0004189782382615834,-2.629413848903626e-05,2.0923967559807173e-05,9.835416350913791e-06,1.2852311438384246e-07,1.710231213818571e-08,8.202642511833443e-07,-5.452490735894365e-08,-1.0307864297998004e-06,0.00042357200679765195,0.00042332406202381473,0.05457093526872736,-0.003997637639296947
827,2025-08-21 11:34:25,111.53125,0.0124751984126984,113.0,0.0082894700583011,6.88581251622082,6.885795570771931,0.008289591969898917,0.008289470058301121,-1.46875,0.02808454448215797,1.9854852455110334,0.0071943240628209865,0.08375069308834195,0.2079603682480014,0.003810446944561474,0.017864142089207037,1.339949941089249,4.930135233291864,-0.03125,-3.0313492063499883e-05,-0.0004689968187250003,0.06306567924351114,-0.00044427792060096593,-0.0008776420150674365,-6.018699123199483e-05,0.00045371493371974223,4.0893893109541966e-05,-1.057741130818692e-06,7.577607018348583e-06,-3.520669546745119e-05,-2.5616371964142643e-06,4.67030047707419e-06,-0.00044427792060096593,-0.0004697983457694086,-5.270589721958963,0.17090244803521504
829,2025-08-21 11:44:25,111.5,0.0124448849206349,113.0,0.0078204732395761,6.948881883886685,6.948861250015442,0.007820614472513136,0.00782047323957609,-1.5,0.02649481784439039,1.910933701254957,0.006844675450392107,0.07914952907344926,0.1975701952918109,0.0036881075162309247,0.017085431603618514,1.3046654534336672,4.770003674896053,-0.015625,-1.3777777777800038e-05,-0.0008346654814772999,-0.06277137294020552,-0.0008604234280528994,-0.00041398152881859986,-2.6328419883999724e-05,-0.0004296496753512321,9.661807748223786e-06,-1.2561174729144472e-07,7.2660240810718665e-06,1.6757437484923616e-05,1.1283399528597337e-06,1.0268757911251148e-06,-0.0008604234280528994,-0.0008342447507429188,3.0860203455412627,-0.050407108442585
831,2025-08-21 11:54:25,111.484375,0.0124311071428571,113.0,0.0069858077580988,6.886121033294288,6.886089877075237,0.006986005225213442,0.006985807758098789,-1.515625,0.024186473385765513,1.7554120876706112,0.006337911973628865,0.07403953910446404,0.19037077751250336,0.0035867561658798936,0.01629606619408015,1.2483456598982499,4.513523017926951,0.015625,-2.7559523809499165e-05,-1.7842007096599902e-05,-0.05488686552988309,-9.173732653281602e-06,0.00037791364665258615,-4.8378321225640844e-05,-0.00034786812223680345,9.038029675837895e-06,1.2103448073864197e-07,5.402673438367115e-06,-1.3975624904071107e-05,1.8883173994713598e-06,-1.943602266832505e-06,-9.173732653281602e-06,-1.780196898634674e-05,-48.58351639693153,-0.22440362250945034
832,2025-08-21 11:59:25,111.5,0.0124035476190476,113.0,0.0069679657510022,6.831234625892842,6.8312030115453535,0.006968166875994372,0.006967965751002295,-1.5,0.02432704756625992,1.7518591630048947,0.006361769226729655,0.0750818215956829,0.19457442577174616,0.0036201197332630442,0.01648651521601418,1.2533326353746153,4.539940340156167,-0.015625,-1.6531746031800756e-05,-3.0457640349400468e-05,0.05948058069874129,-2.162812677490006e-05,-0.0003801101182228112,-2.8961290766279963e-05,0.0003784017278772622,9.16526142525426e-06,-1.237070883253391e-07,6.4038822637888625e-06,-1.532230466792434e-05,-1.232424357284043e-06,1.1727053234842015e-06,-2.162812677490006e-05,-3.0606268212835376e-05,-28.989486622111915,0.48798219996655234
834,2025-08-21 12:09:26,111.484375,0.0123870158730158,113.0,0.0069375081106528,6.890715295638976,6.890683592244095,0.006937707822640964,0.0069375081106527806,-1.515625,0.02406214733849628,1.752104809404479,0.006299331494398935,0.07380154619352637,0.19018046728596222,0.003570461582810177,0.016232855122743396,1.2473646944751708,4.515028865557213,-0.015625,-2.4801587301599357e-05,-0.0003983888788638996,0.0017206341106010825,-0.00039969912359068336,-0.00037597105216400435,-4.345498039199729e-05,1.0838844643246499e-05,9.00897780682695e-06,-1.2091348475517413e-07,5.285321687296947e-09,-4.3641881619746575e-07,-5.323061115264186e-08,1.7496856652868487e-06,-0.00039969912359068336,-0.0003984338020310593,0.32888586913375484,0.011276210141164533
836,2025-08-21 12:19:25,111.46875,0.0123622142857142,113.0,0.0065391192317889,6.892443087985809,6.892404226354696,0.006539353387484813,0.006539119231788938,-1.53125,0.022850414461573376,1.6796673887162734,0.0060253019138486056,0.07071504235986908,0.18438269568278629,0.0034902981667438594,0.01571039728045938,1.2166852577662672,4.379571738158629,0.0,-1.928968253959995e-05,-8.578329897100494e-06,0.0039582488229026325,-8.550606492331523e-06,0.0,-3.2400250700455744e-05,2.384964420812422e-05,0.0,0.0,2.734253118187463e-08,0.0,-9.289801139426685e-08,-0.0,-8.550606492331523e-06,-8.616161972543915e-06,-0.323179512813343,0.44101912490226436
837,2025-08-21 12:24:25,111.46875,0.0123429246031746,113.0,0.0065305409018918,6.896401380770699,6.8963624751775985,0.006530774946273299,0.006530540901891792,-1.53125,0.022828042666043137,1.6805571842997473,0.0060156323545336845,0.07067130814334942,0.1843448442242686,0.0034841365984050504,0.0156916694828627,1.2170333294606699,4.383703379613563,0.0,-2.2047619047700986e-05,-3.6807749424399953e-05,3.255490381448567e-05,-3.6856446254632694e-05,0.0,-3.705228458731785e-05,1.9583833268515206e-07,0.0,0.0,1.846281895030449e-12,0.0,-8.735355514109565e-10,-0.0,-3.6856446254632694e-05,-3.685731794390221e-05,0.13230048289900598,0.13466870503469064
839,2025-08-21 12:34:25,111.46875,0.0123208769841269,113.0,0.0064937331524674,6.896434585733285,6.896395030081413,0.006493970051197492,0.006493733152467422,-1.53125,0.02273194494741951,1.676099189465707,0.005988929531015566,0.07048317372602576,0.18418135816672743,0.0034748286556356748,0.01564982274031696,1.2155271349886163,4.379857046987028,0.0,-2.2043650793598935e-05,-0.0003638642275801997,-0.055740842207613994,-0.0003707753212088746,0.0,-3.694734522801626e-05,-0.00033382797598085833,0.0,0.0,5.398218401875018e-06,-0.0,1.4935566750372828e-06,-0.0,-0.0003707753212088746,-0.0003638835461319623,1.899360559469021,0.005309274805909148
840,2025-08-21 12:39:25,111.46875,0.0122988333333333,113.0,0.0061298689248872,6.840702833038132,6.840654187873799,0.0061301496011638215,0.006129868924887295,-1.53125,0.021772568175569555,1.604587722835294,0.005769786464822877,0.06858011167977922,0.18246732314467703,0.003436332019083024,0.01535135282760171,1.1902163680330686,4.269238112408854,0.0,-2.2047619047600372e-05,0.00032350644740119974,0.061349652949905575,0.00031859705837041695,0.0,-3.537733884152914e-05,0.00035397439721194607,0.0,0.0,6.466798720911274e-06,0.0,-1.609903056943411e-06,-0.0,0.00031859705837041695,0.0003234539540343848,-1.5175552358294597,-0.016226374230432494
842,2025-08-21 12:49:25,111.46875,0.0122767857142857,113.0,0.0064533753722884,6.902043971253038,6.9020038408237046,0.00645361434357937,0.006453375372288392,-1.53125,0.022626381729932022,1.6738918212289622,0.005954795642556727,0.07027599281678755,0.18400008461352785,0.003458985965635162,0.015591140845824773,1.2148428243728386,4.382666461119665,0.015625,-2.2047619047700986e-05,0.00034320086669480023,0.003131753227556544,0.0003439764323093539,0.00035353721453018784,-3.6905329201518564e-05,1.8648950473016676e-05,8.578612404393011e-06,1.1698410327499888e-07,1.696265665866756e-08,7.629313385187562e-07,-8.388210545089466e-08,-1.5098025085609718e-06,0.0003439764323093539,0.00034316264169051945,0.22598008624592492,-0.011137793633475557
844,2025-08-21 12:59:25,111.484375,0.012254738095238,113.0,0.0067965762389832,6.905168949424721,6.905135594051261,0.0067967825694075015,0.006796576238983165,-1.515625,0.023697789549381645,1.7427356746760085,0.006185763906151567,0.07309995253490645,0.1896096335833822,0.0035217311060960006,0.01604488630985964,1.2445714662554022,4.520378758799001,0.03125,-1.928968253959995e-05,0.0007696037188509005,0.00430213637028487,0.0007702088460482645,0.0007405559234181764,-3.361681791493574e-05,2.6611999878650064e-05,3.569333619868479e-05,9.64404467688915e-07,3.259076411583663e-08,2.157102779710405e-06,-1.0328305914358801e-07,-2.724895975499487e-06,0.0007702088460482645,0.0007695703605574477,0.07862841388910358,-0.004334476645007079
845,2025-08-21 13:04:25,111.515625,0.0122354484126984,113.0,0.0075661799578341,6.909460427994018,6.909437730421546,0.007566331873773487,0.007566179957834061,-1.484375,0.026057250434149,1.8897922459069556,0.006693006417499417,0.07916963522373995,0.20118563610849508,0.003653932263097397,0.017008247540580876,1.3052085539995835,4.802334304449156,0.046875,-2.7555555555600075e-05,0.0012968644254414,0.0057868050896559,0.0012985224018242023,0.0012214336141007343,-5.2074275220631356e-05,3.873112360188522e-05,8.697835901045649e-05,3.453580331757461e-06,6.11798215604736e-08,4.613597504716915e-06,-2.0812676675923705e-07,-6.203015143256848e-06,0.0012985224018242023,0.0012967860372404634,0.12784500447977631,-0.006044440683139474
847,2025-08-21 13:14:25,111.5625,0.0122078928571428,113.0,0.0088630443832755,6.915237191811122,6.915224535511202,0.008863139423976103,0.008863044383275447,-1.4375,0.029958741927820942,2.126850903435589,0.007509334749414509,0.08895174444378853,0.21903274283103474,0.003843771868988116,0.0184908142868413,1.396222947140423,5.237109062729478,0.0,-1.3777777777798303e-05,-1.7842655381600236e-05,0.001526700434343553,-1.783877449048284e-05,0.0,-2.9303279114045106e-05,1.1464504623562267e-05,0.0,0.0,4.479559058081223e-09,0.0,-2.9368906477835442e-08,-0.0,-1.783877449048284e-05,-1.786366383790259e-05,-0.02175063651904674,0.11774287993040478
848,2025-08-21 13:19:25,111.5625,0.012194115079365,113.0,0.0088452017278939,6.9167639578244335,6.916751235945545,0.008845297090943768,0.00884520172789393,-1.4375,0.029914791473487416,2.1259318176670865,0.007495963451972312,0.08887405886116617,0.218992008179592,0.00383871976447958,0.018470587600287115,1.3960600218133268,5.238447348636109,0.0,-3.0313492063501618e-05,-0.0004986192799521002,-0.059160437417496325,-0.0005079088939666445,0.0,-6.44444172823968e-05,-0.00044346447668424765,0.0,0.0,6.717677737561451e-06,-0.0,2.503637433065612e-06,-0.0,-0.0005079088939666445,-0.0004986875787960175,1.863067552349107,0.0136975938683781
850,2025-08-21 13:29:25,111.5625,0.0121638015873015,113.0,0.0083465824479418,6.857606642191981,6.857590798528049,0.008346696963918633,0.0083465824479418,-1.4375,0.028674087000169143,2.037421531210661,0.007227841958917118,0.08664983774575583,0.21775249833665672,0.003807503640802795,0.018163688300891333,1.3703834139423994,5.12007454517996,-0.03125,-1.3777777777699424e-05,-7.535923217000598e-06,0.12670960057426583,3.290255238331188e-05,-0.0008960652187552857,-2.807114109652058e-05,0.0009158369676283072,4.230949108679484e-05,-1.107546479983809e-06,3.056535015553452e-05,-7.192230279879394e-05,-2.392383460182593e-06,2.204476540273279e-06,3.290255238331188e-05,-8.642307179856851e-06,-536.6094430087301,14.68146544222102
851,2025-08-21 13:34:25,111.53125,0.0121500238095238,113.0,0.0083390465247248,6.98431594052693,6.984300399102315,0.008339157270523881,0.008339046524724704,-1.46875,0.02820752430274449,2.0480967208216247,0.007125817190047763,0.0839720270774326,0.2080940041652942,0.0037135098108028457,0.017658735696109398,1.3605769734291675,5.075459797589196,0.015625,-3.0313492063499883e-05,-4.2109369701399946e-05,-0.05912783505003638,-3.2293745680000613e-05,0.00044074256723038266,-6.208496369190646e-05,-0.00042133414340985787,1.025049158660066e-05,1.323026047803842e-07,6.4914024544556995e-06,-1.6314418928621028e-05,2.438658926122516e-06,-2.403982973325513e-06,-3.2293745680000613e-05,-4.208208620136894e-05,-23.309833633232955,-0.06479199338407238
853,2025-08-21 13:44:26,111.546875,0.0121197103174603,113.0,0.0082969371550234,6.9251884801691865,6.9251725640522785,0.008297050818936474,0.008296937155023408,-1.453125,0.028324146610236432,2.04029062587309,0.007141405104436025,0.08508653346434063,0.21272099990568225,0.003746326116385238,0.017853904404083323,1.3649402120591558,5.100838456602615,0.0,-1.1023809523799319e-05,0.0004415897615360001,0.06404113270936129,0.00043485189679167937,0.0,-2.2491775232818243e-05,0.0004573436720244976,0.0,0.0,7.682341234333479e-06,0.0,-9.636167355172407e-07,-0.0,0.00043485189679167937,0.00044157062129049563,-1.5258199648660598,-0.004334395217386877
854,2025-08-21 13:49:26,111.546875,0.0121086865079365,113.0,0.0087385269165594,6.989226681360671,6.98921369676164,0.00873862257017069,0.008738526916559387,-1.453125,0.029418476991089345,2.1260460934589966,0.007366672923177618,0.08704544161380491,0.21384314518435704,0.0037626631787889583,0.018097587630446436,1.3901065952366067,5.223023457670458,0.015625,-3.30674603175006e-05,-3.5077582026600204e-05,-0.057704768452865096,-2.4969775073117938e-05,0.000459663702985771,-7.030294482863255e-05,-0.0004250921552999553,1.062566425949767e-05,1.359578102012361e-07,6.264533748165414e-06,-1.6317454746411672e-05,2.6525320956302464e-06,-2.698626889435823e-06,-2.4969775073117938e-05,-3.506879086516977e-05,-28.815574989796232,-0.025062050810020775
856,2025-08-21 13:59:25,111.5625,0.012075619047619,113.0,0.0087034493345328,6.931522164331258,6.931508928308775,0.008703547108261794,0.008703449334532785,-1.4375,0.02956454278486643,2.120076800446686,0.00738691677632611,0.08825229649224352,0.21865977203855969,0.003795649905504236,0.018302317362599633,1.395228594583197,5.2528435895223975,0.0,-8.269841269800335e-06,-1.8018945254999127e-05,-6.697234786123829e-05,-1.8027417779446382e-05,0.0,-1.7532698619480253e-05,-4.947191599661292e-07,0.0,0.0,8.51230548892079e-12,-0.0,7.727483146250014e-10,-0.0,-1.8027417779446382e-05,-1.802663651882627e-05,0.04702009095067794,0.04268431763512215
857,2025-08-21 14:04:26,111.5625,0.0120673492063492,113.0,0.0086854303892778,6.931455277417013,6.9314419559609135,0.008685528637037664,0.008685430389277882,-1.4375,0.029519882121740858,2.118123046956477,0.007375126454794575,0.08817267156840256,0.21861642646580076,0.0037922985930850315,0.01828598092357644,1.394723209581312,5.251700817313319,0.0,-4.409126984129992e-05,0.0004252731265238993,0.06963337837436612,0.00042016423616507366,0.0,-9.339073482043441e-05,0.0005135549709855081,0.0,0.0,9.194062709914934e-06,0.0,-4.282112777224969e-06,-0.0,0.00042016423616507366,0.0004250761860977636,-1.2013198201787922,-0.046309163183078095
860,2025-08-21 14:19:25,111.5625,0.0120232579365079,113.0,0.0091107035158017,7.001086281761355,7.00107533433528,0.00911078646739754,0.009110703515801781,-1.4375,0.030565693512870782,2.2060945635822113,0.007577248552145492,0.090017017257591,0.21957394554125176,0.0037949916386076114,0.018482798160044785,1.4200090810464427,5.381214600531581,0.0,-4.13373015872992e-05,-0.0005295072054137991,-0.059202786707434285,-0.0005397882261667839,0.0,-9.119399630489909e-05,-0.0004485942298618848,0.0,0.0,6.650665834359957e-06,-0.0,3.475164721380597e-06,-0.0,-0.0005397882261667839,-0.0005296623956110434,1.9416205573539624,0.02930842029298386
863,2025-08-21 14:34:25,111.5625,0.0119819206349206,113.0,0.0085811963103879,6.94188627388244,6.941872547627845,0.008581296449304561,0.008581196310387985,-1.4375,0.02926091351800379,2.11334063359259,0.007295403242432661,0.08770941764274312,0.2183606460935342,0.0037610461512188973,0.018162576019135884,1.393937887244312,5.261355491455345,-0.015625,-4.1333333333301234e-05,-0.0005043674602377007,0.0037429028250972607,-0.000506679315106663,-0.0004572017737188092,-8.735141285509255e-05,2.7305985406324925e-05,1.0706716020842666e-05,-1.3882995992885222e-07,2.634485246367956e-08,-1.062199329579179e-06,-2.1565146098847533e-07,3.3979587548956048e-06,-0.000506679315106663,-0.0005045328622898713,0.45836717298786134,0.032793957820476116
866,2025-08-21 14:49:25,111.546875,0.0119405873015873,113.0,0.0080768288501502,6.945632483931752,6.945615450452943,0.008076947625999413,0.008076828850150278,-1.453125,0.027771390231335978,2.0280464041170796,0.00697305093055533,0.08407878253407243,0.21210076339451603,0.0036801955379724112,0.017590519046351248,1.3623397701493127,5.116037334846278,0.0,-4.13373015872992e-05,0.0004036347778538004,0.06917814066848038,0.0003985487323224092,0.0,-8.38339658400254e-05,0.0004823826981624346,0.0,0.0,8.805999754021658e-06,0.0,-3.895798117967973e-06,-0.0,0.0003985487323224092,0.00040345893395846285,-1.2600612757985408,-0.043565100181042204
869,2025-08-21 15:04:26,111.546875,0.01189925,113.0,0.008480463628004,7.014807577627725,7.014793591121423,0.008480563925964385,0.008480463628004052,-1.453125,0.02878128399080363,2.1137158613837257,0.007171025957315282,0.08591061124125297,0.21320648067693862,0.0036865740783303238,0.017796511805843216,1.387969081042133,5.24566073323721,0.015625,-4.409126984129992e-05,-2.53513142353997e-05,-0.0533594354687974,-1.550806267914031e-05,0.00044970756235630674,-9.319641641210556e-05,-0.0003826418968144359,1.0487135161285763e-05,1.355530298086412e-07,5.248260964927021e-06,-1.4837684738649721e-05,3.2654544091771663e-06,-3.613872545079266e-06,-1.550806267914031e-05,-2.5445904588765115e-05,-38.82738174778573,0.37311814483105277
872,2025-08-21 15:19:25,111.5625,0.0118551587301587,113.0,0.0084551123137686,6.961448326899971,6.961434155652626,0.008455214231072858,0.008455112313768692,-1.4375,0.028946230048045935,2.1115414456860906,0.0071918108953429,0.08714293167166288,0.21803951489969792,0.003715783771712663,0.017994562826727144,1.3942873187629024,5.2832681168301185,-0.015625,-4.133730158730094e-05,-4.4942392179401006e-05,0.06881382878087727,-3.4175287367443376e-05,-0.00045228484450071774,-8.728542555441135e-05,0.000494896043576574,1.0637564901326036e-05,-1.3862579021434652e-07,8.797755394940248e-06,-1.9348043208517824e-05,-3.9661590238367935e-06,3.4124382423746577e-06,-3.4175287367443376e-05,-4.527929596248309e-05,-23.957569434616456,0.749634736257998
875,2025-08-21 15:34:25,111.546875,0.0118138214285714,113.0,0.0084101699215892,7.030262178751088,7.030247984433503,0.008410270831557633,0.008410169921589106,-1.453125,0.02860658983860524,2.115281709775096,0.00710915473984374,0.08559668010231526,0.21302383759733612,0.003656971542165076,0.017692501893117732,1.3889905036955121,5.264286265274876,0.0,-5.511904761898792e-06,-0.0004957086420630998,-0.06939879139813243,-0.0005050259781363269,0.0,-1.165923132886677e-05,-0.0004933667468074601,0.0,0.0,8.806338995391093e-06,-0.0,5.313159929498729e-07,-0.0,-0.0005050259781363269,-0.0004956883231479859,1.8795992812328466,-0.004098963259824284
876,2025-08-21 15:39:25,111.546875,0.0118083095238095,113.0,0.0079144612795261,6.960867120992618,6.96084919303537,0.007914584062772338,0.007914461279526094,-1.453125,0.02736041129885872,2.0186021907732172,0.006848669986397443,0.08332134775108081,0.21161530881622895,0.0036310964559766647,0.017393902682438716,1.3602363978113508,5.126742875712181,0.0,-3.582142857150132e-05,0.00042649047627200086,0.07195151394465782,0.0004204629598375762,0.0,-7.230921419105888e-05,0.0004927721740286351,0.0,0.0,9.399130138911774e-06,0.0,-3.5058814767781907e-06,-0.0,0.0004204629598375762,0.0004263562084997098,-1.4132827741223708,-0.031482009508088105
878,2025-08-21 15:49:25,111.546875,0.011772488095238,113.0,0.0083409517557981,7.032815239155405,7.032800706980028,0.008341054369174268,0.008340951755798139,-1.453125,0.028434087785220316,2.109122352342141,0.007061089548493794,0.08528548992008503,0.21283999586377406,0.0036410318363625156,0.017621781521140363,1.3874611958458918,5.263563510854334,0.0,-8.2698412697986e-06,-3.328806258190084e-05,-0.0022502230151317804,-3.333113328638095e-05,0.0,-1.744210707245374e-05,-1.5889026213927208e-05,0.0,0.0,9.218188938025646e-09,-0.0,2.581924757403714e-08,-0.0,-3.333113328638095e-05,-3.329609584986889e-05,0.1293878379798885,0.024132578903568458
879,2025-08-21 15:54:25,111.546875,0.0117642182539682,113.0,0.0083076636932162,7.030565218072157,7.0305504839648965,0.008307767442837878,0.008307663693216165,-1.453125,0.028350957730359297,2.10405604845209,0.007041432851958698,0.08513509754153518,0.212750151103769,0.0036369382287015474,0.0175963374272331,1.3860296524550924,5.257975325870629,0.015625,-3.582142857140071e-05,0.0004371850014024004,0.008493236525495718,0.00043794570664198757,0.000442983714536864,-7.537029344985016e-05,5.98045546900811e-05,1.0392467961613182e-05,1.3526290327947553e-07,1.3117539081560315e-07,2.335153996123805e-06,-4.2168547509469633e-07,-2.942940430716595e-06,0.00043794570664198757,0.0004370474101231157,0.1740007633260321,-0.03147209507264881
881,2025-08-21 16:04:25,111.5625,0.0117283968253968,113.0,0.0087448486946186,7.039055823932788,7.039043720490392,0.008744937060662858,0.008744848694618605,-1.4375,0.029667033809852184,2.1908880881740824,0.007300879471267278,0.08843473207996008,0.21875840122792,0.0036881726740799732,0.018059971270655232,1.4180151246591552,5.419535562169285,0.0,-8.269841269899214e-06,-3.106752770059944e-05,-0.0017784261210564978,-3.11023714876995e-05,0.0,-1.8118296729312615e-05,-1.298407475838688e-05,0.0,0.0,5.83247528583952e-09,-0.0,2.085517629802234e-08,-0.0,-3.11023714876995e-05,-3.107568383611563e-05,0.11215500453030103,0.026252927477199428
882,2025-08-21 16:09:26,111.5625,0.0117201269841269,113.0,0.008713781166918,7.037277546626688,7.037265294369336,0.008713870395508479,0.008713781166918011,-1.4375,0.0295901364582752,2.186392792292195,0.007282602002612368,0.08829789199969004,0.21868451130481018,0.0036843272228090328,0.01803658302481681,1.416801633026869,5.414967769609453,0.0,-4.409126984120104e-05,-4.5462960599700064e-05,0.007010245061080056,-4.5348009863187124e-05,0.0,-9.64008345838122e-05,5.1052824720625076e-05,0.0,0.0,9.053043341672168e-08,0.0,-4.379200762422735e-07,-0.0,-4.5348009863187124e-05,-4.569539950601268e-05,-0.2528448103612857,0.5112709406658089
885,2025-08-21 16:24:25,111.5625,0.0116760357142857,113.0,0.0086683182063183,7.044287930155214,7.044275539430416,0.008668407988591018,0.00866831820631838,-1.4375,0.029477439747968272,2.185764890286026,0.007245903082341659,0.08809692928919638,0.21857502618688532,0.003668629104762945,0.017977623837164603,1.416950845216305,5.4230450707801365,0.015625,-3.0313492063499883e-05,-0.0005016169145478002,-0.12463611952573572,-0.0004978814272872458,0.00046058499606200425,-6.625816665436215e-05,-0.0009031012426426319,1.0754019688622605e-05,1.3896625912150403e-07,2.849453994839764e-05,-3.5010332396211926e-05,5.3534613659955754e-06,-2.5686161517671223e-06,-0.0004978814272872458,-0.0005016123745208316,-0.7446892543330419,-0.0009050785244602011
888,2025-08-21 16:34:31,111.578125,0.0116457222222222,113.0,0.0081667012917705,6.919655110635111,6.91963941990468,0.008166811529890343,0.008166701291770405,-1.421875,0.028447157147010935,2.087247228317457,0.007025655516143397,0.08718403410967754,0.2223130841292249,0.0036812292905661964,0.01791492171443312,1.3952949507433703,5.322331931597592,-0.015625,-1.3777777777800038e-05,-3.212601269809989e-05,0.06274650057805253,-2.1907921559820993e-05,-0.00044448683042204587,-2.8757628479086982e-05,0.0004408352979048896,1.0642582288778996e-05,-1.413428523567358e-07,7.246726870303151e-06,-1.7564041339225683e-05,-1.2062427281950835e-06,1.1457797908318883e-06,-2.1907921559820993e-05,-3.228569896610672e-05,-31.80628493894374,0.497062207835941
889,2025-08-21 16:44:32,111.5625,0.0116319444444444,113.0,0.0081345752790724,6.9824016411336,6.9823859204827325,0.008134684665969505,0.008134575279072472,-1.4375,0.028139008797274535,2.0884040779768047,0.00695813737287608,0.08567159066922049,0.21716241713136183,0.0036311554340215644,0.017637654662675847,1.3889451632442014,5.2937370950831975,0.015625,-3.0313492063499883e-05,-2.068329017390104e-05,-0.057155934483811066,-1.0737625807343466e-05,0.0004396720124574146,-6.330682044313066e-05,-0.0003976988438134625,1.045795784536383e-05,1.380681464712536e-07,5.9311308232126175e-06,-1.5751509911687275e-05,2.4064807873278653e-06,-2.507369647157179e-06,-1.0737625807343466e-05,-2.0658893755647437e-05,-48.08550420622822,-0.11795230859540373
891,2025-08-21 16:49:33,111.578125,0.0116016309523809,113.0,0.0081138919888985,6.925245929172388,6.9252299859989215,0.008114003347329195,0.008113891988898482,-1.421875,0.02831235055190814,2.084642910485195,0.0069846800074056655,0.08693472147792414,0.22216070108324473,0.0036647782564717376,0.017849271049673793,1.3948087305138244,5.327281466234536,-0.015625,-1.3777777777800038e-05,-0.0004621760273124994,-0.00040331034038665337,-0.00046344831516348926,-0.0004423804773735647,-2.8721746766731312e-05,-2.8169936712786314e-06,1.0612148617910661e-05,-1.4124596982526445e-07,2.980550058737219e-10,1.124811809796496e-07,7.750561911217853e-09,1.1468453156495653e-06,-0.00046344831516348926,-0.00046218094004994297,0.27528209509006807,0.0010629580837751007
892,2025-08-21 16:59:36,111.5625,0.0115878531746031,113.0,0.007651715961586,6.924846381010053,6.924826675658535,0.007651847782888722,0.007651715961586016,-1.4375,0.026902604604887602,1.998826244305544,0.00668958405037721,0.08336566584002728,0.21566232222577342,0.0035924035300414197,0.017305580378824844,1.3620450384252958,5.170851875638467,0.0,-2.7559523809499165e-05,-7.4251434511998435e-06,0.007137805366724592,-7.337750535052748e-06,0.0,-5.5086699470990434e-05,4.7748948935937685e-05,0.0,0.0,9.151336433185764e-08,0.0,-2.6793403180045154e-07,-0.0,-7.337750535052748e-06,-7.514171202521342e-06,-1.176986232272359,1.1990037890394323
894,2025-08-21 17:04:36,111.5625,0.0115602936507936,113.0,0.0076442908181348,6.931984146932521,6.931964481025259,0.0076444221406912,0.007644290818134843,-1.4375,0.02688339309345677,2.0020758031004378,0.006677640734698724,0.08332932329307441,0.21563744868126367,0.003583446328991056,0.017280224467635726,1.3631990829558818,5.180919527315438,0.0,-1.6531746031700142e-05,0.0,0.0049618347131410445,3.5540886244263335e-08,0.0,-3.3097808713068536e-05,3.31333495993128e-05,0.0,0.0,4.4111872631409425e-08,0.0,-1.1182020991648219e-07,-0.0,3.5540886244263335e-08,-3.216745104080943e-08,inf,-inf
895,2025-08-21 17:04:36,111.5625,0.0115437619047619,113.0,0.0076442908181348,6.936945914187907,6.9369263157384005,0.00764442159661724,0.007644290818134787,-1.4375,0.026883393093456585,2.00494296278252,0.0066728643614043315,0.08332932329307406,0.21563744868126347,0.0035783218376573014,0.0172678642934444,1.364174847986016,5.188339088333988,0.0,-2.480158730160109e-05,0.0,0.007463966779225117,8.026998961573978e-08,0.0,-4.972576792618142e-05,4.980603791579716e-05,0.0,0.0,9.967558626227426e-08,0.0,-2.525336246633869e-07,-0.0,8.026998961573978e-08,-7.258804878537287e-08,inf,-inf
897,2025-08-21 17:04:36,111.5625,0.0115189603174603,113.0,0.0076442908181348,6.9444097798957545,6.944390282517626,0.007644420782335404,0.007644290818134718,-1.4375,0.026883393093456446,2.009259825290562,0.006665692236006741,0.08332932329307381,0.21563744868126328,0.003570633870581915,0.017249304454467717,1.365642667490356,5.199510152501507,0.0,-2.2047619047699252e-05,0.0,0.0066554362184829685,6.369433292692435e-08,0.0,-4.429939519585306e-05,4.436308952877999e-05,0.0,0.0,7.908031239128912e-08,0.0,-2.0038965578853024e-07,-0.0,6.369433292692435e-08,-5.7615010470316764e-08,inf,-inf
898,2025-08-21 17:04:36,111.5625,0.0114969126984126,113.0,0.0076442908181348,6.951065126398813,6.9510457187361085,0.007644420060448645,0.007644290818134822,-1.4375,0.02688339309345666,2.0131129810340314,0.006659310017945825,0.08332932329307423,0.21563744868126355,0.0035637995753705644,0.017232788717087392,1.3669514861628351,5.2094812484021595,0.0,-2.204365079360067e-05,0.0,0.006673405422737311,6.391602346992936e-08,0.0,-4.437635956197864e-05,4.444027558544857e-05,0.0,0.0,7.935573087705415e-08,0.0,-2.0108706433446014e-07,-0.0,6.391602346992936e-08,-5.7815309987476636e-08,inf,-inf
900,2025-08-21 17:04:36,111.5625,0.011474869047619,113.0,0.0076442908181348,6.957738442248085,6.957719124158846,0.0076444193405553265,0.007644290818134718,-1.4375,0.026883393093456446,2.0169802460439956,0.0066529228277197126,0.08332932329307381,0.2156374486812633,0.0035569665102339783,0.017216260112867827,1.3682638385526014,5.219488855894562,0.0,-2.2047619047598638e-05,0.0,0.006693869505587813,6.418514819224013e-08,0.0,-4.4469612091309784e-05,4.4533797239502024e-05,0.0,0.0,7.969008020865708e-08,0.0,-2.0193369274347582e-07,-0.0,6.418514819224013e-08,-5.80584643425786e-08,inf,-inf
901,2025-08-21 17:04:36,111.5625,0.0114528214285714,113.0,0.0076442908181348,6.96443222229036,6.964412993664434,0.0076444186223984315,0.007644290818134794,-1.4375,0.026883393093456713,2.020863098175139,0.006646528348058675,0.08332932329307428,0.2156374486812636,0.00355013221502266,0.017199712645238615,1.3695802152877166,5.229536799332429,0.0,-1.9289682539700564e-05,0.0002812762315045998,0.04775853697988364,0.000278446662278611,0.0,-3.898180761999417e-05,0.00031742846989860513,0.0,0.0,4.048708974823176e-06,0.0,-1.2617216877424997e-06,-0.0,0.000278446662278611,0.00028123364956569164,-1.0059752332619465,-0.015138832982930506
903,2025-08-21 17:54:47,111.5625,0.0114335317460317,113.0,0.0079255670496394,7.0121882003429405,7.012171530644317,0.007925680232284349,0.00792556704963937,-1.4375,0.027606908506096525,2.0820556187145582,0.00678969386574296,0.08468709976614057,0.21654075620350763,0.0035589993148961163,0.017360913859824124,1.388285275468728,5.323713993975625,0.015625,-2.4801587301599357e-05,0.0008543236410645007,0.0652156905532566,0.0008329896889513301,0.0004313579454077582,-5.163828419433458e-05,0.00044279457409963745,1.0337780733171456e-05,1.3767290509764838e-07,7.568365603871719e-06,1.7690687281313026e-05,-2.2454856876154556e-06,-2.0630712092239477e-06,0.0008329896889513301,0.0008539401849396755,-2.497174500121302,-0.04488417578464299
905,2025-08-21 18:04:38,111.578125,0.0114087301587301,113.0,0.0087798906907039,7.077398473747414,7.077387221197574,0.008779972451699383,0.008779890690703958,-1.421875,0.029991553604533244,2.2537184356490063,0.0072659767460693135,0.08998782142187683,0.22390404151480411,0.0036321239373332294,0.01807890815992124,1.4450304208802238,5.607610654474159,0.0,-1.9289682539700564e-05,-1.6802098400599957e-05,0.0036750280466151253,-1.6770844829681873e-05,0.0,-4.347351315753991e-05,2.6702668327858034e-05,0.0,0.0,2.4527426294776017e-08,0.0,-1.0243838621663061e-07,-0.0,-1.6770844829681873e-05,-1.6848755789603728e-05,-0.1860099266944415,0.2776878690467832
906,2025-08-21 18:09:40,111.578125,0.0113894404761904,113.0,0.0087630885923033,7.081073539613667,7.081062249244189,0.008763170463920347,0.008763088592303347,-1.421875,0.02994973363653118,2.2541873858548507,0.007251435490801798,0.08991314449571414,0.22386458323170777,0.003625343803679194,0.01805453021451539,1.4453177356864348,5.612446572643482,0.0,-2.480158730160109e-05,-0.0004833873776704002,-0.0601597399804934,-0.0004921518988564047,0.0,-5.590742524444702e-05,-0.0004362444736119577,0.0,0.0,6.560411841229069e-06,-0.0,2.156496507146323e-06,-0.0,-0.0004921518988564047,-0.00048343499050802936,1.8131464723476043,0.009849830555896943
908,2025-08-21 18:19:38,111.578125,0.0113646388888888,113.0,0.0082797012146329,7.020916531454395,7.020902509263696,0.008279799351226885,0.008279701214632923,-1.421875,0.0287346325724525,2.1618265826127496,0.006998638257511139,0.08771320158976466,0.2226305995988621,0.003597509213676019,0.01776370037126838,1.419156386677866,5.487073092677963,0.0,-1.6535714285699846e-05,0.0,0.0051133381136665434,3.905704058118593e-08,0.0,-3.5747346705315324e-05,3.578640374589651e-05,0.0,0.0,4.7030645664514826e-08,0.0,-1.1999350151061822e-07,-0.0,3.905704058118593e-08,-3.3905815264917465e-08,inf,-inf
909,2025-08-21 18:24:38,111.578125,0.0113481031746031,113.0,0.0082797012146329,7.026029819713523,7.026015847377362,0.008279798931143043,0.008279701214632833,-1.421875,0.028734632572452335,2.16497665502178,0.006993544844042739,0.08771320158976431,0.22263059959886192,0.0035922747856331075,0.017750772446236365,1.4201899612691185,5.495068496978488,-0.015625,-2.755555555549946e-05,0.0,0.07277965332111513,1.0917634001905265e-05,-0.00044897863394456774,-5.965713449381206e-05,0.0005089877692351027,1.0707177928438026e-05,-1.4154472325570547e-07,9.513920528803682e-06,-2.0185860387798212e-05,-2.8481679324120915e-06,2.3659322695275886e-06,1.0917634001905265e-05,-2.3654151997376742e-07,inf,-inf
911,2025-08-21 18:34:38,111.5625,0.0113205476190476,113.0,0.0082797012146329,7.0988092333685495,7.098795500698477,0.00827979650253332,0.008279701214632812,-1.4375,0.028505785869741555,2.17554706980378,0.006938750158042975,0.08634340056281394,0.21757061318520654,0.0035405890751609927,0.017484464554139156,1.4165687488763152,5.4820068112344185,0.0,-1.3777777777800038e-05,-8.560448704029999e-05,-0.008059990400613337,-8.590046373898116e-05,0.0,-2.9974204072900507e-05,-5.5926259666080656e-05,0.0,0.0,1.1500443228261009e-07,-0.0,1.573081982448365e-07,-0.0,-8.590046373898116e-05,-8.562815110845373e-05,0.3457490476425962,0.02764349039623415
912,2025-08-21 18:39:40,111.5625,0.0113067698412698,113.0,0.0081940967275926,7.090749766732674,7.090735510297864,0.008194194965592455,0.0081940967275927,-1.4375,0.028289700861269085,2.160676408983124,0.006890757897358737,0.08594827277862553,0.21733210312395637,0.0035324033493911765,0.01742423503737261,1.412343941370751,5.4635693418076565,0.015625,-3.0313492063499883e-05,0.0,-0.05475268751790363,9.87132341306048e-06,0.00044202657595732945,-6.549764717550135e-05,-0.0003772875139156096,1.0491732516922062e-05,1.3817602991991447e-07,5.2948196837606585e-06,-1.4906620253746414e-05,2.3441310188682386e-06,-2.5878104043948076e-06,9.87132341306048e-06,1.5843457548155157e-08,inf,inf
914,2025-08-21 18:49:40,111.578125,0.0112764563492063,113.0,0.0081940967275926,7.035997147356322,7.03598282277996,0.008194195961254487,0.008194096727592595,-1.421875,0.028516974242816948,2.161213947435211,0.006927485570500561,0.08731286042448307,0.22239112428242666,0.003565755098333976,0.017644723778192827,1.4195983295262773,5.504742339768826,0.0,-1.3781746031699127e-05,0.00040155920260079997,0.0614633336199919,0.0003960010550236379,0.0,-2.978530174371802e-05,0.0004257863567673559,0.0,0.0,6.735250292394921e-06,0.0,-1.202502073148206e-06,-0.0,0.0003960010550236379,0.0004015338032428846,-1.38414150171714,-0.0063251838709810215
915,2025-08-21 18:54:39,111.578125,0.0112626746031746,113.0,0.0085956559301934,7.097458003288871,7.097446156399952,0.008595740366975226,0.008595655930193437,-1.421875,0.029531492886853947,2.245725334390392,0.0071273168212871085,0.08916253777341704,0.2234591227606756,0.00357850019055554,0.01786247906682016,1.4439522755657914,5.6282360923773185,0.015625,-4.133333333340011e-05,0.0,-0.05184494663316119,1.0117072631600985e-05,0.00046142957635709293,-9.28233138216195e-05,-0.0003695153602372622,1.0884098849294072e-05,1.4207148409568506e-07,4.809322631826073e-06,-1.4469988655550784e-05,3.0942806515966576e-06,-3.634902476332891e-06,1.0117072631600985e-05,-8.421521685996048e-08,inf,-inf
918,2025-08-21 19:09:40,111.59375,0.0112213412698412,113.0,0.0085956559301934,7.045613081811198,7.045601209766791,0.008595740957506641,0.008595655930193465,-1.40625,0.02977040315795209,2.248407037877109,0.007161955930902575,0.09058761296178358,0.22869173269113505,0.003608758094229177,0.01808061894716927,1.4520468427844424,5.676185567490139,0.0,-4.133730158730094e-05,-8.790911510920055e-05,0.0006779171015827146,-8.80878674093954e-05,0.0,-9.2943079815736e-05,4.8552124063406055e-06,0.0,0.0,8.292413595870736e-10,0.0,-4.0691091550063245e-08,-0.0,-8.80878674093954e-05,-8.812772925958587e-05,0.20333761746185175,0.24868200540268948
921,2025-08-21 19:24:39,111.59375,0.0111800039682539,113.0,0.0085077468150842,7.046291375756084,7.046279126868374,0.008507833836623145,0.008507746815084136,-1.40625,0.02954808527850903,2.238806975388125,0.007104422183206342,0.090183473990965,0.22846930078074007,0.0035919670631524704,0.01799822402950396,1.4496606985444027,5.6717560503514495,0.0,-4.409126984129992e-05,-6.478821046580069e-05,0.004777041518687852,-6.477372273895863e-05,0.0,-9.871184247442232e-05,3.393811973546369e-05,0.0,0.0,4.0984569894096584e-08,0.0,-3.053359829835944e-07,-0.0,-6.477372273895863e-05,-6.503807415204813e-05,-0.022361671572490582,0.3856622747426153
924,2025-08-21 19:39:37,111.59375,0.0111359126984126,113.0,0.0084429586046184,7.051068667529087,7.051056168387062,0.008443046819387304,0.008442958604618349,-1.40625,0.02938373888438866,2.234385396083595,0.0070576435958492,0.08988344952238787,0.22830115081129013,0.0035751679936617035,0.017926194015806824,1.4487521052125816,5.675269028863516,-0.015625,-4.13373015872992e-05,-0.0005071869474022987,0.004403282589697355,-0.0005095806330696928,-0.0004591209200685728,-9.236346298016454e-05,3.1076799169891815e-05,1.0972100771775863e-05,-1.4514996262314487e-07,3.4659283002907315e-08,-1.2333452813959235e-06,-2.637015979723494e-07,3.6656298036748412e-06,-0.0005095806330696928,-0.0005073773908623834,0.4719533260179709,0.03754896711363198
927,2025-08-21 19:54:39,111.578125,0.0110945753968253,113.0,0.0079357716572161,7.055475035059667,7.055459450976759,0.00793587667001848,0.007935771657216088,-1.421875,0.02785547606728061,2.142613619264107,0.006738438087656915,0.08608416204086129,0.22162736769106028,0.003496193753393807,0.017348397897022062,1.4153624732890573,5.51625066863192,0.0,-4.1333333333301234e-05,-4.9739572148099764e-05,0.005770080913420017,-4.968002993366267e-05,0.0,-8.856136292951432e-05,3.8881332995851646e-05,0.0,0.0,5.820084678712034e-08,0.0,-3.375592476978449e-07,-0.0,-4.968002993366267e-05,-4.9959388334573395e-05,-0.11970793447881878,0.4419342125001169
930,2025-08-21 20:09:39,111.578125,0.011053242063492,113.0,0.007886032085068,7.061245353560643,7.061229531890179,0.007886138091878263,0.007886032085068002,-1.421875,0.027727285119292303,2.1401307119802238,0.006700074739164787,0.08584393900910954,0.2214729634519679,0.0034807418605526585,0.017285849472436606,1.4148967234281282,5.5214275629469025,0.015625,-4.409126984129992e-05,0.0003875820779199995,0.006023608361880761,0.00038985618067451593,0.00043323882998894223,-9.436108071757337e-05,4.0358626224059074e-05,1.0478996461072942e-05,1.408087180150146e-07,6.314737117469847e-08,1.6269248035059577e-06,-3.7578035743420785e-07,-3.80385550917317e-06,0.00038985618067451593,0.0003873666169825892,0.5867409470326157,-0.055591047596048604
934,2025-08-21 20:29:38,111.59375,0.0110091507936507,113.0,0.008273614162988,7.067266293517148,7.06725314025206,0.008273705336803265,0.008273614162987997,-1.40625,0.02895213455788635,2.2248561357370207,0.006931625684384148,0.08909034371156534,0.22784424035980552,0.0035273975619176633,0.01772729706409249,1.447007029785584,5.68996184140939,0.0,-4.409523809519901e-05,-3.8422240024300544e-05,0.008633962167987619,-3.825816711126431e-05,0.0,-9.810556103288833e-05,5.984739392162402e-05,0.0,0.0,1.3147545953036955e-07,0.0,-5.508996218820965e-07,-0.0,-3.825816711126431e-05,-3.8677591273616036e-05,-0.4270258915993974,0.6645923016304955
937,2025-08-21 20:44:37,111.59375,0.0109650555555555,113.0,0.0082351919229637,7.075900364802747,7.075887102420047,0.008235283409757994,0.008235191922963694,-1.40625,0.028853794335866094,2.2257452304035574,0.006898193753131169,0.08890857652862824,0.22773698462871675,0.0035116153432151738,0.017669542197842916,1.4475981132974516,5.70118797437545,0.015625,-4.409126984129992e-05,0.0003804837711101003,0.0028807187773054466,0.0003835742482165382,0.0004508405364979077,-9.813593355170951e-05,1.987175627413609e-05,1.0853097720779815e-05,1.447912754241414e-07,1.4570641378416658e-08,7.953278436830787e-07,-1.838660214171112e-07,-3.927697146783782e-06,0.0003835742482165382,0.00038027258353339876,0.8122493890925009,-0.05550501565030341
940,2025-08-21 20:59:45,111.609375,0.0109209642857142,113.0,0.0086156756940738,7.078778947236156,7.078767821197353,0.008615754948637172,0.008615675694073857,-1.390625,0.03006465301610892,2.3086026323042192,0.007123320762633971,0.09214331787722059,0.23415182981663962,0.003556055868855179,0.018101568614710677,1.478615522061198,5.866551619009808,-0.015625,-4.409126984120104e-05,0.0,0.08036734406959667,1.2032039538873951e-05,-0.0004697602033767019,-0.00010178922161703235,0.0005724823706487061,1.1247963608059154e-05,-1.4886972415710424e-07,1.1484122393153564e-05,-2.2730859266529146e-05,-5.239471520455428e-06,4.04162047611088e-06,1.2032039538873951e-05,-4.125483788461781e-07,inf,-inf
943,2025-08-21 21:14:36,111.59375,0.010876873015873,113.0,0.0086156756940738,7.159146052134562,7.1591351652669495,0.00861575256751227,0.008615675694073816,-1.40625,0.029820923747708332,2.3237997557072396,0.007061097262074633,0.09067917772984764,0.2287414798334931,0.0034987387916415647,0.017811871230097576,1.476023537856032,5.861868273009502,0.0,-3.5825396825398675e-05,-0.0005483407618384999,-0.06751913247329622,-0.0005600102098358228,0.0,-8.325104839097636e-05,-0.00047675916144484636,0.0,0.0,7.975083368106644e-06,-0.0,3.570352913817076e-06,-0.0,-0.0005600102098358228,-0.0005484647735538991,2.1281379772309927,0.02261581192386508
946,2025-08-21 21:29:39,111.59375,0.0108410476190476,113.0,0.0080673349322353,7.091630004775809,7.091616032793653,0.00806742957414662,0.008067334932235312,-1.40625,0.028422343144930456,2.215480305399389,0.006773668337042004,0.08810640131851598,0.22725231705550689,0.003464512299474825,0.017471282466678385,1.4455549134725583,5.714375178855999,0.0,-8.265873015901246e-06,0.0004234120801101006,0.06426692642981546,0.0004170099658029875,0.0,-1.831287887366146e-05,0.0004353228446766489,0.0,0.0,7.154629885633869e-06,0.0,-7.679109379572792e-07,-0.0,0.0004170099658029875,0.0004233966847506641,-1.512029204610399,-0.003636022721054122
947,2025-08-21 21:34:40,111.59375,0.0108327817460317,113.0,0.0084907470123454,7.15589437422065,7.155882959223469,0.008490826743640906,0.008490747012345368,-1.40625,0.029505003627292907,2.3069863094738183,0.0069847646542069665,0.09010493040360425,0.22842552954201384,0.003479742993867683,0.017707117221187563,1.4717086983766814,5.848454319061922,0.015625,-3.306746031749887e-05,-3.673106931499984e-05,-0.06044102329916612,-2.6292453716553042e-05,0.00046101568167645167,-7.628617824153864e-05,-0.00042216632320411524,1.0999137012158722e-05,1.4522904049047715e-07,6.3559546607898354e-06,-1.6722441945732235e-05,2.9414028328401127e-06,-3.0217739236607026e-06,-2.6292453716553042e-05,-3.673931209231603e-05,-28.419035419107676,0.022440885794816623
949,2025-08-21 21:44:39,111.609375,0.0107997142857142,113.0,0.0084540159430304,7.095453595964043,7.095441935924303,0.008454097598813569,0.008454015943030392,-1.390625,0.0296525217939823,2.3005031775940643,0.0070030245489302485,0.09138900148430876,0.2337398698952891,0.0035103878011308242,0.01791119303586571,1.4773898882974337,5.883851499535868,-0.015625,-1.3777777777701158e-05,-0.000480062977374001,0.0003981853377066358,-0.00048122069673061654,-0.00046332065303097346,-3.16958215577864e-05,2.788501694983652e-06,1.1155883970252534e-05,-1.4860780709285045e-07,2.782887365915256e-10,-1.1143710074554579e-07,-8.105122106389843e-09,1.266662475587483e-06,-0.00048122069673061654,-0.0004800732981891444,0.241159891760101,0.0021498877501135993
950,2025-08-21 21:49:39,111.59375,0.0107859365079365,113.0,0.0079739529656564,7.095854556909756,7.095840121262009,0.007974049809713432,0.007973952965656346,-1.40625,0.02818101334247739,2.206739439986857,0.006708649316361542,0.08765433702070893,0.22697103699119245,0.003442633866741809,0.017371292099158685,1.4434086835154376,5.714103330047974,0.0,-2.755952380959978e-05,0.0004362296468656008,0.07313762973802973,0.00042983802160443605,0.0,-6.081668813790067e-05,0.0004906547097423367,0.0,0.0,9.20751858522034e-06,0.0,-2.9093897501953397e-06,-0.0,0.00042983802160443605,0.00043613615043946107,-1.4651973581093936,-0.02143284547749813
952,2025-08-21 21:59:40,111.59375,0.0107583769841269,113.0,0.008410182612522,7.168989398819937,7.168977751000039,0.008410263223130564,0.008410182612522028,-1.40625,0.029300433979216202,2.305827262281108,0.006920640517941894,0.0897309571191004,0.22821469843712724,0.0034526527862420403,0.017601415826842652,1.4719985910128328,5.864460719070789,0.015625,-1.6535714285699846e-05,0.0,-0.060733612550656346,1.0473861279075236e-05,0.00045781928092525315,-3.8128500801257877e-05,-0.00042031549981905663,1.0953485976452685e-05,1.4509499768392387e-07,6.367678667327429e-06,-1.6703087018288316e-05,1.4782894193944363e-06,-1.5152038576603819e-06,1.0473861279075236e-05,1.0153848984840341e-07,inf,inf
953,2025-08-21 22:04:39,111.609375,0.0107418412698412,113.0,0.008410182612522,7.108255881344255,7.108244138449383,0.008410264370240492,0.008410182612521938,-1.390625,0.02954031296835277,2.3035939133212087,0.006962293271054328,0.09118244782922186,0.23362422715688297,0.003489849038700967,0.017838525104481338,1.4787498458792316,5.9021814010842375,-0.015625,-2.755555555549946e-05,0.0,0.07546930360773452,1.1377360110549408e-05,-0.000461567390130512,-6.347681005583297e-05,0.0005254394246792861,1.1130669901028059e-05,-1.4853428341985255e-07,9.938419639599534e-06,-2.1035329172254627e-05,-3.0752060919360163e-06,2.541216992128318e-06,1.1377360110549408e-05,-2.535385219133832e-07,inf,-inf
955,2025-08-21 22:14:41,111.59375,0.0107142857142857,113.0,0.008410182612522,7.183724970000771,7.183713442057117,0.008410262229853041,0.008410182612522,-1.40625,0.029300433979216178,2.3153161684704253,0.0069064444588406914,0.08973095711910035,0.22821469843712727,0.0034385027108272477,0.017565310680405004,1.475024254814146,5.888594060940968,0.0,-1.653571428580046e-05,-8.244095447200103e-05,-0.006431879028305332,-8.27068219180942e-05,0.0,-3.82854066431212e-05,-4.4421415274973006e-05,0.0,0.0,7.112382594709886e-08,-0.0,1.5687725768908585e-07,-0.0,-8.27068219180942e-05,-8.247882083445801e-05,0.3224943813374459,0.04593149448535172
956,2025-08-21 22:19:39,111.59375,0.0106977499999999,113.0,0.00832774165805,7.177293499559806,7.177281563028812,0.008327823542863315,0.008327741658049954,-1.40625,0.029090410423208455,2.3012377049233406,0.0068599971846317305,0.08934525838851236,0.22799306261732513,0.0034298617297703437,0.017505481498182256,1.4712009787782863,5.872345568406752,-0.015625,-2.4801587301500477e-05,-0.0004877480728139993,0.0016429274217903966,-0.0004895800836883023,-0.0004545376628626321,-5.7074347840160825e-05,1.1270477488036388e-05,1.090640361187895e-05,-1.4495408542462993e-07,4.62895942003071e-09,-4.49378681015751e-07,-5.99473321178387e-08,2.2756795512409298e-06,-0.0004895800836883023,-0.00048780910119077485,0.37560596882186825,0.012512274302478588
958,2025-08-21 22:29:44,111.578125,0.0106729484126984,113.0,0.007839993585236,7.178939323863901,7.178924490450602,0.007840090896788186,0.007839993585235981,-1.421875,0.027608392315407418,2.2063105051961407,0.00656026908645613,0.08562051935131804,0.2213278652441088,0.0033587828251861918,0.016958205385026123,1.4369373945346038,5.703282319242272,0.015625,-1.928968253969883e-05,0.0,-0.05936432505270961,9.968594238067346e-06,0.0004313811299282409,-4.25590292292361e-05,-0.000389445946481624,1.045172355362769e-05,1.407164670588867e-07,5.918382052526803e-06,-1.572988151230158e-05,1.6454642899480659e-06,-1.7189766464446986e-06,9.968594238067346e-06,8.358242179593654e-08,inf,inf
959,2025-08-21 22:34:55,111.59375,0.0106536587301587,113.0,0.007839993585236,7.119575116939909,7.119560165397893,0.007840092247470516,0.007839993585235995,-1.40625,0.027833158351842024,2.204893816643496,0.006598774562766581,0.08699841617276703,0.22655245457736034,0.0033941426281129373,0.017183859662785263,1.4438033915274524,5.741760921843007,-0.015625,-2.2043650793701283e-05,-5.607131511460063e-05,0.06472329216838979,-4.5926708921816846e-05,-0.00043489309924753163,-4.8603909331280456e-05,0.00042709441397928,1.0619923849214726e-05,-1.4403817149948143e-07,7.109209161886095e-06,-1.737806202398529e-05,-2.0599286590141766e-06,1.977646448469181e-06,-4.5926708921816846e-05,-5.627784399446105e-05,-18.09232790786138,0.3683325055570785
961,2025-08-21 22:44:41,111.578125,0.010631615079365,113.0,0.0077839222701214,7.184298561512503,7.184283457566282,0.007784020730865003,0.007783922270121327,-1.421875,0.027463275710566313,2.202547170466222,0.00651885016755002,0.08534700697007905,0.2211482723669896,0.003343060327527951,0.01689142365447397,1.4361102686798484,5.7071655919482955,0.0,-2.2047619047598638e-05,-1.9740907703100045e-05,0.004427131110992022,-1.970111656414931e-05,0.0,-4.856092094880556e-05,2.885980438465625e-05,0.0,0.0,3.2761138518632936e-08,0.0,-1.4017542057226026e-07,-0.0,-1.970111656414931e-05,-1.9808530846202937e-05,-0.20156691652272185,0.3425533623880428
963,2025-08-21 22:54:39,111.578125,0.0106095674603174,113.0,0.0077641813624183,7.188725762449269,7.188710588677274,0.00776428002217789,0.007764181362418375,-1.421875,0.027412102157891634,2.202764829621634,0.0065019677091731265,0.0852503420324351,0.22108428357192747,0.003335162257944999,0.01686190153047632,1.43632075774121,5.712548156687169,0.03125,-2.204365079360067e-05,0.0004168137086963007,-0.06228641731890505,0.0004458375760084508,0.0008566281924341136,-4.855697868460457e-05,-0.00040498427412760245,4.162614357052495e-05,1.124492816019325e-06,6.469544049975146e-06,-3.282085735992287e-05,1.9720971735639214e-06,-3.935169272113724e-06,0.0004458375760084508,0.0004175231905999533,6.963270810581124,0.1702155876474709
964,2025-08-21 23:00:04,111.609375,0.0105875238095238,113.0,0.0081809950711146,7.126436794840983,7.126424171358369,0.00818108087633515,0.008180995071114534,-1.390625,0.02895034994546405,2.2876017251763905,0.006797248423509477,0.09008802671906894,0.2329911205864897,0.0034303924102956416,0.017579456280431574,1.4754951382201376,5.916334376670458,-0.015625,-2.2047619047700986e-05,0.0,0.07400399174296979,1.108706874988366e-05,-0.0004523492178978758,-5.0436171369552625e-05,0.0005030235162083097,1.0997073574105096e-05,-1.481317651026978e-07,9.393427746833692e-06,-2.0327342772233696e-05,-2.407435304859855e-06,2.038141976494496e-06,1.108706874988366e-05,-2.1613960388170213e-07,inf,-inf
966,2025-08-21 23:10:22,111.59375,0.0105654761904761,113.0,0.0081809950711146,7.200440566194039,7.200428163101339,0.008181078720445836,0.008180995071114534,-1.40625,0.0287148160024946,2.29810773310892,0.006744210757281761,0.08865101982618787,0.2275833846473939,0.0033813658572750056,0.017313622718913603,1.4713720491737237,5.899662939137201,-0.015625,-1.928968253959995e-05,-0.0005040704472492,-0.003655359566282712,-0.0005069743198866651,-0.0004486690000389781,-4.432976861347076e-05,-2.465251530865666e-05,1.0821657693626448e-05,-1.44693619186016e-07,2.259031957025627e-08,9.88867444259227e-07,1.0374751081727487e-07,1.7781660185406217e-06,-0.0005069743198866651,-0.0005040809485934777,0.5760846828676502,0.00208330885791419
967,2025-08-21 23:14:39,111.578125,0.0105461865079365,113.0,0.0076769246238654,7.196788418538543,7.196772803535056,0.007677025150034246,0.0076769246238653915,-1.421875,0.02718539037149635,2.1965831688767516,0.0064377677082676455,0.08482074097949616,0.22079663368605937,0.003310924775080816,0.01675813512147836,1.4349139881673485,5.717919505285658,0.0,-2.4801587301599357e-05,-2.6246419636700123e-05,0.004391287302086155,-2.620866163702452e-05,0.0,-5.447874922812052e-05,2.8270087591096e-05,0.0,0.0,3.1922950306286046e-08,0.0,-1.5627776725764245e-07,-0.0,-2.620866163702452e-05,-2.6333016453975877e-05,-0.1438596204672682,0.3299376390167419
969,2025-08-21 23:24:37,111.578125,0.0105213849206349,113.0,0.0076506782042287,7.201179820351769,7.201164090837143,0.007650779136202997,0.007650678204228718,-1.421875,0.02711702963672052,2.195894602635277,0.006416699319174803,0.08469076826666495,0.22070855487719548,0.003301820768183501,0.01672225276499224,1.4348706323908613,5.722615750564977,0.0,-1.6535714285699846e-05,0.0,0.005665458247507971,4.285632891033259e-08,0.0,-3.631068575068733e-05,3.635354207959766e-05,0.0,0.0,5.298995928248606e-08,0.0,-1.344221229224761e-07,-0.0,4.285632891033259e-08,-3.857583472965746e-08,inf,-inf
970,2025-08-21 23:30:11,111.578125,0.0105048492063492,113.0,0.0076506782042287,7.206845216137967,7.206829549084651,0.00765077865637407,0.007650678204228753,-1.421875,0.02711702963672057,2.199351166840767,0.00641165500088867,0.08469076826666506,0.2207085548771956,0.0032966315307155158,0.016709107008706633,1.4359995053835954,5.731623736987197,0.0,-2.7555555555600075e-05,-4.918881080590021e-05,0.0017737823287502508,-4.923146292553511e-05,0.0,-6.060434326415461e-05,1.1372880338619496e-05,0.0,0.0,5.186102073377586e-09,0.0,-7.018814839926824e-08,-0.0,-4.923146292553511e-05,-4.9296464971861e-05,0.08671102012041132,0.21885905391287874
972,2025-08-21 23:39:26,111.578125,0.0104772936507936,113.0,0.0076014893934228,7.208619287957126,7.208603331413401,0.007601591163749907,0.00760148939342279,-1.421875,0.02698870424829283,2.194080588882881,0.006377941902575127,0.0844462394657006,0.2205415183312935,0.0032854956363616346,0.016656762928963988,1.4346155454905465,5.730105537855103,0.0,-1.3777777777800038e-05,0.0,0.0047443833991875906,2.984690334737044e-08,0.0,-3.022955478021298e-05,3.0259401683560352e-05,0.0,0.0,3.697689621222692e-08,0.0,-9.377660067814962e-08,-0.0,2.984690334737044e-08,-2.6952801118552263e-08,inf,-inf
973,2025-08-21 23:44:28,111.578125,0.0104635158730158,113.0,0.0076014893934228,7.213363618261098,7.213347714812588,0.007601590758394651,0.007601489393422742,-1.421875,0.026988704248292673,2.1969696325988695,0.0063737469846424045,0.08444623946570032,0.2205415183312933,0.0032811751667559813,0.016645807395881545,1.4355597458946059,5.737650623245312,-0.015625,-4.4095238095200745e-05,-7.839793721579977e-05,0.06905621833305631,-6.825937722594866e-05,-0.000421698503879573,-9.687589903737285e-05,0.00044014686337112517,1.030837884102787e-05,-1.402165211558617e-07,7.823570561226779e-06,-1.796088296656249e-05,-4.371351763171965e-06,3.953172974048109e-06,-6.825937722594866e-05,-7.881486842040824e-05,-12.932176980554356,0.5318139984484604
976,2025-08-21 23:59:26,111.5625,0.0104194206349206,113.0,0.007523091456207,7.282420090487947,7.282403933145645,0.007523192885760421,0.00752309145620704,-1.4375,0.026568930493136314,2.193784599062733,0.0062775876564627,0.08273217661391342,0.21522325942081375,0.003223596151090888,0.016330802984053875,1.427772137652396,5.707011361261108,0.015625,-4.13333333332995e-05,-0.00045324860676040045,-0.12505693343300628,-0.00045035677489711404,0.0004151395389552549,-9.067643009451874e-05,-0.0007850558616741177,1.0099142653065604e-05,1.3683526320191304e-07,2.5207291454343733e-05,-3.1910627213818214e-05,7.380182613931024e-06,-3.6857781708114484e-06,-0.00045035677489711404,-0.00045336570621346895,-0.6380233320419482,0.025835590296785504
979,2025-08-22 00:14:28,111.578125,0.0103780873015873,113.0,0.0070698428494466,7.157367581774051,7.157346999712638,0.007069967787996907,0.007069842849446652,-1.421875,0.02558375859381915,2.093196382795325,0.006070230995056914,0.08172140510148114,0.21856256448444492,0.0032251841426895614,0.01623473374748126,1.4045937461808498,5.5982195708113,-0.015625,-3.582539682540041e-05,-5.339646807550006e-05,0.06941750893204102,-4.3518705634151546e-05,-0.00039974622802842425,-7.498959104713526e-05,0.0004213803143189155,9.975757458676897e-06,-1.3895833618446662e-07,7.770743428482932e-06,-1.76089808582045e-05,-3.4930979581844046e-06,3.1337255881255873e-06,-4.3518705634151546e-05,-5.3716315433931916e-05,-18.49890600888027,0.5990047094118767
982,2025-08-22 00:29:26,111.5625,0.0103422619047619,113.0,0.0070164463813711,7.226785230630429,7.2267645086446795,0.0070165705204720125,0.007016446381371194,-1.4375,0.02523593718626573,2.0930192295118117,0.005990662354479778,0.08015219275623121,0.21331427714477272,0.0031713436757432947,0.01594334185779228,1.397625419916386,5.570289079317942,0.0,-5.511904761898792e-06,0.0,0.0019265208608008066,4.613338027473327e-09,0.0,-1.1536522657891895e-05,1.1541135995919368e-05,0.0,0.0,5.885193478543427e-09,0.0,-1.4841104119343323e-08,-0.0,4.613338027473327e-09,-4.342572613326569e-09,inf,-inf
983,2025-08-22 00:34:27,111.5625,0.01033675,113.0,0.0070164463813711,7.228711723457589,7.22869102950548,0.007016570319490205,0.007016446381371062,-1.4375,0.025235937186265465,2.0941352981656562,0.00598906578105461,0.08015219275623064,0.21331427714477236,0.0031696535092720743,0.01593909279242825,1.3979980008305424,5.5732593458815165,0.0,-3.857936507940113e-05,0.0,0.013527529419212314,2.268533532206275e-07,0.0,-8.079041019359338e-05,8.101726354681401e-05,0.0,0.0,2.9001386984625833e-07,0.0,-7.295920841948653e-07,-0.0,2.268533532206275e-07,-2.1272486112797944e-07,inf,-inf
985,2025-08-22 00:44:26,111.5625,0.0102981706349206,113.0,0.0070164463813711,7.242239057013615,7.242218558924693,0.0070165689171293455,0.0070164463813710415,-1.4375,0.025235937186265375,2.101980420669216,0.005977878979263448,0.08015219275623046,0.21331427714477216,0.0031578235607960603,0.01590932062456131,1.4006141672992758,5.5941380839224,0.0,-5.511904761898792e-06,-6.744523187769951e-05,-0.009380397165754673,-6.766079492441197e-05,0.0,-1.1585915890104679e-05,-5.6074879034307284e-05,0.0,0.0,1.3893137010287332e-07,-0.0,7.241715294647793e-08,-0.0,-6.766079492441197e-05,-6.744944640136262e-05,0.3196119884402604,0.006248808916176074
986,2025-08-22 00:49:26,111.5625,0.0102926587301587,113.0,0.0069490011494934,7.232859400238448,7.232838161758938,0.006949127319025153,0.006949001149493303,-1.4375,0.025056160146839212,2.087275624648647,0.005940576907658279,0.07979805422707106,0.21303702395140234,0.003152031240104368,0.015859569975988325,1.3960779960543,5.572403883133798,0.0,-4.133730158730094e-05,0.0,0.014568132206194129,2.6076777990661517e-07,0.0,-8.628234199192307e-05,8.654310977182969e-05,0.0,0.0,3.3447854519109913e-07,0.0,-8.407283250925686e-07,-0.0,2.6076777990661517e-07,-2.4548199999485433e-07,inf,-inf
989,2025-08-22 01:04:25,111.5625,0.0102513214285714,113.0,0.0069490011494934,7.24742731600043,7.247406293965132,0.006949125782175172,0.0069490011494934695,-1.4375,0.025056160146839666,2.0956923290309577,0.005928635654986538,0.07979805422707197,0.21303702395140311,0.00313937207502364,0.015827690389999795,1.3988899280181946,5.594873975549591,0.0,-4.133333333340011e-05,-7.461022289589978e-05,0.0020026583143515353,-7.474891811286645e-05,0.0,-8.66219496000862e-05,1.1873031487219751e-05,0.0,0.0,6.295446118129562e-09,0.0,-1.1579527320212842e-07,-0.0,-7.474891811286645e-05,-7.485841793995045e-05,0.18589304733773737,0.3326555456039326
992,2025-08-22 01:19:26,111.5625,0.010209988095238,113.0,0.0068743909265975,7.249430632574477,7.249408952279484,0.006874518345457846,0.0068743909265974595,-1.4375,0.02485662583262403,2.0864760156217086,0.005877139893949242,0.07940323432988072,0.2127235690819087,0.003122113592610313,0.015745028332732287,1.3962121138784396,5.589729796180671,0.0,-4.409126984119931e-05,-6.607743891600022e-05,0.004402647228585188,-6.612040335586406e-05,0.0,-9.199537702196713e-05,2.5874973666103076e-05,0.0,0.0,3.0258436288805266e-08,0.0,-2.7103033171870406e-07,-0.0,-6.612040335586406e-05,-6.636117525129396e-05,0.06502134551318317,0.4293997163758556
995,2025-08-22 01:34:26,111.5625,0.0101658968253968,113.0,0.0068083134876815,7.253833844447259,7.253811599508069,0.006808443161493059,0.006808313487681475,-1.4375,0.024679326932878106,2.0797400701557525,0.005829327846971018,0.07905084412914576,0.21243991757206312,0.0031044857827230046,0.015665638247808013,1.3943030956881912,5.589058712053746,-0.015625,-4.684920634919973e-05,-3.6121902923000326e-05,0.07677017415414866,-2.6015445427931218e-05,-0.0003856144833262204,-9.743417169942597e-05,0.0004475185140135935,9.649761246233613e-06,-1.3506566211195827e-07,9.148391279763813e-06,-1.8791465258126774e-05,-5.014780812732467e-06,4.091296326543725e-06,-2.6015445427931218e-05,-3.6582003892482924e-05,-27.97875160844282,1.2737451026967772
998,2025-08-22 01:49:25,111.546875,0.0101190476190476,113.0,0.0067721915847585,7.330603883328516,7.330581773662217,0.006772318887894153,0.006772191584758509,-1.453125,0.02438580150392637,2.085562346583963,0.005757770760678023,0.0776204734743449,0.20742578245256632,0.003050038709612228,0.015386534657133851,1.3892774296960935,5.573264143213084,0.0,-3.582539682540041e-05,-0.00043703724848859985,-0.06461563285302763,-0.00044675810019435244,0.0,-7.471609867048372e-05,-0.0003720420015238687,0.0,0.0,6.367230323520392e-06,-0.0,3.216011492394595e-06,-0.0,-0.00044675810019435244,-0.0004371748583784374,2.2242616022707606,0.031486993457297
1001,2025-08-22 02:04:25,111.546875,0.0100832222222222,113.0,0.0063351543362699,7.265994335591761,7.26596614080919,0.006335309769072907,0.006335154336269987,-1.453125,0.02320551335538524,1.9862532555583445,0.005512779051617393,0.07524504014626895,0.20539732096848692,0.0030095189890502324,0.015048301470665833,1.3576930827645963,5.421900189880471,0.015625,-8.26587301589951e-06,0.0003519336194415003,-0.0004965433824795085,0.0003527464686973874,0.00036258614617789436,-1.6418117187862276e-05,-2.7373339571522773e-06,9.185185564730097e-06,1.3058809977753127e-07,3.710064747728168e-10,-1.1675210176274648e-07,5.572467353874131e-09,-7.002615386630223e-07,0.0003527464686973874,0.0003519353985307903,0.23096664000930023,0.0005055184249869171
1002,2025-08-22 02:09:25,111.5625,0.0100749563492063,113.0,0.0066870879557114,7.265492872831928,7.26546959742671,0.006687221525863041,0.006687087955711345,-1.4375,0.024352607311104633,2.0691881691730067,0.005738646402180458,0.07839757020340334,0.21190436523075196,0.003068957892990012,0.01551124888160116,1.3913741011736884,5.5929029993400645,0.0,-3.582539682540041e-05,-2.7316206484300463e-05,0.008177530588348247,-2.7201530777501404e-05,0.0,-7.412948726704672e-05,4.6927956489545316e-05,0.0,0.0,1.0261368611998986e-07,0.0,-4.0762151813207096e-07,-0.0,-2.7201530777501404e-05,-2.7506538609513483e-05,-0.4198083173260758,0.6967736362748944
1004,2025-08-22 02:19:26,111.5625,0.0100391309523809,113.0,0.0066597717492271,7.273670553104273,7.2736471280150585,0.006659905597221162,0.0066597717492271336,-1.4375,0.02427872464564246,2.0699221189799126,0.005713837596996519,0.07824913495500753,0.2117809164146191,0.0030562635075835425,0.015464474632620706,1.391754924501783,5.602234497755337,0.0,-8.26587301589951e-06,-8.98527069639974e-06,0.0014224294422184869,-8.982182562266817e-06,0.0,-1.7109713388289595e-05,8.127530826022778e-06,0.0,0.0,3.0918774098154334e-09,0.0,-1.6363727126829478e-08,-0.0,-8.982182562266817e-06,-8.995454411983832e-06,-0.034368849167343285,0.11333788294405345
1005,2025-08-22 02:24:26,111.5625,0.010030865079365,113.0,0.0066507864785307,7.275093053169421,7.275069557457277,0.006650920561863526,0.006650786478530631,-1.4375,0.02425440079244756,2.069437047014004,0.0057066791306644915,0.07820020926096588,0.21174008331613553,0.0030531582984791358,0.015451783646165998,1.3916356117410507,5.603345270982087,0.0,-3.3071428571401426e-05,-3.193521627050007e-05,0.006408793269287116,-3.186631268075169e-05,0.0,-6.843923948333553e-05,3.6572926802583844e-05,0.0,0.0,6.270062234617799e-08,0.0,-2.949543134330135e-07,-0.0,-3.186631268075169e-05,-3.2098566371838524e-05,-0.21576052331929718,0.5115046034285031
1007,2025-08-22 02:34:25,111.5625,0.0099977936507936,113.0,0.0066188512622602,7.281502077432114,7.281478350726564,0.006618986035232234,0.006618851262260153,-1.4375,0.024167864246624614,2.068464181269634,0.005680186649549818,0.07802591589226857,0.21159404185041616,0.0030409932542269035,0.015403774988075632,1.3914626650000927,5.609350323320231,0.015625,-1.1019841269799616e-05,0.00037075728937450026,0.001223341801015465,0.000371436717474496,0.0003776228788535096,-2.2794146949857385e-05,6.948809765964274e-06,9.52464793606794e-06,1.3452786881155407e-07,2.27552228124643e-09,2.9443877869295966e-07,-1.8758353361955672e-08,-9.658460967138765e-07,0.000371436717474496,0.0003707488273253944,0.1832541448185676,-0.00228236891043343
1008,2025-08-22 02:39:25,111.578125,0.0099867738095238,113.0,0.0069896085516347,7.282721195740252,7.28270169252758,0.006989723869956117,0.006989608551634774,-1.421875,0.025368775323658357,2.155893223690364,0.005912755702893078,0.08129656593364824,0.21823447755996744,0.003098917362494067,0.01587234512234806,1.425948307579112,5.787332170108394,0.0,-3.0313492063499883e-05,0.0003794801069574999,0.07430708952054665,0.00037400701520190775,0.0,-6.535265212609102e-05,0.00043935966732799875,0.0,0.0,8.55540359210196e-06,0.0,-3.211959069840584e-06,-0.0,0.00037400701520190775,0.00037935045972416914,-1.4422605178102565,-0.03416443469730357
1010,2025-08-22 02:49:25,111.578125,0.0099564603174603,113.0,0.0073690886585922,7.357024568032718,7.357008782048126,0.007369184950246063,0.00736908865859217,-1.421875,0.026378658507422294,2.25362439526502,0.0060997947743838534,0.08327391482603579,0.2197166072274788,0.0031104932963470894,0.016094190064335726,1.4555233661346223,5.946144205266741,-0.015625,-1.3777777777800038e-05,-0.0008204401373177999,-0.06781282366311459,-0.0008468352019584318,-0.00041216653917847335,-3.1049936112590446e-05,-0.0004136443074164801,1.0165272805912572e-05,-1.396920568005109e-07,7.151924658795431e-06,1.7053007388022646e-05,1.3599100579231453e-06,1.2800727108581025e-06,-0.0008468352019584318,-0.0008199902871428324,3.217183489696551,-0.05483034709127255
1011,2025-08-22 02:54:25,111.5625,0.0099426825396825,113.0,0.0065486485212744,7.289220315050873,7.289195958385012,0.006548785575497672,0.006548648521274396,-1.4375,0.02397716101967316,2.0626132496615113,0.005626933028172015,0.07764054003159507,0.21126792965437463,0.0030195693108435433,0.015311466028983771,1.3898243926894362,5.612583719231465,-0.015625,-2.7559523809499165e-05,-0.0007596624576820003,-0.06464976983680337,-0.0007859244206025914,-0.0003746431409323931,-5.6844638963834866e-05,-0.0003637799251584278,9.47760498432557e-06,-1.3432053226113295e-07,6.3102849846912425e-06,1.5466918041216164e-05,2.4762735683155534e-06,2.4168771037963585e-06,-0.0007859244206025914,-0.0007592540669045721,3.457056835574801,-0.05375950506681937
1013,2025-08-22 03:04:26,111.546875,0.009915123015873,113.0,0.0057889860635924,7.224583995600061,7.224546188548208,0.005789181327372307,0.005788986063592384,-1.453125,0.02169362854415084,1.881597433641438,0.005164689804455337,0.07210004964407572,0.20245070223682038,0.002916892131429676,0.014502002188749438,1.323125880182117,5.2833628221920135,0.015625,-1.6535714285699846e-05,0.0003407131054728998,0.004699212815754805,0.00034104935523880957,0.00033896294600235685,-3.11135575634009e-05,2.4269976518494695e-05,8.801275591317837e-06,1.2871469004110996e-07,3.2206282677185326e-08,1.0648124146793061e-06,-1.028132854664463e-07,-1.365065282741499e-06,0.00034104935523880957,0.00034067849536795815,0.09869000062179278,-0.010158137267313183
1014,2025-08-22 03:09:26,111.5625,0.0098985873015873,113.0,0.0061296991690653,7.229276283621394,7.229245401363963,0.006129865520477271,0.006129699169065361,-1.4375,0.022825228709627245,1.9669961102888955,0.005386587849377397,0.07527444497131687,0.20916849075629435,0.002976304314332877,0.014967954279965686,1.358932406572502,5.4657806891755305,0.0,-2.7555555555600075e-05,0.00033661135479690074,0.07161381280706003,0.0003315524233193821,0.0,-5.4201670594714915e-05,0.000385754093914097,0.0,0.0,7.632045162767942e-06,0.0,-2.6816606759453576e-06,-0.0,0.0003315524233193821,0.00033650280780620466,-1.5028998295589346,-0.03224697834735002
1016,2025-08-22 03:19:25,111.5625,0.0098710317460317,113.0,0.0064663105238622,7.300884294217672,7.300859214171023,0.006466450031629711,0.006466310523862179,-1.4375,0.02375265895553031,2.0570675293777243,0.0055624627980239965,0.07718458918406745,0.21087638794597166,0.0029922533098608256,0.015197231407604279,1.3883291864335132,5.620124106920314,-0.015625,-1.6535714285699846e-05,-0.0004002725030858006,-0.001108675162122097,-0.0004020294661316029,-0.0003711352961801611,-3.4015080932180525e-05,-6.166964344397387e-06,9.421946921883234e-06,-1.3407159674706247e-07,1.8389799594514335e-09,2.6326239054113587e-07,2.5451872062393152e-08,1.452074476284505e-06,-0.0004020294661316029,-0.0004002868384127554,0.4389417290114883,0.0035813918878524476
1018,2025-08-22 03:29:25,111.546875,0.009854496031746,113.0,0.0060660380207764,7.299781818469783,7.299750539008901,0.006066203902353365,0.0060660380207763626,-1.453125,0.022465888945194617,1.9641685769395674,0.005303165181795139,0.07372125448899733,0.2040070776785881,0.002921343518455503,0.01467532313013383,1.3510708218608376,5.435397080896881,0.0,-2.480158730160109e-05,0.0003546904554810005,0.07497676420030075,0.0003488996669146709,0.0,-4.871449843602826e-05,0.0003976141653506992,0.0,0.0,8.211188452812708e-06,0.0,-2.512373968963861e-06,-0.0,0.0003488996669146709,0.00035459848139851976,-1.632631630438619,-0.02593080277731863
1019,2025-08-22 03:34:25,111.546875,0.0098296944444444,113.0,0.0064207284762574,7.374752400237539,7.374727303209202,0.006420866235043503,0.006420728476257437,-1.453125,0.023438609564121644,2.059064919459445,0.005489010825051982,0.07571956377405539,0.20581599736419273,0.0029398293441527923,0.014919872503122029,1.382008907281292,5.596816448926426,-0.015625,-1.928968253969883e-05,-0.00073680443343,-0.06649549871101179,-0.0007618292387811764,-0.0003662282744394007,-3.971870862500323e-05,-0.0003649945122419739,9.243110812262621e-06,-1.3085428706117804e-07,6.4994501924459755e-06,1.550163066874705e-05,1.7726711227133238e-06,1.6868876958243014e-06,-0.0007618292387811764,-0.0007363685991014457,3.396397227779957,-0.059151968796578025
1021,2025-08-22 03:44:25,111.53125,0.0098104047619047,113.0,0.0056839240428274,7.308270588803453,7.30823180449819,0.005684119662364484,0.005683924042827401,-1.46875,0.021226752729728907,1.8786542456307485,0.005043725773986687,0.07034807631396847,0.1971916639326035,0.0028413409945643522,0.01413799395669768,1.3153842794594126,5.266028242145677,-0.015625,-2.204365079360067e-05,-0.00034949445628740076,0.0027628851859393677,-0.0003506831337558399,-0.0003316680114020142,-4.1412398152599516e-05,1.393523522288839e-05,8.58741165941998e-06,-1.2537108353462443e-07,1.0844737326139795e-08,-6.103383447165676e-07,-8.011226441696923e-08,1.8137888693609077e-06,-0.0003506831337558399,-0.00034954895075828637,0.3401133972384507,0.01559237060997365
1022,2025-08-22 03:49:25,111.515625,0.0097883611111111,113.0,0.00533442958654,7.311042633679964,7.310994689684129,0.005334660004282815,0.0053344295865399675,-1.484375,0.02007683893591981,1.7947839777877581,0.004805910669258605,0.06715668381944015,0.1905328896639842,0.002768366392493495,0.013635039659533442,1.2793470929187853,5.092052766183957,0.0,-2.2047619047699252e-05,-2.831893871759958e-05,0.0023384823278949085,-2.833217624567597e-05,0.0,-3.957071341517881e-05,1.123853716950284e-05,0.0,0.0,7.56940525206315e-09,0.0,-6.596053585737724e-08,-0.0,-2.833217624567597e-05,-2.8390567376281283e-05,0.046744435617451785,0.25293553334040375
1024,2025-08-22 03:59:25,111.515625,0.0097663134920634,113.0,0.0053061106478224,7.313381775208989,7.313333172012024,0.005306343177578058,0.005306110647822437,-1.484375,0.0199964292701855,1.7912752019575926,0.004784181100849282,0.06698253681354466,0.1903460391466601,0.0027594220871326753,0.013595333447013084,1.2781053058836864,5.090313922618034,0.0,-2.204365079360067e-05,-1.4701598899999682e-05,0.005188334450966892,-1.4664313401988647e-05,0.0,-3.948624502718969e-05,2.482193162520104e-05,0.0,0.0,3.714018547302384e-08,0.0,-1.4617669018266714e-07,-0.0,-1.4664313401988647e-05,-1.477334990669829e-05,-0.2536152582086615,0.4880490019259831
1025,2025-08-22 04:04:28,111.515625,0.0097442698412698,113.0,0.0052914090489224,7.318570319824632,7.318521506462991,0.005291641906749384,0.005291409048922384,-1.484375,0.01995463377708787,1.7913896644121354,0.004770303473311758,0.06689187246011194,0.19024838355317222,0.002751781260776766,0.013567306333020031,1.2781498366296462,5.094923724425492,0.0,-2.4801587301599357e-05,-0.0003300061981690002,-0.06137014041599009,-0.0003371835011371282,0.0,-4.442930715310035e-05,-0.00029275419398402784,0.0,0.0,5.182008811190652e-06,-0.0,1.945442334986962e-06,-0.0,-0.0003371835011371282,-0.0003300560499909506,2.1748994436923796,0.015106328980185602
1027,2025-08-22 04:14:25,111.515625,0.0097194682539682,113.0,0.0049614028507534,7.257212645343811,7.257151366047001,0.004961682984153292,0.004961402850753319,-1.484375,0.019006976531481375,1.7066202992188686,0.00457133687398083,0.06480888350569863,0.18793311076139588,0.0027113740761236455,0.01325598455943083,1.2474030636648294,4.948865716727621,0.0,-1.653571428570158e-05,0.0,0.006181177581519037,3.605934095987114e-08,0.0,-2.822018566206175e-05,2.8256245003021623e-05,0.0,0.0,5.17966754119412e-08,0.0,-1.2749729969949507e-07,-0.0,3.605934095987114e-08,-3.9641283327682734e-08,inf,-inf
1028,2025-08-22 04:19:26,111.515625,0.0097029325396825,113.0,0.0049614028507534,7.263393557577014,7.26333254362852,0.0049616815337441035,0.0049614028507533395,-1.484375,0.019006976531481336,1.7095287174261096,0.004567446614952577,0.06480888350569859,0.18793311076139585,0.00270676122016559,0.013244703567670147,1.2484655218475698,4.957299561773478,-0.015625,-2.7559523809499165e-05,-5.63903253549998e-05,0.06291970437909633,-4.8923658906843196e-05,-0.0002969840083043959,-4.711379739092744e-05,0.0002873823907801204,7.911240662316723e-06,-1.1948465395698283e-07,5.357883879599704e-06,-1.3021138016665128e-05,-2.1648855216214186e-06,2.1347002391174367e-06,-4.8923658906843196e-05,-5.6617098326412594e-05,-13.24104161689249,0.4021487196343765
1031,2025-08-22 04:34:26,111.5,0.009675373015873,113.0,0.0049050125253984,7.326314373376943,7.326252248007616,0.00490529191060015,0.004905012525398364,-1.5,0.018694275429490533,1.7025920145705853,0.004497036759633004,0.06344199808894387,0.1832469094770659,0.0026594733047947887,0.012989314851846043,1.2392808524312116,4.917794744310916,0.015625,-1.3777777777800038e-05,-1.0831890335800086e-05,-0.06221210318324033,-3.269105966572862e-06,0.0002920980535857896,-2.345793442301041e-05,-0.0002797701149091132,7.74438453234178e-06,1.165052474193992e-07,5.146540644418176e-06,-1.2626446810041283e-05,1.062242807201006e-06,-1.0586919241241992e-06,-3.269105966572862e-06,-1.0745461249119163e-05,-69.81961721151977,-0.7979132358390761
1032,2025-08-22 04:39:26,111.515625,0.0096615952380952,113.0,0.0048941806350626,7.264103543438385,7.264040144824376,0.004894467064822019,0.004894180635062674,-1.484375,0.01881164827703931,1.6983593411621223,0.00451783310554465,0.06437290504794588,0.18743100305201513,0.0026880286909856535,0.013154323079922195,1.2442966629620695,4.945018321290346,-0.015625,-3.0313492063499883e-05,0.0002745862595646001,0.13675839436324466,0.0002801752499906325,-0.0002939320043287392,-5.148320240928888e-05,0.0006178516015153976,7.85802063573558e-06,-1.1916542247264553e-07,2.5136910030045764e-05,-2.8108814114773916e-05,-5.1583867339155576e-06,2.342199588067131e-06,0.0002801752499906325,0.0002743871587600559,2.0354224697530787,-0.07250938370330084
1034,2025-08-22 04:49:25,111.5,0.0096312817460317,113.0,0.0051687668946272,7.400849298038386,7.400798539187621,0.005169002448284533,0.005168766894627114,-1.5,0.01945012512801005,1.7829379044379359,0.004640574176528268,0.0651042063753137,0.18512243590352237,0.0026744495065477774,0.013195374667459897,1.2684519476229272,5.0697462777063445,0.015625,-1.3777777777800038e-05,0.0,-0.060276040337306824,7.692835125819225e-06,0.000303908205125157,-2.456492223896236e-05,-0.0002797154362526823,7.947290817299035e-06,1.1769767500783435e-07,4.858406362629737e-06,-1.2427577120651397e-05,1.0534111482623703e-06,-1.0914037125635458e-06,7.692835125819225e-06,8.567180349639029e-08,inf,inf
1035,2025-08-22 04:54:25,111.515625,0.0096175039682539,113.0,0.0051687668946272,7.340573904986441,7.340522498850314,0.0051690068884446445,0.005168766894627204,-1.484375,0.019604589178122883,1.7816124157069173,0.004668513578055338,0.06612859231887551,0.18941596759697943,0.002704099029709175,0.013372294579671241,1.2746557436152632,5.103175914839376,0.0,-3.0313492063499883e-05,-4.081697983340012e-05,0.002816624666820644,-4.085744332242672e-05,0.0,-5.400689382376449e-05,1.314945050133777e-05,0.0,0.0,1.0726315162465302e-08,0.0,-1.0883231188598056e-07,-0.0,-4.085744332242672e-05,-4.0955549319150236e-05,0.09913396138507835,0.33948980624167735
1037,2025-08-22 05:04:25,111.515625,0.0095871904761904,113.0,0.0051279499147938,7.343391605493806,7.343339123517135,0.005128193303843152,0.00512794991479372,-1.484375,0.01948753507700998,1.7760552415905764,0.004637503351257418,0.06587176429839842,0.18913173270607403,0.0026915310144028253,0.013315250526466715,1.2726527345046579,5.09942930482428,0.0,-1.1023809523801054e-05,-0.0003149356213328,-0.06511293603637824,-0.000321540353765957,0.0,-1.9578894687042976e-05,-0.00030196145907891405,0.0,0.0,5.705634537453273e-06,-0.0,9.13500720797485e-07,-0.0,-0.000321540353765957,-0.00031492121850770625,2.097169067508431,-0.0045732600944980994
1038,2025-08-22 05:09:25,111.515625,0.0095761666666666,113.0,0.004813014293461,7.278292012214853,7.278226187480756,0.004813307190128218,0.004813014293461076,-1.484375,0.018574732704811584,1.6909105845501513,0.004449557119820057,0.06384097955246303,0.18681011207231285,0.002655435202831215,0.013020199095514558,1.2414369956084368,4.947906470396365,0.0,-3.306746031739999e-05,0.00028009529491159965,0.0745107779642078,0.0002756258439390885,0.0,-5.591411865488374e-05,0.00033153996259397225,0.0,0.0,7.371296975315776e-06,0.0,-3.05875450789389e-06,-0.0,0.0002756258439390885,0.0002799383864065104,-1.5956894148906442,-0.056019686135311275
1040,2025-08-22 05:19:26,111.515625,0.0095430992063492,113.0,0.0050931095883726,7.352790126871175,7.352736965444964,0.0050933544867449825,0.005093109588372505,-1.484375,0.019387398553534253,1.7746477629478978,0.004606621925339764,0.06565141663045987,0.18888620217853533,0.0026756746528051253,0.013253747824629469,1.2721314809538025,5.10585290237802,-0.015625,-8.26587301589951e-06,-0.0003169076091040996,-0.0017911050917582827,-0.00031795406111074446,-0.0003029281023989727,-1.466901305647746e-05,-8.250943986281395e-06,8.014088944147933e-06,-1.2009061316079161e-07,4.2918590014825014e-09,3.7091961271209537e-07,1.883396667941464e-08,6.594426832643542e-07,-0.00031795406111074446,-0.0003169005729890871,0.330207283316164,-0.002220241739336881
1041,2025-08-22 05:24:26,111.5,0.0095348333333333,113.0,0.0047762019792685,7.351011700658772,7.350945860353206,0.004776490904484898,0.004776201979268466,-1.5,0.01832074820408903,1.691551554059789,0.004388186894339623,0.06260784938412944,0.1822722230380267,0.002606902901945608,0.012775468063599886,1.2350183881770107,4.924667835980064,0.0,-3.582539682540041e-05,0.0,0.013848957465353529,1.7130797491654034e-07,0.0,-6.0600505674814694e-05,6.0771813649731234e-05,0.0,0.0,2.499936760265796e-07,0.0,-6.127474532567528e-07,-0.0,1.7130797491654034e-07,-1.9144580231363285e-07,inf,-inf
1043,2025-08-22 05:34:25,111.5,0.0094990079365079,113.0,0.0047762019792685,7.364860017066146,7.364794817818559,0.004776487553270148,0.004776201979268591,-1.5,0.018320748204089302,1.6979312208713273,0.004379935230151752,0.06260784938413008,0.18227222303802748,0.0025971079398647416,0.012751444731220857,1.2373451250965533,4.9432411628618835,0.0,-5.511904761898792e-06,0.0,0.0021376823140304424,4.074896396957843e-09,0.0,-9.358835181697298e-06,9.362910078094256e-06,0.0,0.0,5.933983475547407e-09,0.0,-1.4579268046357164e-08,-0.0,4.074896396957843e-09,-4.570388173851914e-09,inf,-inf
1044,2025-08-22 05:39:25,111.5,0.009493496031746,113.0,0.0047762019792685,7.366997600930328,7.36693250013259,0.004776487039307258,0.004776201979268535,-1.5,0.018320748204089184,1.6989170363338593,0.004378664292746238,0.06260784938412982,0.1822722230380272,0.00259560093916355,0.012747744610732418,1.2377042730233698,4.946111198769991,0.0,-4.409126984129992e-05,-6.681336427050068e-05,0.0018030464625002907,-6.701247432346529e-05,0.0,-7.490740948697773e-05,7.894935163512442e-06,0.0,0.0,4.219118887913536e-09,0.0,-9.839576696272894e-08,-0.0,-6.701247432346529e-05,-6.710665097154009e-05,0.2980093206480072,0.4389641267755984
1047,2025-08-22 05:54:25,111.5,0.0094494047619047,113.0,0.004709388614998,7.368803208947519,7.36873554659509,0.004709681520874809,0.00470938861499802,-1.5,0.018125827374368964,1.6878380427277746,0.004328847123749857,0.06216913515099033,0.18175053230142624,0.0025761515181117168,0.012655319509949808,1.2335076640306624,4.9343691521416275,0.0,-4.133730158730094e-05,-4.494460772269931e-05,0.0057329933866405725,-4.495341827052175e-05,0.0,-6.977067020275774e-05,2.4817251932235994e-05,0.0,0.0,4.2335460553627275e-08,0.0,-2.923246351843215e-07,-0.0,-4.495341827052175e-05,-4.520340744515245e-05,0.019603125422307244,0.5758192930504391
1050,2025-08-22 06:09:25,111.5,0.0094080674603174,113.0,0.0046644440072753,7.374537779636235,7.374468539981731,0.0046647412331523724,0.004664444007275295,-1.5,0.01799424670782224,1.682376014124622,0.004292623108686705,0.061871637340459085,0.18139319520471753,0.002559839125992758,0.012584968734698615,1.2313940300951531,4.9323336807556,0.046875,-4.409126984129992e-05,0.0009075633275870999,0.01589496482024,0.0009086213444261981,0.0008434803144291676,-7.417809481329932e-05,6.823109329912444e-05,6.797421094532858e-05,3.11382056587688e-06,3.23371558093479e-07,9.376764154774442e-06,-8.629968720714939e-07,-1.0194040090571589e-05,0.0009086213444261981,0.000907264443176423,0.11657774250433128,-0.03293262316708123
1053,2025-08-22 06:24:25,111.546875,0.0093639761904761,113.0,0.0055720073348624,7.3904010904045405,7.390363504801971,0.005572191466744224,0.00557200733486236,-1.453125,0.021080778521246187,1.9332072661809832,0.004898948962391853,0.07079079896749164,0.20113510994047054,0.002736851052988694,0.013919190806081021,1.3415921074229513,5.492745691422252,0.0,-4.409126984119931e-05,-0.0003831081287302999,-0.06270970928482722,-0.00039244922846495204,0.0,-8.523756323215294e-05,-0.0003072116652327991,0.0,0.0,5.381343835777202e-06,-0.0,3.709436054967682e-06,-0.0,-0.00039244922846495204,-0.0003833584485742071,2.43824106933217,0.06533921499833895
1056,2025-08-22 06:39:25,111.546875,0.0093198849206349,113.0,0.0051888992061321,7.327702057051711,7.3276537955171435,0.005189124609383228,0.005188899206132049,-1.453125,0.019980449915543742,1.8360200142538439,0.0046703885642895996,0.0683876250748477,0.19858208312187361,0.0026893887666501705,0.01356174438094816,1.3078111251074456,5.331383838595632,0.0,-3.857936507940113e-05,-1.923805253050033e-05,0.011080929758163549,-1.908023879876295e-05,0.0,-7.083248642298631e-05,5.175224762422336e-05,0.0,0.0,1.6511099503472323e-07,0.0,-5.590830236871893e-07,-0.0,-1.908023879876295e-05,-1.9474210827415415e-05,-0.8203207236656573,1.2275582288834963
1059,2025-08-22 06:54:25,111.546875,0.0092813055555555,113.0,0.0051696611536016,7.338783124549389,7.338734725275307,0.0051698861963091584,0.005169661153601665,-1.453125,0.019924555548567407,1.8382398214812041,0.004649647686213868,0.06826369412934709,0.1984455258505093,0.002676414394129472,0.013516727916335227,1.3086059280258573,5.343843058390209,-0.015625,-5.511904761898792e-06,-0.00034224835427210023,-0.006655507684030226,-0.0003441923469682288,-0.00031132118044636573,-1.0132202825534234e-05,-3.094576590362976e-05,8.332970474773814e-06,-1.2616826747290886e-07,5.92769349841849e-08,1.4056357267205465e-06,4.80055862228776e-08,4.6023053125594996e-07,-0.0003441923469682288,-0.0003422191981890452,0.5680064408967178,-0.00851898415027419
1060,2025-08-22 06:59:25,111.53125,0.0092757936507936,113.0,0.0048274127993295,7.332140196499149,7.332079217591277,0.004827682191970582,0.004827412799329404,-1.46875,0.01876675180791685,1.7460004360077617,0.004417720888706979,0.06495611565491266,0.19132095946783795,0.0026065226822340323,0.013011901813507008,1.2682985716959299,5.142648621769985,0.0,-3.582539682540041e-05,-0.0003137941075976999,-0.058518099432204096,-0.00032106778870638023,0.0,-6.25511584773002e-05,-0.00025851663022908,0.0,0.0,4.462846381536038e-06,-0.0,2.658904417333655e-06,-0.0,-0.00032106778870638023,-0.0003139460379075105,2.31797886976437,0.04841719654131715
1062,2025-08-22 07:09:26,111.53125,0.0092399682539682,113.0,0.0045136186917318,7.273637979815396,7.273561118159073,0.004513943181229777,0.004513618691731749,-1.46875,0.017833333429427122,1.6616034991795399,0.004221635958972263,0.06281497754192342,0.1887323833996295,0.0025613255581903613,0.012684226717276936,1.2365623626552456,4.992414244771794,0.015625,-8.26587301589951e-06,0.0005853710177064,0.06955590622578534,0.0005663387829455224,0.0002786458348347988,-1.3734603526992364e-05,0.0002936397148816781,7.667843938223073e-06,1.199928178149093e-07,6.195877377568933e-06,1.378535756396118e-05,-7.109495213702149e-07,-6.447915967195548e-07,0.0005663387829455224,0.0005849642767689628,-3.2513114221899286,-0.06948429716095994
1063,2025-08-22 07:14:25,111.546875,0.0092317023809523,113.0,0.0050989897094382,7.343167218422173,7.343117024384858,0.005099220430109512,0.005098989709438229,-1.453125,0.01971868295279728,1.8280864938228227,0.00459650864382749,0.06780564269948315,0.19793660526996168,0.002655283440684279,0.013418017746481499,1.3049903846227506,5.336506230475041,-0.015625,-3.582539682540041e-05,-1.928524164900025e-05,0.07717147709061312,-1.0725772416769195e-05,-0.0003081044211374575,-6.549192407235752e-05,0.0003547193615039383,8.277055993589252e-06,-1.258447044817363e-07,7.906686459902382e-06,-1.617950389256308e-05,-3.6079053378155826e-06,2.9872258338748444e-06,-1.0725772416769195e-05,-1.9619269353370628e-05,-44.38352076690094,1.7320379513507067
1065,2025-08-22 07:24:25,111.53125,0.0091958769841269,113.0,0.0050797044677892,7.420338039856405,7.420288501475471,0.005079929631210258,0.005079704467789176,-1.46875,0.01950416793578034,1.833781116346062,0.004545167093807783,0.06660945953505942,0.19321865491753082,0.0026096970043132414,0.013184479777661637,1.300032167052658,5.319375403835245,-0.015625,-8.265873015800632e-06,-0.00032129992932539934,-0.002329434732254221,-0.0003224899035068018,-0.00030475262399656784,-1.5157801846489672e-05,-1.0587670092214827e-05,8.131037540900808e-06,-1.228451124302742e-07,7.080455286618508e-09,4.798810175123191e-07,2.503187457457334e-08,6.870200251793022e-07,-0.0003224899035068018,-0.000321290890134249,0.37036241617012244,-0.002813318748418059
1066,2025-08-22 07:29:25,111.515625,0.0091876111111111,113.0,0.0047584045384638,7.4180206692181665,7.417959066743217,0.004758671057025994,0.004758404538463861,-1.484375,0.018414664223338394,1.7465188369896458,0.004326347915407382,0.06347963262636282,0.18638311540009536,0.002541866879491793,0.012702628692332083,1.2615799743936014,5.127969530937294,0.4375,-0.005291007936508,-0.0037926081446357004,-0.599728900668584,0.004897428201439841,0.008056415597710547,-0.009240845027772938,-0.0025946358792170894,0.006075199216194879,0.002601294294524443,0.00045712267266863484,-0.0033329334242984203,0.0040032081981564525,-0.011870305775282688,0.004897428201439841,-0.00584548012731618,-229.1308781363772,54.12823852060964
1068,2025-08-25 15:34:20,111.953125,0.0038966031746031,113.0,0.0009657963938281,,6.818230166074633,,0.0009657963938280367,-1.046875,0.006952885843067244,1.0579212703162724,0.0012091992437878658,0.04551347850851146,0.2630300467485511,0.0010729670143253003,0.006988165792741058,1.093893184149037,6.113904942148895,-0.015625,-4.133333333329993e-05,-3.9214145573399995e-05,0.09327982816733638,-3.418374157921321e-05,-0.00010863884129792569,-4.372741250637059e-05,0.0001127938976806052,5.555844544496028e-06,-1.672300000181523e-07,4.66801077671923e-06,-1.0185232880495998e-05,-4.21757762103142e-06,3.94856360846797e-06,-3.418374157921321e-05,-3.996997769555343e-05,-12.828034171421654,1.927447636819446
1070,2025-08-25 15:44:19,111.9375,0.0038552698412698,113.0,0.0009265822482547,,6.911509994241969,,0.0009265822482547635,-1.0625,0.006645516446075217,1.0359123746288643,0.0011556727081150266,0.04337176899328263,0.250227716685695,0.0010249888301874241,0.006667501688307544,1.0686532449344506,5.97656019587266,0.015625,-4.133730158730007e-05,-5.3311542075200054e-05,-0.09990783633012512,-4.899289165921424e-05,0.00010383619446992527,-4.282182224804954e-05,-0.00011546075977354854,5.294405394687821e-06,1.590904977707513e-07,5.115501830920397e-06,-1.040836980322286e-05,4.413452795437992e-06,-3.860232363616271e-06,-4.899289165921424e-05,-5.373253919969498e-05,-8.100779395752655,0.7896922657031347
1073,2025-08-25 15:59:21,111.953125,0.0038139325396825,113.0,0.0008732707061795,,6.811602157911844,,0.0008732707061795027,-1.046875,0.006411949656856814,0.9944827844061684,0.0011136558371058728,0.042867555251544245,0.25360159996761295,0.0010125578033366495,0.006588313712925038,1.0502016844785553,5.883293875420287,-0.015625,-4.409126984129992e-05,-3.4329920310900014e-05,0.09835658812821002,-2.9427713390693525e-05,-0.00010018671338838772,-4.384800879977967e-05,0.00010953538848679928,5.232855865667022e-06,-1.612355549924297e-07,4.897751424559541e-06,-1.0125063411275095e-05,-4.5543748496179365e-06,4.05315465338786e-06,-2.9427713390693525e-05,-3.5156245573639156e-05,-14.279692104761455,2.4070118871693857
1076,2025-08-25 16:14:22,111.9375,0.0037698412698412,113.0,0.0008389407858686,,6.909958746040054,,0.0008389407858686694,-1.0625,0.006134137756736914,0.9756991907396049,0.0010646173765679098,0.040869095986985245,0.2412403758698912,0.0009662777952129639,0.006284178543186938,1.0267749388597116,5.759316026587107,0.0,-4.133730158730007e-05,9.129155007770004e-05,0.12126902189068467,8.877233623812947e-05,0.0,-4.033277170608766e-05,0.00012910510794421714,0.0,0.0,7.105125501367293e-06,0.0,-5.14715513595988e-06,-0.0,8.877233623812947e-05,9.073030660353689e-05,-2.7595257583274857,-0.6147814049443423
1079,2025-08-25 16:19:21,111.9375,0.0037285039682539,113.0,0.0009302323359463,,7.031227767930739,,0.0009302323359462045,-1.0625,0.0066665655369181585,1.074621119777774,0.0011396954391764908,0.04347334263539608,0.25058497655187706,0.0009927012719246394,0.006569325880862765,1.0888555110477296,6.194230573896885,0.015625,-4.133333333329993e-05,3.677227992679997e-05,-0.021006252990475538,4.127280499453387e-05,0.00010416508651434623,-4.4417672950778766e-05,-2.394073072743249e-05,5.306804520922373e-06,1.5931763747652502e-07,2.1902100425020459e-07,-2.156201897348153e-06,9.454080058517779e-07,-4.0004405789718385e-06,4.127280499453387e-05,3.628059152831586e-05,12.238906797981475,-1.3371169790474813
1082,2025-08-25 16:44:28,111.953125,0.0036871706349206,113.0,0.0009670046158731,,7.010221514940263,,0.0009670046158731837,-1.046875,0.006959867338648976,1.1191665036949205,0.0011772974246865384,0.04554715094445304,0.263147546918352,0.0010157513095697729,0.006801806981898288,1.1252447920734754,6.465957012320515,-0.015625,-4.409126984129992e-05,-0.00012733470687459998,0.01962267507947768,-0.00012959902439695756,-0.00010874792716639025,-4.934547231175693e-05,2.3101724836529788e-05,5.5599549492740525e-06,-1.673047046142273e-07,1.9555720460792866e-07,-2.085463255611138e-06,-9.7354903600608e-07,4.454566490819832e-06,-0.00012959902439695756,-0.00012800791299314704,1.7782406524778027,0.5286902016510275
1085,2025-08-25 16:49:26,111.9375,0.0036430793650793,113.0,0.0008396699089985,,7.029844190019741,,0.0008396699089985062,-1.0625,0.0061384411675553165,1.0103765128056428,0.0010472157633276598,0.04089044519301312,0.24131857180070718,0.0009340891286711615,0.006180236267434888,1.0449562079896517,5.962826178593385,0.03125,-0.00011574206349200013,-0.00014362207694779995,-0.2177343848230322,-0.00013193820859511165,0.00019182628648610364,-0.00011694306249597639,-0.0002280148800051301,1.9966037691900936e-05,1.2274097279902505e-06,2.2141771227813383e-05,-4.20515606797165e-05,2.633396960361019e-05,-2.156718144232863e-05,-0.00013193820859511165,-0.00014708120988573322,-8.13514788324281,2.4084966680926856
1094,2025-08-25 17:44:19,111.96875,0.0035273373015873,113.0,0.0006960478320507,,6.812109805196709,,0.0006960478320506645,-1.03125,0.005402615912004501,0.8884173748403571,0.0009200520353509384,0.038289858337085224,0.24123340697732729,0.0008775025821582451,0.005796503218429685,0.977748282855256,5.5971988264845365,0.0,-4.133730158730007e-05,0.00014939143665059992,0.19235594459008531,0.00014025270137278705,0.0,-3.672477695917326e-05,0.00017697747833196031,0.0,0.0,1.6234152903621975e-05,0.0,-7.774541705612367e-06,-0.0,0.00014025270137278705,0.00014871231257079667,-6.117308650820963,-0.4545937136889555
1097,2025-08-25 17:59:19,111.96875,0.003486,113.0,0.0008454392687013,,7.004465749786794,,0.0008454392687013059,-1.03125,0.006322904917861599,1.0565024333399433,0.0010516055368634352,0.043067579618439975,0.25967910878374445,0.0009335301661332623,0.006340732194010387,1.0887099271280334,6.370258388054537,0.0,-4.409126984129992e-05,-0.00022080564771439993,-0.19001147428471654,-0.0002463996523017736,0.0,-4.6582533876381426e-05,-0.00019981711842539213,0.0,0.0,1.685225476243367e-05,-0.0,9.121045398957754e-06,-0.0,-0.0002463996523017736,-0.00022042635214038217,11.591191100545629,-0.1717780219591014
1100,2025-08-25 18:14:21,111.96875,0.0034419087301587,113.0,0.0006246336209869,,6.814454275502078,,0.0006246336209868456,-1.03125,0.004947370932339847,0.8318945015573194,0.000840362215878305,0.03582911540590416,0.23117375851736108,0.0008205439456752699,0.0054221180110004255,0.9343538598750016,5.367483300557337,0.0,-4.133730158730007e-05,4.6738672736500023e-05,0.09579216837212634,4.61118449772962e-05,0.0,-3.438827389969158e-05,8.050011887698778e-05,0.0,0.0,3.764712864492038e-06,0.0,-3.6998448406630897e-06,-0.0,4.61118449772962e-05,4.617671300112515e-05,-1.3411329900994584,-1.2023442311745791
1103,2025-08-25 18:29:31,111.96875,0.0034005714285714,113.0,0.0006713722937234,,6.910246443874204,,0.0006713722937234578,-1.03125,0.005246535488660036,0.8942411803652582,0.0008801223032784267,0.03745394676999826,0.23786063647420413,0.0008341390245127364,0.005589436342143839,0.9769282414258156,5.67910179478086,0.0,-4.133333333340011e-05,-2.344819399980008e-05,0.015232191619277913,-2.3555777216553164e-05,0.0,-3.696196878849039e-05,1.3406191571937225e-05,0.0,0.0,9.67683270667034e-08,0.0,-6.150713377638587e-07,-0.0,-2.3555777216553164e-05,-2.407408022725032e-05,0.45881237912821504,2.6692299946664333
1106,2025-08-25 18:39:30,111.96875,0.003359238095238,113.0,0.0006479240997236,,6.925478635493482,,0.0006479240997235456,-1.03125,0.005097040580718259,0.8788074901506711,0.0008525399484058249,0.0366457958415264,0.23455664707205545,0.0008125544875962351,0.005456803630566866,0.9644848785225524,5.624932780910344,0.0,-4.409126984119974e-05,3.674225118290009e-05,0.08842297298051172,3.663637863599439e-05,0.0,-3.874773818670072e-05,7.538411682269511e-05,0.0,0.0,3.1765282576903055e-06,0.0,-3.760219026780099e-06,-0.0,3.663637863599439e-05,3.60526878669046e-05,-0.2881493199169416,-1.876758483204799
1109,2025-08-25 18:59:33,111.96875,0.0033151468253968,113.0,0.0006846663509065,,7.013901608473994,,0.0006846663509065118,-1.03125,0.005330779442334192,0.9323919838865212,0.0008813971161706485,0.03790610735009777,0.23969062258079019,0.0008194411567300294,0.005573313597322224,0.9997863009605555,5.895768010231258,0.0,-4.133730158730007e-05,-0.00012043284603180002,-0.10312854868042987,-0.00012943977403729337,0.0,-3.8542568635498156e-05,-9.089720540179523e-05,0.0,0.0,4.357582208586913e-06,-0.0,4.262144908108484e-06,-0.0,-0.00012943977403729337,-0.00012082004692059798,7.478796941421684,0.32150771285079927
1112,2025-08-25 19:14:30,111.96875,0.0032738095238095,113.0,0.0005642335048747,,6.910773059793564,,0.0005642335048747791,-1.03125,0.004553404947388452,0.8033351235945639,0.0007611206895898637,0.0336413556433104,0.22188644846221572,0.0007491144046854883,0.005020082081555168,0.9069068149823067,5.298513513821427,0.0,-4.133730158730007e-05,4.2795983361600034e-05,0.09913478103875839,4.224582662686046e-05,0.0,-3.320770627969947e-05,7.545353290655993e-05,0.0,0.0,3.681037619684184e-06,0.0,-3.7164717889425546e-06,-0.0,4.224582662686046e-05,4.221039245760209e-05,-1.2855335747074315,-1.368331460104688
1115,2025-08-25 19:29:30,111.96875,0.0032324722222222,113.0,0.0006070294882363,,7.009907840832322,,0.0006070294882363726,-1.03125,0.004833434279941145,0.8648966185982777,0.0007976579316571691,0.0352021815306471,0.22854626145965282,0.0007618559867129678,0.00517870570166718,0.9494587678593683,5.615245423288343,0.0,-4.133333333340011e-05,-0.00010598968718510007,-0.09797066230661944,-0.00011389613609403427,0.0,-3.5749060235453235e-05,-7.814707585858104e-05,0.0,0.0,3.656242368521335e-06,-0.0,3.844789645233256e-06,-0.0,-0.00011389613609403427,-0.00010639510408027967,7.459639818661223,0.3825059833147515
1118,2025-08-25 19:44:29,111.96875,0.0031911388888888,113.0,0.0005010398010512,,6.911937178525703,,0.0005010398010512219,-1.03125,0.004131385550561333,0.7460551414178079,0.0006888851890698495,0.03123211238855566,0.21126134932876497,0.0006952319421734606,0.0046597813418738174,0.8608658051530957,5.046492337397661,0.0,-4.409126984119974e-05,-3.046044595579996e-05,0.0026942871045303463,-3.1038464075254154e-05,0.0,-3.2894518556667e-05,1.856054481412845e-06,0.0,0.0,2.5234079484108585e-09,0.0,-1.0226615711442048e-07,-0.0,-3.1038464075254154e-05,-3.1138206824420165e-05,1.897602288203304,2.2250523501976316
1121,2025-08-25 19:59:31,111.96875,0.0031470476190476,113.0,0.0004705793550954,,6.914631465630233,,0.0004705793550954301,-1.03125,0.003923996906456502,0.7176887215716422,0.0006532815504820235,0.030021199515995134,0.20575510135400246,0.0006677561362549803,0.00447736978532495,0.8373831253296108,4.918794652722684,0.140625,-4.133730158730007e-05,0.0009391809226997,0.028650055017322984,0.0009330663267706854,0.0005518120649704455,-2.9667315129410802e-05,1.8716552363112035e-05,0.0002968404737299324,9.536455083660622e-05,2.740556831247288e-07,1.803893775222086e-05,-9.917262039349328e-07,-2.8593238782037006e-05,0.0009330663267706854,0.000921794355220059,-0.651056232215419,-1.8512479394984904
1124,2025-08-25 20:14:30,112.109375,0.0031057103174603,113.0,0.0014097602777951,,6.943281520647556,,0.0014097602777950833,-0.890625,0.010675910950563564,1.7577288852021744,0.001572454384237976,0.07292095311752962,0.43376721545704233,0.0011998102036874189,0.009353678613947772,1.594333242239326,10.455776172229882,-0.15625,-4.133730158730007e-05,-0.0010497045176265,-0.03182209327816832,-0.0011764430601209094,-0.0016681110860255568,-7.265976903631103e-05,-5.003879009088559e-05,0.000890148353485469,-0.0002757817684536249,6.07491274160296e-07,4.650838021047721e-05,2.0972488703579413e-06,6.753337077512071e-05,-0.0011764430601209094,-0.0010596965689907932,12.07373507174947,0.9518918130300369
1127,2025-08-25 20:29:30,111.953125,0.003064373015873,113.0,0.0003600557601686,,6.911459427369388,,0.00036005576016869727,-1.046875,0.003107280357499167,0.5895153536646628,0.00052275354031859,0.02468229794327735,0.17652217257062255,0.0005662858658753502,0.0037386142436205147,0.7239026227596645,4.21607952516303,0.046875,-4.409126984129992e-05,0.0001520197316011,0.016367283574491687,0.00015836432798672809,0.00014565376675777347,-2.5992480534018004e-05,8.556055433963837e-06,2.7116782408385763e-05,3.030203920623022e-06,7.58505859797643e-08,2.8683262266080026e-06,-5.224074525502081e-07,-8.713701563266068e-06,0.00015836432798672809,0.00015207239578349956,4.173534789731326,0.034642991304423276
1130,2025-08-25 20:44:31,112.0,0.0030202817460317,113.0,0.0005120754917697,,6.927826710943879,,0.0005120754917697203,-1.0,0.004313257824029119,0.7988217195529476,0.0006965147249102334,0.03328785633237348,0.22963830821317935,0.0006935723904858669,0.004804949332781187,0.9107534528723531,5.510720378340508,-0.078125,-4.133730158730007e-05,-0.00030744546180010005,-0.1064185866001992,-0.000360780051835887,-0.00033697326750227496,-3.302113433564583e-05,-7.41221125711736e-05,0.00010158647562369837,-1.8250013050490965e-05,3.927324383349387e-06,3.9948118490636266e-05,4.0064565422854524e-06,1.7796742987714214e-05,-0.000360780051835887,-0.0002951014094319017,17.34765890623713,-4.015038080550493
1133,2025-08-25 20:59:28,111.921875,0.0029789444444444,113.0,0.0002046300299696,,6.82140812434368,,0.00020463002996958662,-1.078125,0.001891154894890439,0.3765648273849875,0.00032889564150498715,0.0161853345330367,0.12588683789183433,0.0004043075445201896,0.002558095553784084,0.5181101004057457,2.928858546854294,0.03125,-4.133333333329993e-05,4.884144549059999e-05,0.0011978087238944113,5.2471153947909704e-05,5.909859046532622e-05,-1.5564679531900237e-05,3.939540686455224e-07,7.902995377459327e-06,6.402935683788774e-07,2.900392633805399e-10,9.575341158994003e-08,-2.5651334325736813e-08,-3.783108956350406e-06,5.2471153947909704e-05,4.8758437108086885e-05,7.431615548741877,-0.16995480309665023
1136,2025-08-25 21:14:30,111.953125,0.0029376111111111,113.0,0.0002534714754602,,6.822605933067575,,0.00025347147546019196,-1.046875,0.002319780456802739,0.45649194868430715,0.00039310370076872994,0.019613836133995994,0.15016284710888364,0.0004617975503998432,0.0030095882576564,0.6031714672168441,3.494886478525525,-0.03125,-4.133730158730007e-05,-2.446568569779999e-05,0.16743822965212374,-1.6729396215158998e-05,-7.249313927508559e-05,-1.8870145354937512e-05,6.582058772641433e-05,9.577068424802731e-06,-7.637677363529645e-07,6.473376638995717e-06,-1.5747504057618975e-05,-4.17481789245467e-06,4.514661761755835e-06,-1.6729396215158998e-05,-2.5663679764481088e-05,-31.62097959648299,4.896629840989197
1140,2025-08-25 21:34:28,111.921875,0.0028962738095238,113.0,0.0002290057897624,,6.990044162719698,,0.00022900578976230808,-1.078125,0.002078765761052355,0.426440193218994,0.00035338476673311633,0.017455339010113233,0.13298355800701686,0.00041524717085246595,0.002692263014681182,0.5620982413212526,3.248836023099025,0.0,-4.409126984129992e-05,-1.708506674439998e-05,0.0036530864611252767,-1.751134452347408e-05,0.0,-1.880228963039474e-05,1.2909451069206614e-06,0.0,0.0,2.7707451962268594e-09,0.0,-9.053672580509901e-08,-0.0,-1.751134452347408e-05,-1.759911050408295e-05,2.4950313946758174,3.0087313521994785
1143,2025-08-25 21:49:27,111.921875,0.0028521825396825,113.0,0.000211920723018,,6.993697249180824,,0.0002119207230180547,-1.078125,0.0019476786502713988,0.4052618890408135,0.00033054930539246443,0.016571129215803605,0.1280649390986539,0.000393800878808518,0.0025545499110475344,0.5407566635941835,3.1319434217869246,0.015625,-4.133730158730007e-05,-4.453159115770002e-05,-0.1881194354873168,-4.639843833243216e-05,3.0432478910490606e-05,-1.6752432929119046e-05,-6.218274873115509e-05,2.022842921851026e-06,8.142149550034454e-08,6.968094293431394e-06,-7.508757612350586e-06,4.205112993971737e-06,-2.022907652824479e-06,-4.639843833243216e-05,-4.475689631020409e-05,4.192186100247497,0.505944536556524
1146,2025-08-25 22:04:29,111.9375,0.0028108452380952,113.0,0.0001673891318603,,6.805577813693507,,0.00016738913186030175,-1.0625,0.0016161834753197217,0.3352344072248922,0.0002769175705544852,0.014475999995906834,0.11814370072422999,0.0003528388872536242,0.002260021179201477,0.4764029760797075,2.735965286739505,-0.015625,-4.133333333329993e-05,-1.3237407770799991e-05,0.09215514510609335,-1.1897867302379815e-05,-2.5252866801870652e-05,-1.385635549861768e-05,2.5519378896875423e-05,1.767089843250346e-06,-7.511374201725641e-08,1.4982546101209493e-06,-3.2542590580024427e-06,-1.8146567294353404e-06,1.7669775810178356e-06,-1.1897867302379815e-05,-1.3701550898678812e-05,-10.11935638467698,3.5062992386066805
1149,2025-08-25 22:19:30,111.921875,0.0027695119047619,113.0,0.0001541517240895,,6.8977329587996,,0.00015415172408943375,-1.078125,0.0014888438758864266,0.3176212250170373,0.0002550564857015944,0.013351398491225974,0.10923954556511428,0.00032617617675034555,0.002086841660054356,0.45223359504985594,2.5987388740960333,-0.03125,-4.409126984129992e-05,-6.58209788610956e-05,-0.0870514731138945,-7.677012058505458e-05,-4.652637112145083e-05,-1.4004323139550433e-05,-2.220304280757676e-05,6.519237544543932e-06,-5.556210610204787e-07,1.2358748424146604e-06,5.676957520724273e-06,1.7357675028528587e-06,3.5806780295263794e-06,-7.677012058505458e-05,-6.454084268953643e-05,16.634729403015026,-1.9448756212828378
1152,2025-08-25 22:34:31,111.890625,0.0027254206349206,113.0,8.83307452284044e-05,,6.810681485685706,,8.833074522846549e-05,-1.109375,0.0009038926813604263,0.20016849410925466,0.00016020227798141395,0.008630671310068134,0.07573703026460026,0.00022899193473223555,0.001405828624452675,0.3155097209946278,1.7565455515247053,0.0,-4.133730158730007e-05,6.114731903039602e-06,0.08969933881163783,6.09561300178108e-06,0.0,-8.274425409269957e-06,1.4370038411051037e-05,0.0,0.0,9.212312769247367e-07,0.0,-1.1698875245655168e-06,-0.0,6.09561300178108e-06,5.8469567541403e-06,-0.3126694933103691,-4.379180529013748
1155,2025-08-25 22:49:31,111.890625,0.0026840833333333,113.0,9.4445477131444e-05,,6.9003808244973435,,9.444547713142299e-05,-1.109375,0.0009572576967209512,0.21541865337599642,0.0001675854222894239,0.009048303994568751,0.07854226896395627,0.00023387177580112313,0.0014546968492432331,0.33184322507721276,1.8699051030410445,0.0,-4.133730158730007e-05,-9.306429745947699e-06,-0.004515132369100172,-9.66149620690192e-06,0.0,-8.90482584213362e-06,-7.566703647682994e-07,0.0,0.0,2.3839041601219073e-09,-0.0,6.193634396194803e-08,-0.0,-9.66149620690192e-06,-9.59717595877985e-06,3.815281162024875,3.1241434230860676
1158,2025-08-25 23:04:28,111.890625,0.002642746031746,113.0,8.51390473854963e-05,,6.895865692128243,,8.513904738559352e-05,-1.109375,0.0008758014968531813,0.19993054956153578,0.0001532412869008411,0.00840875244112374,0.07422956636088594,0.00021762597386922652,0.0013527612276469153,0.3129246537414919,1.7649179352297721,-0.015625,-4.133333333340011e-05,-1.9581250711553393e-05,0.0005129328459467786,-2.0890326796562313e-05,-1.3684398388330957e-05,-8.26379604855683e-06,7.860248940659522e-08,1.0264590382231128e-06,-4.7193887304233515e-08,2.862870822812876e-11,-1.0841807287240473e-08,-6.634385772712779e-09,1.1398428331710694e-06,-2.0890326796562313e-05,-1.9767931527742965e-05,6.685354803391252,0.9533651294267198
1161,2025-08-25 23:19:31,111.875,0.0026014126984126,113.0,6.55577966739429e-05,,6.89637862497419,,6.555779667396307e-05,-1.125,0.0006910677893988134,0.16202908909110025,0.0001222393817959472,0.006813665229516741,0.061955785039904454,0.00018131913668579492,0.0011115070387010576,0.26383449292229927,1.4733097497147987,0.015625,-4.409523809519988e-05,1.7028128709739603e-05,0.09658006640076877,1.6330247229311934e-05,1.079793420935646e-05,-7.144711261820419e-06,1.1805887610641508e-05,8.317462438374928e-07,3.9390427296895634e-08,8.456460920551284e-07,1.6773347437917189e-06,-1.1235975016514266e-06,-1.0150928781508342e-06,1.6330247229311934e-05,1.6714537685356518e-05,-4.098403837108067,-1.8416059082506209
1164,2025-08-25 23:34:29,111.890625,0.0025573174603174,113.0,8.25859253836825e-05,,6.992958691374959,,8.258592538358599e-05,-1.109375,0.0008532083934299382,0.20120966653807526,0.00014716431660238767,0.008229186621860828,0.07300098443202244,0.0002071055490577226,0.0013054923261432646,0.3119371940860941,1.784927771050721,0.0,-4.133333333329993e-05,-1.9594182091964312e-05,-0.09178584091067243,-2.1824266768294974e-05,0.0,-8.31666621690039e-06,-1.3507600551394585e-05,0.0,0.0,8.723949076768559e-07,-0.0,1.183431930380032e-06,-0.0,-2.1824266768294974e-05,-1.9768439930238087e-05,11.38136139525432,0.8893345864395164
1167,2025-08-25 23:49:27,111.890625,0.0025159841269841,113.0,6.29917432917182e-05,,6.901172850464286,,6.299174329167905e-05,-1.109375,0.0006757715885722276,0.16150257878179605,0.00011775909210987552,0.006782091531218607,0.06278968645181408,0.0001752566822816589,0.0010902324801123423,0.2637607557813684,1.4952166652705574,0.015625,-4.133730158730007e-05,-6.588000175611396e-06,-0.09131050021201581,-6.001978699698659e-06,1.0558931071441056e-05,-6.676080806229793e-06,-1.0752641605065578e-05,8.278920326194589e-07,3.992060753619772e-08,7.306107098365359e-07,-1.5554636422881962e-06,9.95572802527476e-07,-9.657534723538458e-07,-6.001978699698659e-06,-6.797012301976689e-06,-8.895286282507586,3.1726187127172567
1170,2025-08-26 00:04:28,111.90625,0.0024746468253968,113.0,5.64037431161068e-05,,6.809862350252271,,5.6403743116111406e-05,-1.09375,0.0006218452911594048,0.14881861580462277,0.00010815887200633745,0.006418160737716397,0.06117003966556871,0.0001655655798866518,0.0010308377681991266,0.24965939953391175,1.4183565983706992,-0.0625,-4.409126984129992e-05,-2.71299731480212e-05,0.08483797934055382,-2.6204497390560686e-05,-3.88653306974628e-05,-6.561601746850364e-06,9.175980148771261e-06,1.2535470190852337e-05,-2.4890152858711226e-06,5.95827701669264e-07,-5.465887080121257e-06,-9.338795050201821e-07,3.908571469371922e-06,-2.6204497390560686e-05,-2.8099864804660937e-05,-3.4112667654004447,3.5749819999747467
1173,2025-08-26 00:19:26,111.84375,0.0024305555555555,113.0,2.92737699680856e-05,,6.894700329592824,,2.9273769968027124e-05,-1.15625,0.00033495988214097335,0.08569463321695638,6.0419034008709354e-05,0.0036053948193519474,0.03608014167815619,0.00010139709955123958,0.0006046292892503247,0.1562444536534796,0.8575689106030184,0.015625,-4.133730158730007e-05,-3.2236671927421005e-06,-0.08379708654880602,-2.9085249526880737e-06,5.233748158452709e-06,-3.542384897702388e-06,-5.062939022023072e-06,4.4011167228417327e-07,2.2939136300504166e-08,3.5600276849767965e-07,-7.916589512695708e-07,5.412222625715625e-07,-5.53899760773271e-07,-2.9085249526880737e-06,-3.356858633661674e-06,-9.77589252276262,4.131674672231878
1176,2025-08-26 00:34:27,111.859375,0.0023892182539682,113.0,2.60501027753435e-05,,6.810903243044018,,2.6050102775324936e-05,-1.140625,0.00030606650774008773,0.07851045264351067,5.508185915715535e-05,0.003384917246106666,0.03483579260007579,9.493457413630085e-05,0.0005668735990022437,0.1468413479709729,0.8079883927363892,-0.015625,-4.133333333329993e-05,-6.896413523804798e-06,0.002975900682805843,-7.472419844869382e-06,-4.782289183438871e-06,-3.2450987092624853e-06,1.639181422759939e-07,4.1319790601888015e-07,-2.2148000462898123e-08,4.2036957628176194e-10,-2.6358742661490355e-08,-1.806205773121128e-08,5.21825836975163e-07,-7.472419844869382e-06,-6.994594438710639e-06,8.352259026758556,1.4236517947617822
1179,2025-08-26 00:49:27,111.84375,0.0023478849206349,113.0,1.91536892515387e-05,,6.813879143726824,,1.9153689251580938e-05,-1.15625,0.00023087042276913268,0.06092666916166969,4.1987480192070355e-05,0.0026245120983005516,0.02783778431570292,7.557240058415148e-05,0.00044535455496797296,0.1186022107555399,0.646239533928992,-0.03125,-4.133730158730007e-05,-5.519191958569502e-06,0.07881613195538595,-5.284044275037199e-06,-7.214700711535396e-06,-2.5185440978455946e-06,3.3092907792923707e-06,1.2815000479983162e-06,-1.415902929468939e-07,2.34727220865964e-07,-1.096910105352748e-06,-3.864114840306119e-07,8.348062034893431e-07,-5.284044275037199e-06,-5.697832440065251e-06,-4.260545480162103,3.2367144110358126
1182,2025-08-26 01:04:26,111.8125,0.0023065476190476,113.0,1.36344972929692e-05,,6.89269527568221,,1.3634497292997605e-05,-1.1875,0.00016708303945124715,0.045966015375158424,3.076381562804061e-05,0.0019350344260155258,0.02096919369560664,5.743515200293997e-05,0.00033337515862631907,0.0924860195760801,0.49811531353561367,0.0,-4.409126984129992e-05,8.896006704617016e-07,0.09527878551483049,9.044390034064199e-07,0.0,-2.0266999874354512e-06,2.931138990841871e-06,0.0,0.0,2.6069950378237167e-07,0.0,-3.8853031317281915e-07,-0.0,9.044390034064199e-07,7.766081940159723e-07,1.6679768167235265,-12.701482833537703
1185,2025-08-26 01:19:26,111.8125,0.0022624563492063,113.0,1.45240979634309e-05,,6.987974061197041,,1.4524097963487066e-05,-1.1875,0.00017668371101417263,0.04957797414998033,3.210315362195104e-05,0.0020305617631551642,0.02182564287833516,5.8638232612898395e-05,0.00034506311452073464,0.09765174083255479,0.5328925118472829,0.015625,-4.133730158730007e-05,-4.2528270540743e-06,-0.17400217980742472,-4.613007714827108e-06,2.7606829845964473e-06,-2.0494196695251036e-06,-5.586018708912102e-06,2.478713089789019e-07,1.3876370034748815e-08,8.876878061229064e-07,-9.381520952772946e-07,7.023875454099766e-07,-3.4419278868507825e-07,-4.613007714827108e-06,-4.305277247256598e-06,8.469205452588223,1.2333018134854434
1188,2025-08-26 01:34:25,111.828125,0.002221119047619,113.0,1.02712709093566e-05,,6.813971881389616,,1.0271270909271264e-05,-1.171875,0.00013154044630473254,0.03701292634424194,2.4129866439821364e-05,0.001594346616647353,0.0181172185481651,4.7156835008444246e-05,0.00027419763009098113,0.07776602847402793,0.42059315627104304,0.015625,-4.133333333329993e-05,2.380008936597799e-06,0.06842451955080264,2.3826673763240247e-06,2.055319473511446e-06,-1.5298676222274307e-06,1.6510745179698135e-06,1.9462238972746007e-07,1.1518617342735991e-08,1.1039214365985446e-07,2.931537672022514e-07,-2.1993892960914412e-07,-2.716330800914958e-07,2.3826673763240247e-06,2.2946412774854906e-06,0.11169872874621234,-3.586862965075277
1192,2025-08-26 01:54:27,111.84375,0.0021797857142857,113.0,1.26512798459544e-05,,6.882396400940419,,1.2651279845968716e-05,-1.15625,0.0001601122643286401,0.04536709369635689,2.8737241209898077e-05,0.0019155416020880227,0.021451129597164918,5.4064938640439885e-05,0.00032181305004629453,0.09194334509556971,0.5080419058852454,0.015625,-4.409523809530006e-05,-1.098643686248126e-05,-0.7775728413701053,-2.159654794593939e-05,2.5017541301350016e-06,-2.0004727982326435e-06,-2.2345298300718528e-05,2.3383076197363558e-07,1.363826090314542e-08,1.634435872310641e-05,-3.909891995538705e-06,3.152485339637656e-06,-3.500348250374988e-07,-2.159654794593939e-05,-6.359630703771525e-06,96.57463303404323,-42.11380101323208
1195,2025-08-26 02:09:30,111.859375,0.0021356904761904,113.0,1.66484298347314e-06,,6.104823559570313,,1.664842983451645e-06,-1.140625,2.6389087964616058e-05,0.00743668073562641,5.203245619325916e-06,0.00039908269809347727,0.005719015080261198,1.3931646264492616e-05,7.4564596023298e-05,0.021129814681618207,0.10657061676017195,0.0,-4.133333333329993e-05,4.838553167019202e-07,0.14391737463474286,4.41454645374136e-07,0.0,-3.073828037389765e-07,7.488374491131125e-07,0.0,0.0,1.442775965655744e-07,0.0,-1.2569249482711344e-07,-0.0,4.41454645374136e-07,4.6003974711259695e-07,-8.76308885408098,-4.922043587669167
1198,2025-08-26 02:24:27,111.859375,0.0020943571428571,113.0,2.14869830017506e-06,,6.248740934205056,,2.1486983002124473e-06,-1.140625,3.322639057425442e-05,0.00956082160713503,6.408899083934612e-06,0.0004897113516316085,0.006830417901860891,1.6317022188541867e-05,8.939032940175232e-05,0.025871839463342792,0.13335285540001038,0.015625,-4.133730158730007e-05,-1.6311530259828012e-07,-0.045519493770598274,-1.0366417492399292e-07,5.191623527227253e-07,-3.9521856619651567e-07,-2.9172984192755453e-07,5.977921772846783e-08,4.342662748884131e-09,1.690463334628274e-08,-6.357816472429363e-08,4.868182543082989e-08,-8.613198751871633e-08,-1.0366417492399292e-07,-1.8778786838989026e-07,-36.447302446358,15.125843742799328
1201,2025-08-26 02:39:26,111.875,0.0020530198412698,113.0,1.98558299757678e-06,,6.203221440434458,,1.9855829975631305e-06,-1.125,3.132939182683095e-05,0.009067410858465064,6.001905487375353e-06,0.0004712796866052366,0.006711251705027397,1.5500624523949147e-05,8.54700501218538e-05,0.02487937764188319,0.12912433595940484,-0.015625,-4.133730158730007e-05,-1.479434530438079e-06,-0.2748531718492515,-2.460724445213652e-06,-4.895217472942336e-07,-3.748222972723298e-07,-1.6496427603445435e-06,5.7529258618803296e-08,-4.2668989213481886e-09,5.854916516875474e-07,3.670580370954066e-07,2.826717377700962e-07,8.340080652834021e-08,-2.460724445213652e-06,-1.1421022121322612e-06,66.32871509934277,-22.80143604637438
1204,2025-08-26 02:54:26,111.859375,0.0020116825396825,113.0,5.06148467138701e-07,,5.928368268585206,,5.061484670988308e-07,-1.140625,8.945306716350756e-06,0.002661798949183764,1.806464857655036e-06,0.00015147288486563095,0.0024437005599278866,5.607255182018863e-06,2.9143560499673952e-05,0.00871120016733039,0.04294260050771451,-0.046875,-4.409126984129992e-05,1.658705016893689e-06,0.7716877802848785,9.818176893253447e-07,-4.193112523289417e-07,-1.1736209573174991e-07,1.3940268561664538e-06,1.6641308151741682e-07,-4.194890029783436e-08,1.6695659224858087e-06,-1.0542060708558495e-06,-2.963959214057244e-07,8.875283375028671e-08,9.818176893253447e-07,1.3895344532998661e-06,-40.808179915918586,-16.227753630233032
1207,2025-08-26 03:09:20,111.8125,0.0019675912698412,113.0,2.16485348403239e-06,,6.700056048870085,,2.1648534840553295e-06,-1.1875,3.225811994022357e-05,0.010284496463622065,6.040452589929622e-06,0.00045820113146844403,0.0061602454567025195,1.4393503652065568e-05,8.121034207027837e-05,0.026041418095602734,0.13826902262650606,0.015625,-4.133333333329993e-05,-8.360672154590136e-09,-0.014242965364453575,5.275598043538342e-08,5.040331240659932e-07,-4.250925204960352e-07,-8.60339570239915e-08,5.5932755306206546e-08,3.9165785832103215e-09,1.459947917815838e-09,-1.807306389597503e-08,1.5330823327033816e-08,-8.929874377954634e-08,5.275598043538342e-08,-3.78250559952883e-08,-731.0016642193007,352.4164480546193
1210,2025-08-26 03:24:20,111.828125,0.0019262579365079,113.0,2.1564928118778e-06,,6.685813083505631,,2.15649281195382e-06,-1.171875,3.2532148312916154e-05,0.010455532292102072,6.024712867837473e-06,0.0004678080402630858,0.006366871262445789,1.4372151914074538e-05,8.199639151381339e-05,0.026505856831980073,0.1422998801959914,0.03125,-4.133730158730007e-05,-1.02089633458036e-06,-0.3143991539001476,-1.0489330084548873e-06,1.0166296347786298e-06,-4.322034916143781e-07,-1.8941646281394333e-06,2.2842189465970986e-07,3.238358186058446e-08,7.103208139270992e-07,-8.056123785877554e-07,3.444810528595999e-07,-1.8382165823432393e-07,-1.0489330084548873e-06,-9.835651784902676e-07,2.746280197592421,-3.656703900836056
1213,2025-08-26 03:39:20,111.859375,0.0018849206349206,113.0,1.13559647729744e-06,,6.371413929605484,,1.1355964772374094e-06,-1.140625,1.8662130686818072e-05,0.005947754212164431,3.5191700836925025e-06,0.0002930295158603134,0.004368069537553408,9.391295338210663e-06,5.2458809805952416e-05,0.01680574737335711,0.08866070680536883,0.03125,-4.409126984130014e-05,8.165309992591597e-07,0.08755681338310328,7.943728351785127e-07,5.831915839630648e-07,-2.6224403591827146e-07,3.081273182812644e-07,1.4308081829116865e-07,2.2217150561286456e-08,3.599775335825377e-08,1.4353519438998388e-07,-6.487843791696439e-08,-1.2216134837737229e-07,7.943728351785127e-07,7.868659966324138e-07,-2.7136953894893345,-3.633052836164341
1216,2025-08-26 03:54:20,111.890625,0.0018408293650793,113.0,1.9521274765566e-06,,6.458970742988587,,1.9521274766059424e-06,-1.109375,3.1244493993934545e-05,0.00994497064630157,5.6687031816753165e-06,0.000476767745432443,0.00688723771470522,1.4064910773363785e-05,8.188831295810855e-05,0.026214692192673535,0.14366193510997463,0.015625,-4.133730158729985e-05,-1.6252424330787129e-06,-0.5578752031326308,-3.0227539957156346e-06,4.881952186552273e-07,-4.1109825088301234e-07,-3.162428938975708e-06,5.8199187674858764e-08,4.378787812999229e-09,2.188674115247273e-06,-7.138040504014571e-07,6.045384720941614e-07,-9.279057403525191e-08,-3.0227539957156346e-06,-1.036136032810909e-06,85.98788305013683,-36.24729383614811
1219,2025-08-26 04:09:20,111.90625,0.001799492063492,113.0,3.26885043477887e-07,,5.901095539855956,,3.2688504343578347e-07,-1.09375,6.232677341003356e-06,0.0019849701007558737,1.210601630986744e-06,0.00011400362819782937,0.0019898553704949746,3.916422285456013e-06,2.1130223616820064e-05,0.006757958038638444,0.03464629571619397,-0.03125,-4.133333333330015e-05,-7.876626284541999e-08,0.15576197738647668,-4.270598757452665e-08,-1.9477116690635488e-07,-8.20454308311769e-08,1.88565703869789e-07,5.566583408097137e-08,-1.0120927787755201e-08,4.750971456880493e-08,-1.0285266916169758e-07,-4.350882683061566e-08,4.4751465300047956e-08,-4.270598757452665e-08,-9.6806303697987e-08,-45.78137132348425,22.903258579083374
1222,2025-08-26 04:24:20,111.875,0.0017581587301587,113.0,2.48118780632467e-07,,6.056857517242433,,2.481187807027004e-07,-1.125,4.717809471453805e-06,0.0015799638396661619,9.172503101274247e-07,8.61355494562615e-05,0.00150238816797712,2.9716164828181224e-06,1.5998806784283076e-05,0.0053794653514414046,0.027557947833739476,0.0,-4.133730158729985e-05,4.821631591767071e-07,0.3892214798927309,2.9170208140255424e-07,0.0,-6.53114417373084e-08,3.570135231398626e-07,0.0,0.0,2.2509008341576408e-07,0.0,-8.655218530218622e-08,-0.0,2.9170208140255424e-07,4.302399795161321e-07,-39.50137503233654,-10.768798626015663
1225,2025-08-26 04:39:19,111.875,0.0017168214285714,113.0,7.30281939809174e-07,,6.446078997135164,,7.302819398525762e-07,-1.125,1.2652730724205867e-05,0.0043582296200241856,2.3215049041805033e-06,0.00020977264616162767,0.0033081485782846375,6.389437914109212e-06,3.6610508037012e-05,0.012671185751107242,0.06872998641687693,-0.015625,-4.409126984130014e-05,3.143645699310561e-07,0.28895784516334544,3.0446200712384484e-07,-1.9769891756571667e-07,-1.9215987820683332e-07,6.708170546481369e-07,2.5607012470901816e-08,-2.1032642226439395e-09,2.667482867786223e-07,-1.6529521113609887e-07,-1.6143747424698625e-07,4.734988089524084e-08,3.0446200712384484e-07,2.918274894146228e-07,-3.150025083737329,-7.169090499408348
1228,2025-08-26 04:54:20,111.859375,0.0016727301587301,113.0,1.04464650974023e-06,,6.735036842298509,,1.0446465097398326e-06,-1.140625,1.730072289571159e-05,0.006210889262149532,3.0851031774860753e-06,0.0002738443785130802,0.004116620928292321,7.854339163334795e-06,4.6377436613232114e-05,0.01673442859933729,0.09336644724532683,0.0,-4.133730158729985e-05,-3.118702665005891e-07,-0.03388743987083487,-3.612876509771784e-07,0.0,-2.5674140255479743e-07,-1.0454624842238096e-07,0.0,0.0,4.5097988881477715e-09,-0.0,2.3441843986233957e-08,-0.0,-3.612876509771784e-07,-3.3333600810279673e-07,15.845494035416795,6.8829073842366695
1231,2025-08-26 05:09:20,111.859375,0.0016313928571428,113.0,7.32776243239641e-07,,6.701149402427674,,7.327762432993587e-07,-1.140625,1.25337047427888e-05,0.00460619683043866,2.24275453552762e-06,0.0002051511172615527,0.0031941816826248346,5.943757160092004e-06,3.491945621174861e-05,0.012894735652679958,0.07171800835768152,0.0,-4.133730158730007e-05,-2.55177155850106e-07,-0.05117575759887849,-3.0518241001425534e-07,0.0,-1.9040774755030855e-07,-1.147746624639468e-07,0.0,0.0,7.783225675034554e-09,-0.0,2.7278397106268828e-08,-0.0,-3.0518241001425534e-07,-2.7012078723295194e-07,19.5962894866353,5.856179144666052
1234,2025-08-26 05:24:19,111.859375,0.0015900555555555,113.0,4.77599087389535e-07,,6.649973644828796,,4.775990874393357e-07,-1.140625,8.483469864547457e-06,0.0031929880896964607,1.526931901389546e-06,0.0001444067340671936,0.0023424923720565412,4.24847796457104e-06,2.476911035181002e-05,0.00936420060682069,0.051795023912811794,0.0,-4.409126984129992e-05,-1.5298020628051697e-07,-0.025331025314329736,-1.7946165011021963e-07,0.0,-1.407828994628634e-07,-3.8678750647356224e-08,0.0,0.0,1.3630409771162568e-09,-0.0,1.045866095996351e-08,-0.0,-1.7946165011021963e-07,-1.6763994817313984e-07,17.310372677328022,9.582770378634198
1237,2025-08-26 05:39:20,111.859375,0.0015459642857142,113.0,3.24618881109018e-07,,6.624642619514466,,3.2461888111642936e-07,-1.140625,5.959668779982005e-06,0.0023035351298536164,1.075132122946949e-06,0.00010497839457952224,0.0017648932724149467,3.1121519313954105e-06,1.807508543397374e-05,0.007015694555987762,0.03872695586300364,0.03125,-4.133333333330015e-05,1.15748036932928e-07,0.007570697212219812,1.5940205688867775e-07,1.8623964937443767e-07,-9.521278536720637e-08,8.139499765962436e-09,5.125898172828234e-08,8.976711387201674e-09,8.918720397892511e-11,4.276281215800623e-09,-2.195366234292731e-09,-5.002231798967288e-08,1.5940205688867775e-07,1.1154984108449168e-07,37.714695741272706,-3.627012569439114
1240,2025-08-26 05:54:20,111.890625,0.0015046309523809,113.0,4.40366918041946e-07,,6.632213316726686,,4.4036691803123064e-07,-1.109375,8.079728902225748e-06,0.0031249577027700737,1.4179001367795516e-06,0.00014208792318685535,0.0023817083376266104,3.975547468560978e-06,2.3767147143453913e-05,0.009233021211973254,0.052381213325430005,0.03125,-4.133730158729985e-05,1.2202488619550406e-07,-0.011309044075012764,1.8877197783444814e-07,2.524915281945546e-07,-1.2917731900696228e-07,-1.6035095140806576e-08,6.937886874358172e-08,1.211399504408066e-08,2.5422528391041427e-10,-8.399491080707313e-09,4.316302296806032e-09,-6.766556289818719e-08,1.8877197783444814e-07,1.172774514362701e-07,54.69957294777083,-3.8905463526741513
1244,2025-08-26 06:14:19,111.921875,0.0014632936507936,113.0,5.6239180423745e-07,,6.620904272651673,,5.623918042786309e-07,-1.078125,1.0367405095941191e-05,0.004011413026009283,1.7731339919582435e-06,0.00018301755898184863,0.0030760668514811713,4.8528444910944536e-06,2.9801942099108545e-05,0.011584603267830952,0.0674218075334003,-0.015625,-4.133730158730007e-05,-3.6141679515822e-07,-0.12584259700775302,-5.305621810788365e-07,-1.619907046240811e-07,-1.6582099004736974e-07,-2.2313578639074962e-07,2.2341010617901444e-08,-1.955710634537488e-09,3.842569430390243e-08,5.8599277962914155e-08,6.026302956755261e-08,4.3547431118266685e-08,-5.305621810788365e-07,-3.2972674812620064e-07,46.80064351922786,-8.768282895692824
1247,2025-08-26 06:29:20,111.90625,0.0014219563492063,113.0,2.0097500907923e-07,,6.49506167564392,,2.009750091474131e-07,-1.09375,3.989964470876499e-06,0.001605182413551817,7.02841462812749e-07,7.610055600510699e-05,0.001387564155460791,2.1580296289874755e-06,1.2815118206299997e-05,0.005175748541496845,0.02926777013128618,0.015625,-4.409126984129992e-05,7.173204608079599e-08,0.10217913990020744,7.355620825801979e-08,6.234319485744529e-08,-7.077453094042225e-08,7.181573615641032e-08,9.289618652967162e-09,8.821895316192569e-10,1.1265536856432224e-08,2.0459964938112856e-08,-2.3317823887782998e-08,-2.0163330476744953e-08,7.355620825801979e-08,6.180055568803692e-08,2.5430226473243778,-13.845262940879522
1250,2025-08-26 06:44:19,111.921875,0.001377865079365,113.0,2.72707055160026e-07,,6.597240815544128,,2.7270705520473106e-07,-1.078125,5.3495122254443535e-06,0.0021918510069380624,9.155569869498173e-07,0.00010072014690553237,0.0018107316777814402,2.689861442767782e-06,1.645974603908269e-05,0.0067717880962394434,0.03940476829290541,-0.015625,-4.133333333330015e-05,-1.1740641525648198e-07,0.02730740299225154,-1.3803744559312294e-07,-8.358612852256802e-08,-9.059650828670051e-08,2.5001483605010245e-08,1.2294939807804245e-08,-1.1512321966689048e-09,1.0029071165875048e-09,-7.023014347489798e-09,-7.643357789575747e-09,2.544891285581431e-08,-1.3803744559312294e-07,-1.262519977577867e-07,17.572319444019424,7.534156018630633
1253,2025-08-26 06:59:19,111.90625,0.0013365317460317,113.0,1.55300639903544e-07,,6.624548218536379,,1.5530063998622112e-07,-1.09375,3.1481155925074848e-06,0.0013462276821990065,5.432147145102001e-07,6.135302510475903e-05,0.00114409539409753,1.6724747973281228e-06,1.0129727944399547e-05,0.004348046609519718,0.025104106732807302,0.046875,-4.133730158729985e-05,1.0229089753011101e-07,-0.025471988677978175,1.6512588523471696e-07,1.4756791839878836e-07,-5.564941970423199e-08,-1.3836759057714963e-08,6.740444652622453e-08,1.963969907165102e-08,5.425693947536416e-10,-1.2094889789566142e-08,4.578246449967398e-09,-4.8643876457522824e-08,1.6512588523471696e-07,1.0950793483234901e-07,61.42774110092193,7.055405198799369
1256,2025-08-26 07:14:20,111.953125,0.0012951944444444,113.0,2.57591537433655e-07,,6.599076229858401,,2.575915375186374e-07,-1.046875,5.21583912147946e-06,0.0022073608879129678,8.664732636283184e-07,0.00010137644283573922,0.0018816143381190902,2.55129345781809e-06,1.6082321206333713e-05,0.0068339751426677985,0.04097008910472529,-0.03125,-4.409126984130014e-05,-1.9843436405153662e-07,-0.11196803054809834,-3.1740779114243835e-07,-1.6299497254623311e-07,-9.732534454610253e-08,-9.701730485104602e-08,4.950021622838829e-08,-9.570385427444917e-09,1.5992578764414e-08,5.627205725359697e-08,3.3738054923823774e-08,5.64507266918298e-08,-3.1740779114243835e-07,-1.549543735087738e-07,59.956060362610586,-21.911522608790857
1259,2025-08-26 07:29:20,111.921875,0.0012511031746031,113.0,5.91571733821184e-08,,6.487108199310303,,5.9157173392236576e-08,-1.078125,1.3095508368085456e-06,0.0005878878333887684,2.2676000216596486e-07,2.7939728700932865e-05,0.0005721315429639892,7.717171201375681e-07,4.643443438926426e-06,0.002091343290459888,0.01203838365099238,0.078125,-4.133730158729985e-05,3.270448303283046e-07,0.17155108661651575,2.476421024165285e-07,1.0230865912566762e-07,-2.4301696668295807e-08,3.890092477273474e-08,8.526528534220235e-08,4.546892984421963e-08,1.135573072785575e-08,6.223341934298117e-08,-1.4830675209878688e-08,-3.887767934411655e-08,2.476421024165285e-07,2.6752289793337025e-07,-24.278851260870727,-18.19993067469776
1262,2025-08-26 07:44:20,112.0,0.0012097658730158,113.0,3.86202003710423e-07,,6.658659285926818,,3.862020036783747e-07,-1.0,7.87959928613002e-06,0.003416281395507868,1.241361201237361e-06,0.00015410262800505425,0.0028729967156777042,3.4756533799133637e-06,2.3143191652823052e-05,0.01007821157711809,0.06369109570800464,0.015625,-4.133730158730007e-05,-3.0726103261713433e-07,-0.4341123048782336,-5.363533296860839e-07,1.2311873884578157e-07,-1.4121985435319108e-07,-5.388901722555636e-07,1.8811355957648223e-08,1.8266021192408906e-09,3.274995103796734e-07,-1.5698037922883926e-07,1.8085382189211675e-07,-4.1137781745427825e-08,-5.363533296860839e-07,-2.261181583885608e-07,74.55950242620331,-26.408449368743227
1265,2025-08-26 07:59:19,112.015625,0.0011684285714285,113.0,7.89409710932887e-08,,6.224546981048585,,7.894097100534379e-08,-0.984375,1.8595631443769372e-06,0.0008171010568994128,3.067610296885785e-07,4.21784163490511e-05,0.0009171348118344176,1.0548626661552998e-06,6.670265116482877e-06,0.002941045529776735,0.01776718731844957,0.078125,-4.133333333329993e-05,1.4071029852402733e-07,-0.10486903381347545,2.8094076534703966e-07,1.452783706544482e-07,-3.3773510351815106e-08,-3.216973279506809e-08,1.2871831161209443e-07,7.288732622738024e-08,5.800433602985402e-09,-5.464877015978817e-08,1.274821692850029e-08,-5.73732090491137e-08,2.8094076534703966e-07,1.874674366696235e-07,99.65899318951908,33.22936461371522
1268,2025-08-26 08:14:20,112.09375,0.0011270952380952,113.0,2.19651269617316e-07,,6.119677947235109,,2.1965126957134568e-07,-0.90625,5.1442123135048646e-06,0.0021655639708562133,7.976880026653464e-07,0.0001156495314727842,0.0024829852918982686,2.536195814500307e-06,1.7126291416129666e-05,0.007239135188837754,0.046494468415258325,-0.046875,-4.409126984130014e-05,5.952576032086601e-08,0.5028601078033423,1.4894116003066048e-07,-2.4113495219554053e-07,-9.548246539761872e-08,4.011254750137289e-07,1.2705637002625219e-07,-4.262326741616138e-08,3.206617468480772e-07,-4.0369353505248846e-07,-1.605042283395683e-07,9.609375717304505e-08,1.4894116003066048e-07,1.4989006597259976e-09,150.2129485248272,-97.48192941737096
1271,2025-08-26 08:29:20,112.046875,0.0010830039682539,113.0,2.79177029938182e-07,,6.622538055038452,,2.791770299993517e-07,-0.953125,6.118806306159927e-06,0.00282139515167748,9.227828122344505e-07,0.0001286604263619757,0.002581760037860354,2.6649912239220033e-06,1.8516989688411244e-05,0.00857420155114678,0.05661542915395337,-0.015625,-4.409126984129992e-05,-2.760439201665573e-07,-0.8552668880462635,-9.951666480313986e-07,-9.560634853374886e-08,-1.243988949615471e-07,-7.892255841623379e-07,1.5705618452389612e-08,-1.6414388261542982e-09,9.746958220738346e-07,2.474526272936287e-07,3.2333145263796176e-07,3.9003846312624323e-08,-9.951666480313986e-07,5.893171002866508e-07,260.5102577267206,-313.4867161468628
1274,2025-08-26 08:44:19,112.03125,0.0010389126984126,113.0,3.13310977162473e-09,,5.767271166992188,,3.133109776659032e-09,-0.96875,9.372614514938671e-08,4.5206066416190656e-05,1.6286786275581925e-08,2.718228559259191e-06,7.620402111944813e-05,7.669528379824984e-08,4.565909666001852e-07,0.00022071598791228577,0.00126732685085371,-0.015625,-3.85833333333e-05,6.606190083857657e-08,0.923602455902099,1.2117209853540578e-08,-1.4644710179591674e-09,-1.7442007292231827e-09,1.5042515802880066e-08,3.318150096751942e-10,-4.844921183233142e-11,3.2712129834731217e-08,-6.589195907728817e-09,-7.865360216001096e-09,7.640264738864073e-10,1.2117209853540578e-08,3.113881003842829e-08,-81.6577941298583,-52.86419306262997
1277,2025-08-26 08:59:20,112.015625,0.0010003293650793,113.0,6.91950106102013e-08,,6.690873622894287,,6.919501053535787e-08,-0.984375,1.6465157243086824e-06,0.0008447137441165448,2.525804583827549e-07,3.773756744221324e-05,0.0008295179835162281,8.16825710307452e-07,5.552028037686879e-06,0.0028579877076424223,0.018567843376258282,,,,,,,,,,,,,,,,,,
